Date,Config 1 - SummerCropDemand (ML)
11/01/1998,44.275
12/01/1998,48.875
13/01/1998,58.65
14/01/1998,96.6
15/01/1998,44.85
16/01/1998,36.8
17/01/1998,55.2
18/01/1998,13.8
19/01/1998,24.725
20/01/1998,21.85
21/01/1998,24.15
22/01/1998,42.55
23/01/1998,58.075
24/01/1998,52.325
25/01/1998,36.8
26/01/1998,56.35
27/01/1998,32.2
28/01/1998,44.85
29/01/1998,43.125
30/01/1998,44.85
31/01/1998,51.75
1/02/1998,40.25
2/02/1998,39.675
3/02/1998,70.15
4/02/1998,73.6
5/02/1998,43.125
6/02/1998,52.325
7/02/1998,49.45
8/02/1998,44.07
9/02/1998,38.295
10/02/1998,61.04
11/02/1998,50.29
12/02/1998,35.7
13/02/1998,28.84
14/02/1998,35.35
15/02/1998,41.58
16/02/1998,27.645
17/02/1998,39.9
18/02/1998,32.55
19/02/1998,34.125
20/02/1998,20.915
21/02/1998,24.795
22/02/1998,30.175
23/02/1998,21.58
24/02/1998,28.35
25/02/1998,23.305
26/02/1998,36.96
27/02/1998,28.125
28/02/1998,26.645
1/03/1998,19.88
2/03/1998,24.15
3/03/1998,29.815
4/03/1998,27.625
5/03/1998,28.98
6/03/1998,24.4
7/03/1998,26.55
8/03/1998,20.805
9/03/1998,27.225
10/03/1998,0
11/03/1998,0
12/03/1998,0
13/03/1998,0
14/03/1998,0
15/03/1998,0
16/03/1998,0
17/03/1998,0
18/03/1998,0
19/03/1998,0
20/03/1998,0
21/03/1998,0
22/03/1998,0
23/03/1998,0
24/03/1998,0
25/03/1998,0
26/03/1998,0
27/03/1998,0
28/03/1998,0
29/03/1998,0
30/03/1998,0
31/03/1998,0
1/04/1998,0
2/04/1998,0
3/04/1998,0
4/04/1998,0
5/04/1998,0
6/04/1998,0
7/04/1998,0
8/04/1998,0
9/04/1998,0
10/04/1998,0
11/04/1998,0
12/04/1998,0
13/04/1998,0
14/04/1998,0
15/04/1998,0
16/04/1998,0
17/04/1998,0
18/04/1998,0
19/04/1998,0
20/04/1998,0
21/04/1998,0
22/04/1998,0
23/04/1998,0
24/04/1998,0
25/04/1998,0
26/04/1998,0
27/04/1998,0
28/04/1998,0
29/04/1998,0
30/04/1998,0
1/05/1998,0
2/05/1998,0
3/05/1998,0
4/05/1998,0
5/05/1998,0
6/05/1998,0
7/05/1998,0
8/05/1998,0
9/05/1998,0
10/05/1998,0
11/05/1998,0
12/05/1998,0
13/05/1998,0
14/05/1998,0
15/05/1998,0
16/05/1998,0
17/05/1998,0
18/05/1998,0
19/05/1998,0
20/05/1998,0
21/05/1998,0
22/05/1998,0
23/05/1998,0
24/05/1998,0
25/05/1998,0
26/05/1998,0
27/05/1998,0
28/05/1998,0
29/05/1998,0
30/05/1998,0
31/05/1998,0
1/06/1998,0
2/06/1998,0
3/06/1998,0
4/06/1998,0
5/06/1998,0
6/06/1998,0
7/06/1998,0
8/06/1998,0
9/06/1998,0
10/06/1998,0
11/06/1998,0
12/06/1998,0
13/06/1998,0
14/06/1998,0
15/06/1998,0
16/06/1998,0
17/06/1998,0
18/06/1998,0
19/06/1998,0
20/06/1998,0
21/06/1998,0
22/06/1998,0
23/06/1998,0
24/06/1998,0
25/06/1998,0
26/06/1998,0
27/06/1998,0
28/06/1998,0
29/06/1998,0
30/06/1998,0
1/07/1998,0
2/07/1998,0
3/07/1998,0
4/07/1998,0
5/07/1998,0
6/07/1998,0
7/07/1998,0
8/07/1998,0
9/07/1998,0
10/07/1998,0
11/07/1998,0
12/07/1998,0
13/07/1998,0
14/07/1998,0
15/07/1998,0
16/07/1998,0
17/07/1998,0
18/07/1998,0
19/07/1998,0
20/07/1998,0
21/07/1998,0
22/07/1998,0
23/07/1998,0
24/07/1998,0
25/07/1998,0
26/07/1998,0
27/07/1998,0
28/07/1998,0
29/07/1998,0
30/07/1998,0
31/07/1998,0
1/08/1998,0
2/08/1998,0
3/08/1998,0
4/08/1998,0
5/08/1998,0
6/08/1998,0
7/08/1998,0
8/08/1998,0
9/08/1998,0
10/08/1998,0
11/08/1998,0
12/08/1998,0
13/08/1998,0
14/08/1998,0
15/08/1998,0
16/08/1998,0
17/08/1998,0
18/08/1998,0
19/08/1998,0
20/08/1998,0
21/08/1998,0
22/08/1998,0
23/08/1998,0
24/08/1998,0
25/08/1998,0
26/08/1998,0
27/08/1998,0
28/08/1998,0
29/08/1998,0
30/08/1998,0
31/08/1998,0
1/09/1998,0
2/09/1998,0
3/09/1998,0
4/09/1998,0
5/09/1998,0
6/09/1998,0
7/09/1998,0
8/09/1998,0
9/09/1998,0
10/09/1998,0
11/09/1998,0
12/09/1998,0
13/09/1998,0
14/09/1998,0
15/09/1998,0
16/09/1998,0
17/09/1998,0
18/09/1998,0
19/09/1998,0
20/09/1998,0
21/09/1998,0
22/09/1998,0
23/09/1998,0
24/09/1998,0
25/09/1998,0
26/09/1998,0
27/09/1998,0
28/09/1998,0
29/09/1998,0
30/09/1998,0
1/10/1998,0
2/10/1998,0
3/10/1998,0
4/10/1998,0
5/10/1998,0
6/10/1998,0
7/10/1998,0
8/10/1998,0
9/10/1998,0
10/10/1998,0
11/10/1998,0
12/10/1998,0
13/10/1998,0
14/10/1998,0
15/10/1998,0
16/10/1998,0
17/10/1998,0
18/10/1998,0
19/10/1998,0
20/10/1998,0
21/10/1998,0
22/10/1998,0
23/10/1998,0
24/10/1998,0
25/10/1998,9.75
26/10/1998,10.2
27/10/1998,5.25
28/10/1998,6.45
29/10/1998,10.8
30/10/1998,6
31/10/1998,6
1/11/1998,7.8
2/11/1998,4.35
3/11/1998,9.9
4/11/1998,6.45
5/11/1998,9.45
6/11/1998,8.4
7/11/1998,9.3
8/11/1998,14.1
9/11/1998,15.15
10/11/1998,13.8
11/11/1998,5.85
12/11/1998,10.2
13/11/1998,6.15
14/11/1998,7.65
15/11/1998,11.022
16/11/1998,22.08
17/11/1998,14.472
18/11/1998,19.62
19/11/1998,13.16
20/11/1998,11.088
21/11/1998,18.292
22/11/1998,17.16
23/11/1998,13.938
24/11/1998,26.56
25/11/1998,27.971
26/11/1998,24.072
27/11/1998,29.68
28/11/1998,21.728
29/11/1998,18.225
30/11/1998,16.458
1/12/1998,46.534
2/12/1998,37.848
3/12/1998,39.259
4/12/1998,34.3
5/12/1998,30.927
6/12/1998,31.44
7/12/1998,37.87
8/12/1998,38.502
9/12/1998,44.85
10/12/1998,56.35
11/12/1998,47.725
12/12/1998,29.325
13/12/1998,47.725
14/12/1998,55.2
15/12/1998,37.95
16/12/1998,93.725
17/12/1998,63.25
18/12/1998,60.375
19/12/1998,40.825
20/12/1998,51.75
21/12/1998,20.125
22/12/1998,34.5
23/12/1998,46.575
24/12/1998,40.825
25/12/1998,44.85
26/12/1998,44.85
27/12/1998,55.2
28/12/1998,66.125
29/12/1998,58.075
30/12/1998,27.6
31/12/1998,37.95
1/01/1999,53.475
2/01/1999,50.6
3/01/1999,49.45
4/01/1999,37.95
5/01/1999,54.625
6/01/1999,43.7
7/01/1999,66.125
8/01/1999,39.1
9/01/1999,53.475
10/01/1999,52.325
11/01/1999,67.85
12/01/1999,47.725
13/01/1999,81.075
14/01/1999,61.525
15/01/1999,35.65
16/01/1999,18.4
17/01/1999,28.75
18/01/1999,30.475
19/01/1999,38.525
20/01/1999,36.8
21/01/1999,55.2
22/01/1999,70.15
23/01/1999,35.075
24/01/1999,46
25/01/1999,64.4
26/01/1999,58.075
27/01/1999,42.55
28/01/1999,49.45
29/01/1999,32.2
30/01/1999,53.475
31/01/1999,35.075
1/02/1999,39.675
2/02/1999,10.925
3/02/1999,12.65
4/02/1999,36.8
5/02/1999,37.95
6/02/1999,44.275
7/02/1999,43.125
8/02/1999,44.07
9/02/1999,42.735
10/02/1999,51.23
11/02/1999,29.96
12/02/1999,40.95
13/02/1999,41.2
14/02/1999,55.55
15/02/1999,47.52
16/02/1999,56.745
17/02/1999,38
18/02/1999,55.8
19/02/1999,30.03
20/02/1999,46.28
21/02/1999,30.45
22/02/1999,28.05
23/02/1999,36.935
24/02/1999,38.07
25/02/1999,39.895
26/02/1999,24.255
27/02/1999,26.25
28/02/1999,23.36
1/03/1999,35.855
2/03/1999,27.6
3/03/1999,21.44
4/03/1999,22.75
5/03/1999,23.625
6/03/1999,23.79
7/03/1999,21.535
8/03/1999,30.21
9/03/1999,36.025
10/03/1999,0
11/03/1999,0
12/03/1999,0
13/03/1999,0
14/03/1999,0
15/03/1999,0
16/03/1999,0
17/03/1999,0
18/03/1999,0
19/03/1999,0
20/03/1999,0
21/03/1999,0
22/03/1999,0
23/03/1999,0
24/03/1999,0
25/03/1999,0
26/03/1999,0
27/03/1999,0
28/03/1999,0
29/03/1999,0
30/03/1999,0
31/03/1999,0
1/04/1999,0
2/04/1999,0
3/04/1999,0
4/04/1999,0
5/04/1999,0
6/04/1999,0
7/04/1999,0
8/04/1999,0
9/04/1999,0
10/04/1999,0
11/04/1999,0
12/04/1999,0
13/04/1999,0
14/04/1999,0
15/04/1999,0
16/04/1999,0
17/04/1999,0
18/04/1999,0
19/04/1999,0
20/04/1999,0
21/04/1999,0
22/04/1999,0
23/04/1999,0
24/04/1999,0
25/04/1999,0
26/04/1999,0
27/04/1999,0
28/04/1999,0
29/04/1999,0
30/04/1999,0
1/05/1999,0
2/05/1999,0
3/05/1999,0
4/05/1999,0
5/05/1999,0
6/05/1999,0
7/05/1999,0
8/05/1999,0
9/05/1999,0
10/05/1999,0
11/05/1999,0
12/05/1999,0
13/05/1999,0
14/05/1999,0
15/05/1999,0
16/05/1999,0
17/05/1999,0
18/05/1999,0
19/05/1999,0
20/05/1999,0
21/05/1999,0
22/05/1999,0
23/05/1999,0
24/05/1999,0
25/05/1999,0
26/05/1999,0
27/05/1999,0
28/05/1999,0
29/05/1999,0
30/05/1999,0
31/05/1999,0
1/06/1999,0
2/06/1999,0
3/06/1999,0
4/06/1999,0
5/06/1999,0
6/06/1999,0
7/06/1999,0
8/06/1999,0
9/06/1999,0
10/06/1999,0
11/06/1999,0
12/06/1999,0
13/06/1999,0
14/06/1999,0
15/06/1999,0
16/06/1999,0
17/06/1999,0
18/06/1999,0
19/06/1999,0
20/06/1999,0
21/06/1999,0
22/06/1999,0
23/06/1999,0
24/06/1999,0
25/06/1999,0
26/06/1999,0
27/06/1999,0
28/06/1999,0
29/06/1999,0
30/06/1999,0
1/07/1999,0
2/07/1999,0
3/07/1999,0
4/07/1999,0
5/07/1999,0
6/07/1999,0
7/07/1999,0
8/07/1999,0
9/07/1999,0
10/07/1999,0
11/07/1999,0
12/07/1999,0
13/07/1999,0
14/07/1999,0
15/07/1999,0
16/07/1999,0
17/07/1999,0
18/07/1999,0
19/07/1999,0
20/07/1999,0
21/07/1999,0
22/07/1999,0
23/07/1999,0
24/07/1999,0
25/07/1999,0
26/07/1999,0
27/07/1999,0
28/07/1999,0
29/07/1999,0
30/07/1999,0
31/07/1999,0
1/08/1999,0
2/08/1999,0
3/08/1999,0
4/08/1999,0
5/08/1999,0
6/08/1999,0
7/08/1999,0
8/08/1999,0
9/08/1999,0
10/08/1999,0
11/08/1999,0
12/08/1999,0
13/08/1999,0
14/08/1999,0
15/08/1999,0
16/08/1999,0
17/08/1999,0
18/08/1999,0
19/08/1999,0
20/08/1999,0
21/08/1999,0
22/08/1999,0
23/08/1999,0
24/08/1999,0
25/08/1999,0
26/08/1999,0
27/08/1999,0
28/08/1999,0
29/08/1999,0
30/08/1999,0
31/08/1999,0
1/09/1999,0
2/09/1999,0
3/09/1999,0
4/09/1999,0
5/09/1999,0
6/09/1999,0
7/09/1999,0
8/09/1999,0
9/09/1999,0
10/09/1999,0
11/09/1999,0
12/09/1999,0
13/09/1999,0
14/09/1999,0
15/09/1999,0
16/09/1999,0
17/09/1999,0
18/09/1999,0
19/09/1999,0
20/09/1999,0
21/09/1999,0
22/09/1999,0
23/09/1999,0
24/09/1999,0
25/09/1999,0
26/09/1999,0
27/09/1999,0
28/09/1999,0
29/09/1999,0
30/09/1999,0
1/10/1999,0
2/10/1999,0
3/10/1999,0
4/10/1999,0
5/10/1999,0
6/10/1999,0
7/10/1999,0
8/10/1999,0
9/10/1999,0
10/10/1999,0
11/10/1999,0
12/10/1999,0
13/10/1999,0
14/10/1999,0
15/10/1999,0
16/10/1999,0
17/10/1999,0
18/10/1999,0
19/10/1999,0
20/10/1999,0
21/10/1999,0
22/10/1999,0
23/10/1999,0
24/10/1999,0
25/10/1999,9.3
26/10/1999,17.25
27/10/1999,5.85
28/10/1999,6.45
29/10/1999,5.4
30/10/1999,8.85
31/10/1999,9.9
1/11/1999,8.4
2/11/1999,4.05
3/11/1999,6.3
4/11/1999,7.5
5/11/1999,7.95
6/11/1999,6.3
7/11/1999,6
8/11/1999,6.3
9/11/1999,8.85
10/11/1999,11.4
11/11/1999,11.1
12/11/1999,8.1
13/11/1999,5.7
14/11/1999,5.85
15/11/1999,7.348
16/11/1999,9.752
17/11/1999,9.246
18/11/1999,14.17
19/11/1999,11.28
20/11/1999,13.608
21/11/1999,12.105
22/11/1999,14.014
23/11/1999,11.817
24/11/1999,17.28
25/11/1999,20.557
26/11/1999,24.78
27/11/1999,23.373
28/11/1999,22.116
29/11/1999,42.12
30/11/1999,40.512
1/12/1999,31.608
2/12/1999,21.888
3/12/1999,26.961
4/12/1999,20.58
5/12/1999,47.151
6/12/1999,59.212
7/12/1999,40.575
8/12/1999,36.27
9/12/1999,47.725
10/12/1999,39.675
11/12/1999,26.45
12/12/1999,31.625
13/12/1999,29.325
14/12/1999,58.075
15/12/1999,34.5
16/12/1999,28.75
17/12/1999,37.95
18/12/1999,39.1
19/12/1999,46
20/12/1999,75.325
21/12/1999,46
22/12/1999,41.975
23/12/1999,48.875
24/12/1999,21.85
25/12/1999,37.95
26/12/1999,43.125
27/12/1999,37.375
28/12/1999,25.875
29/12/1999,26.45
30/12/1999,30.475
31/12/1999,40.25
1/01/2000,40.825
2/01/2000,43.7
3/01/2000,40.825
4/01/2000,48.875
5/01/2000,57.5
6/01/2000,66.125
7/01/2000,55.2
8/01/2000,51.75
9/01/2000,41.975
10/01/2000,34.5
11/01/2000,48.875
12/01/2000,44.275
13/01/2000,35.075
14/01/2000,44.85
15/01/2000,41.4
16/01/2000,36.8
17/01/2000,40.25
18/01/2000,28.75
19/01/2000,31.05
20/01/2000,30.475
21/01/2000,27.6
22/01/2000,35.65
23/01/2000,47.725
24/01/2000,56.925
25/01/2000,36.8
26/01/2000,54.05
27/01/2000,41.4
28/01/2000,33.35
29/01/2000,39.675
30/01/2000,48.875
31/01/2000,69
1/02/2000,48.875
2/02/2000,39.675
3/02/2000,23
4/02/2000,44.85
5/02/2000,44.85
6/02/2000,36.8
7/02/2000,40.25
8/02/2000,42.375
9/02/2000,35.52
10/02/2000,35.97
11/02/2000,47.615
12/02/2000,40.95
13/02/2000,36.05
14/02/2000,41.41
15/02/2000,22.275
16/02/2000,12.61
17/02/2000,37.05
18/02/2000,33.945
19/02/2000,31.85
20/02/2000,37.825
21/02/2000,34.8
22/02/2000,27.2
23/02/2000,32.37
24/02/2000,31.185
25/02/2000,23.305
26/02/2000,25.41
27/02/2000,33.75
28/02/2000,47.815
29/02/2000,31.95
1/03/2000,31.74
2/03/2000,23.45
3/03/2000,20.475
4/03/2000,32.76
5/03/2000,17.995
6/03/2000,23.6
7/03/2000,26.22
8/03/2000,19.25
9/03/2000,0
10/03/2000,0
11/03/2000,0
12/03/2000,0
13/03/2000,0
14/03/2000,0
15/03/2000,0
16/03/2000,0
17/03/2000,0
18/03/2000,0
19/03/2000,0
20/03/2000,0
21/03/2000,0
22/03/2000,0
23/03/2000,0
24/03/2000,0
25/03/2000,0
26/03/2000,0
27/03/2000,0
28/03/2000,0
29/03/2000,0
30/03/2000,0
31/03/2000,0
1/04/2000,0
2/04/2000,0
3/04/2000,0
4/04/2000,0
5/04/2000,0
6/04/2000,0
7/04/2000,0
8/04/2000,0
9/04/2000,0
10/04/2000,0
11/04/2000,0
12/04/2000,0
13/04/2000,0
14/04/2000,0
15/04/2000,0
16/04/2000,0
17/04/2000,0
18/04/2000,0
19/04/2000,0
20/04/2000,0
21/04/2000,0
22/04/2000,0
23/04/2000,0
24/04/2000,0
25/04/2000,0
26/04/2000,0
27/04/2000,0
28/04/2000,0
29/04/2000,0
30/04/2000,0
1/05/2000,0
2/05/2000,0
3/05/2000,0
4/05/2000,0
5/05/2000,0
6/05/2000,0
7/05/2000,0
8/05/2000,0
9/05/2000,0
10/05/2000,0
11/05/2000,0
12/05/2000,0
13/05/2000,0
14/05/2000,0
15/05/2000,0
16/05/2000,0
17/05/2000,0
18/05/2000,0
19/05/2000,0
20/05/2000,0
21/05/2000,0
22/05/2000,0
23/05/2000,0
24/05/2000,0
25/05/2000,0
26/05/2000,0
27/05/2000,0
28/05/2000,0
29/05/2000,0
30/05/2000,0
31/05/2000,0
1/06/2000,0
2/06/2000,0
3/06/2000,0
4/06/2000,0
5/06/2000,0
6/06/2000,0
7/06/2000,0
8/06/2000,0
9/06/2000,0
10/06/2000,0
11/06/2000,0
12/06/2000,0
13/06/2000,0
14/06/2000,0
15/06/2000,0
16/06/2000,0
17/06/2000,0
18/06/2000,0
19/06/2000,0
20/06/2000,0
21/06/2000,0
22/06/2000,0
23/06/2000,0
24/06/2000,0
25/06/2000,0
26/06/2000,0
27/06/2000,0
28/06/2000,0
29/06/2000,0
30/06/2000,0
1/07/2000,0
2/07/2000,0
3/07/2000,0
4/07/2000,0
5/07/2000,0
6/07/2000,0
7/07/2000,0
8/07/2000,0
9/07/2000,0
10/07/2000,0
11/07/2000,0
12/07/2000,0
13/07/2000,0
14/07/2000,0
15/07/2000,0
16/07/2000,0
17/07/2000,0
18/07/2000,0
19/07/2000,0
20/07/2000,0
21/07/2000,0
22/07/2000,0
23/07/2000,0
24/07/2000,0
25/07/2000,0
26/07/2000,0
27/07/2000,0
28/07/2000,0
29/07/2000,0
30/07/2000,0
31/07/2000,0
1/08/2000,0
2/08/2000,0
3/08/2000,0
4/08/2000,0
5/08/2000,0
6/08/2000,0
7/08/2000,0
8/08/2000,0
9/08/2000,0
10/08/2000,0
11/08/2000,0
12/08/2000,0
13/08/2000,0
14/08/2000,0
15/08/2000,0
16/08/2000,0
17/08/2000,0
18/08/2000,0
19/08/2000,0
20/08/2000,0
21/08/2000,0
22/08/2000,0
23/08/2000,0
24/08/2000,0
25/08/2000,0
26/08/2000,0
27/08/2000,0
28/08/2000,0
29/08/2000,0
30/08/2000,0
31/08/2000,0
1/09/2000,0
2/09/2000,0
3/09/2000,0
4/09/2000,0
5/09/2000,0
6/09/2000,0
7/09/2000,0
8/09/2000,0
9/09/2000,0
10/09/2000,0
11/09/2000,0
12/09/2000,0
13/09/2000,0
14/09/2000,0
15/09/2000,0
16/09/2000,0
17/09/2000,0
18/09/2000,0
19/09/2000,0
20/09/2000,0
21/09/2000,0
22/09/2000,0
23/09/2000,0
24/09/2000,0
25/09/2000,0
26/09/2000,0
27/09/2000,0
28/09/2000,0
29/09/2000,0
30/09/2000,0
1/10/2000,0
2/10/2000,0
3/10/2000,0
4/10/2000,0
5/10/2000,0
6/10/2000,0
7/10/2000,0
8/10/2000,0
9/10/2000,0
10/10/2000,0
11/10/2000,0
12/10/2000,0
13/10/2000,0
14/10/2000,0
15/10/2000,0
16/10/2000,0
17/10/2000,0
18/10/2000,0
19/10/2000,0
20/10/2000,0
21/10/2000,0
22/10/2000,0
23/10/2000,0
24/10/2000,0
25/10/2000,7.8
26/10/2000,4.95
27/10/2000,2.4
28/10/2000,6.75
29/10/2000,3.6
30/10/2000,6.3
31/10/2000,6.3
1/11/2000,6.3
2/11/2000,6.9
3/11/2000,4.5
4/11/2000,7.35
5/11/2000,6.9
6/11/2000,8.7
7/11/2000,9.9
8/11/2000,11.4
9/11/2000,5.25
10/11/2000,6.9
11/11/2000,7.95
12/11/2000,5.4
13/11/2000,4.5
14/11/2000,7.65
15/11/2000,9.352
16/11/2000,7.176
17/11/2000,8.844
18/11/2000,10.464
19/11/2000,19.975
20/11/2000,11.592
21/11/2000,6.456
22/11/2000,10.868
23/11/2000,17.877
24/11/2000,14.4
25/11/2000,22.242
26/11/2000,20.178
27/11/2000,24.115
28/11/2000,17.072
29/11/2000,23.085
30/11/2000,10.128
1/12/2000,22.389
2/12/2000,23.256
3/12/2000,23.177
4/12/2000,32.34
5/12/2000,27.378
6/12/2000,25.152
7/12/2000,22.722
8/12/2000,24.552
9/12/2000,32.775
10/12/2000,21.85
11/12/2000,31.625
12/12/2000,40.25
13/12/2000,31.625
14/12/2000,46.575
15/12/2000,28.75
16/12/2000,14.375
17/12/2000,21.85
18/12/2000,33.35
19/12/2000,24.15
20/12/2000,30.475
21/12/2000,58.075
22/12/2000,46
23/12/2000,37.95
24/12/2000,37.95
25/12/2000,40.25
26/12/2000,28.75
27/12/2000,15.525
28/12/2000,9.775
29/12/2000,12.65
30/12/2000,21.275
31/12/2000,49.45
1/01/2001,24.725
2/01/2001,24.15
3/01/2001,31.05
4/01/2001,43.7
5/01/2001,18.975
6/01/2001,34.5
7/01/2001,37.375
8/01/2001,29.325
9/01/2001,37.375
10/01/2001,31.625
11/01/2001,36.8
12/01/2001,44.275
13/01/2001,49.45
14/01/2001,47.15
15/01/2001,42.55
16/01/2001,37.95
17/01/2001,28.75
18/01/2001,37.95
19/01/2001,35.075
20/01/2001,43.125
21/01/2001,24.725
22/01/2001,56.35
23/01/2001,41.4
24/01/2001,38.525
25/01/2001,40.25
26/01/2001,33.35
27/01/2001,27.6
28/01/2001,35.075
29/01/2001,31.05
30/01/2001,30.475
31/01/2001,54.05
1/02/2001,6.325
2/02/2001,10.35
3/02/2001,9.2
4/02/2001,33.35
5/02/2001,18.4
6/02/2001,24.725
7/02/2001,31.05
8/02/2001,18.08
9/02/2001,36.63
10/02/2001,40.33
11/02/2001,37.985
12/02/2001,51.975
13/02/2001,61.8
14/02/2001,52.015
15/02/2001,68.805
16/02/2001,47.045
17/02/2001,28.025
18/02/2001,45.105
19/02/2001,38.22
20/02/2001,28.035
21/02/2001,26.535
22/02/2001,34
23/02/2001,27.39
24/02/2001,24.705
25/02/2001,41.87
26/02/2001,34.265
27/02/2001,20.25
28/02/2001,24.8
1/03/2001,34.435
2/03/2001,37.95
3/03/2001,18.76
4/03/2001,12.025
5/03/2001,17.01
6/03/2001,15.25
7/03/2001,17.405
8/03/2001,22.23
9/03/2001,19.525
10/03/2001,0
11/03/2001,0
12/03/2001,0
13/03/2001,0
14/03/2001,0
15/03/2001,0
16/03/2001,0
17/03/2001,0
18/03/2001,0
19/03/2001,0
20/03/2001,0
21/03/2001,0
22/03/2001,0
23/03/2001,0
24/03/2001,0
25/03/2001,0
26/03/2001,0
27/03/2001,0
28/03/2001,0
29/03/2001,0
30/03/2001,0
31/03/2001,0
1/04/2001,0
2/04/2001,0
3/04/2001,0
4/04/2001,0
5/04/2001,0
6/04/2001,0
7/04/2001,0
8/04/2001,0
9/04/2001,0
10/04/2001,0
11/04/2001,0
12/04/2001,0
13/04/2001,0
14/04/2001,0
15/04/2001,0
16/04/2001,0
17/04/2001,0
18/04/2001,0
19/04/2001,0
20/04/2001,0
21/04/2001,0
22/04/2001,0
23/04/2001,0
24/04/2001,0
25/04/2001,0
26/04/2001,0
27/04/2001,0
28/04/2001,0
29/04/2001,0
30/04/2001,0
1/05/2001,0
2/05/2001,0
3/05/2001,0
4/05/2001,0
5/05/2001,0
6/05/2001,0
7/05/2001,0
8/05/2001,0
9/05/2001,0
10/05/2001,0
11/05/2001,0
12/05/2001,0
13/05/2001,0
14/05/2001,0
15/05/2001,0
16/05/2001,0
17/05/2001,0
18/05/2001,0
19/05/2001,0
20/05/2001,0
21/05/2001,0
22/05/2001,0
23/05/2001,0
24/05/2001,0
25/05/2001,0
26/05/2001,0
27/05/2001,0
28/05/2001,0
29/05/2001,0
30/05/2001,0
31/05/2001,0
1/06/2001,0
2/06/2001,0
3/06/2001,0
4/06/2001,0
5/06/2001,0
6/06/2001,0
7/06/2001,0
8/06/2001,0
9/06/2001,0
10/06/2001,0
11/06/2001,0
12/06/2001,0
13/06/2001,0
14/06/2001,0
15/06/2001,0
16/06/2001,0
17/06/2001,0
18/06/2001,0
19/06/2001,0
20/06/2001,0
21/06/2001,0
22/06/2001,0
23/06/2001,0
24/06/2001,0
25/06/2001,0
26/06/2001,0
27/06/2001,0
28/06/2001,0
29/06/2001,0
30/06/2001,0
1/07/2001,0
2/07/2001,0
3/07/2001,0
4/07/2001,0
5/07/2001,0
6/07/2001,0
7/07/2001,0
8/07/2001,0
9/07/2001,0
10/07/2001,0
11/07/2001,0
12/07/2001,0
13/07/2001,0
14/07/2001,0
15/07/2001,0
16/07/2001,0
17/07/2001,0
18/07/2001,0
19/07/2001,0
20/07/2001,0
21/07/2001,0
22/07/2001,0
23/07/2001,0
24/07/2001,0
25/07/2001,0
26/07/2001,0
27/07/2001,0
28/07/2001,0
29/07/2001,0
30/07/2001,0
31/07/2001,0
1/08/2001,0
2/08/2001,0
3/08/2001,0
4/08/2001,0
5/08/2001,0
6/08/2001,0
7/08/2001,0
8/08/2001,0
9/08/2001,0
10/08/2001,0
11/08/2001,0
12/08/2001,0
13/08/2001,0
14/08/2001,0
15/08/2001,0
16/08/2001,0
17/08/2001,0
18/08/2001,0
19/08/2001,0
20/08/2001,0
21/08/2001,0
22/08/2001,0
23/08/2001,0
24/08/2001,0
25/08/2001,0
26/08/2001,0
27/08/2001,0
28/08/2001,0
29/08/2001,0
30/08/2001,0
31/08/2001,0
1/09/2001,0
2/09/2001,0
3/09/2001,0
4/09/2001,0
5/09/2001,0
6/09/2001,0
7/09/2001,0
8/09/2001,0
9/09/2001,0
10/09/2001,0
11/09/2001,0
12/09/2001,0
13/09/2001,0
14/09/2001,0
15/09/2001,0
16/09/2001,0
17/09/2001,0
18/09/2001,0
19/09/2001,0
20/09/2001,0
21/09/2001,0
22/09/2001,0
23/09/2001,0
24/09/2001,0
25/09/2001,0
26/09/2001,0
27/09/2001,0
28/09/2001,0
29/09/2001,0
30/09/2001,0
1/10/2001,0
2/10/2001,0
3/10/2001,0
4/10/2001,0
5/10/2001,0
6/10/2001,0
7/10/2001,0
8/10/2001,0
9/10/2001,0
10/10/2001,0
11/10/2001,0
12/10/2001,0
13/10/2001,0
14/10/2001,0
15/10/2001,0
16/10/2001,0
17/10/2001,0
18/10/2001,0
19/10/2001,0
20/10/2001,0
21/10/2001,0
22/10/2001,0
23/10/2001,0
24/10/2001,0
25/10/2001,4.35
26/10/2001,3.3
27/10/2001,4.5
28/10/2001,7.35
29/10/2001,8.4
30/10/2001,4.8
31/10/2001,5.85
1/11/2001,4.5
2/11/2001,6.45
3/11/2001,8.85
4/11/2001,7.35
5/11/2001,8.7
6/11/2001,7.5
7/11/2001,10.35
8/11/2001,3
9/11/2001,5.25
10/11/2001,3.9
11/11/2001,8.4
12/11/2001,7.35
13/11/2001,5.7
14/11/2001,4.5
15/11/2001,7.014
16/11/2001,5.52
17/11/2001,11.859
18/11/2001,8.284
19/11/2001,11.985
20/11/2001,8.568
21/11/2001,18.292
22/11/2001,28.6
23/11/2001,13.332
24/11/2001,15.36
25/11/2001,21.905
26/11/2001,15.93
27/11/2001,21.889
28/11/2001,25.22
29/11/2001,30.78
30/11/2001,11.394
1/12/2001,14.926
2/12/2001,31.008
3/12/2001,25.069
4/12/2001,24.99
5/12/2001,29.913
6/12/2001,34.06
7/12/2001,45.444
8/12/2001,42.408
9/12/2001,34.5
10/12/2001,39.675
11/12/2001,78.2
12/12/2001,56.35
13/12/2001,21.85
14/12/2001,24.15
15/12/2001,39.1
16/12/2001,39.1
17/12/2001,27.6
18/12/2001,48.875
19/12/2001,54.625
20/12/2001,63.825
21/12/2001,57.5
22/12/2001,24.725
23/12/2001,15.525
24/12/2001,29.325
25/12/2001,37.375
26/12/2001,41.975
27/12/2001,33.35
28/12/2001,36.225
29/12/2001,36.225
30/12/2001,51.75
31/12/2001,44.85
1/01/2002,27.6
2/01/2002,24.725
3/01/2002,37.95
4/01/2002,24.725
5/01/2002,40.25
6/01/2002,36.225
7/01/2002,34.5
8/01/2002,27.6
9/01/2002,31.625
10/01/2002,40.25
11/01/2002,41.4
12/01/2002,37.95
13/01/2002,62.675
14/01/2002,39.675
15/01/2002,28.75
16/01/2002,50.6
17/01/2002,36.8
18/01/2002,35.075
19/01/2002,41.4
20/01/2002,31.05
21/01/2002,40.25
22/01/2002,50.6
23/01/2002,71.875
24/01/2002,55.2
25/01/2002,44.275
26/01/2002,36.8
27/01/2002,23
28/01/2002,32.2
29/01/2002,43.125
30/01/2002,41.4
31/01/2002,44.275
1/02/2002,39.675
2/02/2002,32.2
3/02/2002,38.525
4/02/2002,50.6
5/02/2002,67.275
6/02/2002,79.35
7/02/2002,49.45
8/02/2002,45.2
9/02/2002,50.505
10/02/2002,35.97
11/02/2002,51.36
12/02/2002,48.3
13/02/2002,42.23
14/02/2002,51.005
15/02/2002,44.055
16/02/2002,43.165
17/02/2002,31.35
18/02/2002,44.64
19/02/2002,19.11
20/02/2002,32.485
21/02/2002,35.67
22/02/2002,14.875
23/02/2002,21.58
24/02/2002,22.68
25/02/2002,13.035
26/02/2002,22.715
27/02/2002,23.625
28/02/2002,25.55
1/03/2002,20.945
2/03/2002,16.905
3/03/2002,18.76
4/03/2002,24.375
5/03/2002,20.79
6/03/2002,19.52
7/03/2002,15.93
8/03/2002,16.815
9/03/2002,19.25
10/03/2002,0
11/03/2002,0
12/03/2002,0
13/03/2002,0
14/03/2002,0
15/03/2002,0
16/03/2002,0
17/03/2002,0
18/03/2002,0
19/03/2002,0
20/03/2002,0
21/03/2002,0
22/03/2002,0
23/03/2002,0
24/03/2002,0
25/03/2002,0
26/03/2002,0
27/03/2002,0
28/03/2002,0
29/03/2002,0
30/03/2002,0
31/03/2002,0
1/04/2002,0
2/04/2002,0
3/04/2002,0
4/04/2002,0
5/04/2002,0
6/04/2002,0
7/04/2002,0
8/04/2002,0
9/04/2002,0
10/04/2002,0
11/04/2002,0
12/04/2002,0
13/04/2002,0
14/04/2002,0
15/04/2002,0
16/04/2002,0
17/04/2002,0
18/04/2002,0
19/04/2002,0
20/04/2002,0
21/04/2002,0
22/04/2002,0
23/04/2002,0
24/04/2002,0
25/04/2002,0
26/04/2002,0
27/04/2002,0
28/04/2002,0
29/04/2002,0
30/04/2002,0
1/05/2002,0
2/05/2002,0
3/05/2002,0
4/05/2002,0
5/05/2002,0
6/05/2002,0
7/05/2002,0
8/05/2002,0
9/05/2002,0
10/05/2002,0
11/05/2002,0
12/05/2002,0
13/05/2002,0
14/05/2002,0
15/05/2002,0
16/05/2002,0
17/05/2002,0
18/05/2002,0
19/05/2002,0
20/05/2002,0
21/05/2002,0
22/05/2002,0
23/05/2002,0
24/05/2002,0
25/05/2002,0
26/05/2002,0
27/05/2002,0
28/05/2002,0
29/05/2002,0
30/05/2002,0
31/05/2002,0
1/06/2002,0
2/06/2002,0
3/06/2002,0
4/06/2002,0
5/06/2002,0
6/06/2002,0
7/06/2002,0
8/06/2002,0
9/06/2002,0
10/06/2002,0
11/06/2002,0
12/06/2002,0
13/06/2002,0
14/06/2002,0
15/06/2002,0
16/06/2002,0
17/06/2002,0
18/06/2002,0
19/06/2002,0
20/06/2002,0
21/06/2002,0
22/06/2002,0
23/06/2002,0
24/06/2002,0
25/06/2002,0
26/06/2002,0
27/06/2002,0
28/06/2002,0
29/06/2002,0
30/06/2002,0
1/07/2002,0
2/07/2002,0
3/07/2002,0
4/07/2002,0
5/07/2002,0
6/07/2002,0
7/07/2002,0
8/07/2002,0
9/07/2002,0
10/07/2002,0
11/07/2002,0
12/07/2002,0
13/07/2002,0
14/07/2002,0
15/07/2002,0
16/07/2002,0
17/07/2002,0
18/07/2002,0
19/07/2002,0
20/07/2002,0
21/07/2002,0
22/07/2002,0
23/07/2002,0
24/07/2002,0
25/07/2002,0
26/07/2002,0
27/07/2002,0
28/07/2002,0
29/07/2002,0
30/07/2002,0
31/07/2002,0
1/08/2002,0
2/08/2002,0
3/08/2002,0
4/08/2002,0
5/08/2002,0
6/08/2002,0
7/08/2002,0
8/08/2002,0
9/08/2002,0
10/08/2002,0
11/08/2002,0
12/08/2002,0
13/08/2002,0
14/08/2002,0
15/08/2002,0
16/08/2002,0
17/08/2002,0
18/08/2002,0
19/08/2002,0
20/08/2002,0
21/08/2002,0
22/08/2002,0
23/08/2002,0
24/08/2002,0
25/08/2002,0
26/08/2002,0
27/08/2002,0
28/08/2002,0
29/08/2002,0
30/08/2002,0
31/08/2002,0
1/09/2002,0
2/09/2002,0
3/09/2002,0
4/09/2002,0
5/09/2002,0
6/09/2002,0
7/09/2002,0
8/09/2002,0
9/09/2002,0
10/09/2002,0
11/09/2002,0
12/09/2002,0
13/09/2002,0
14/09/2002,0
15/09/2002,0
16/09/2002,0
17/09/2002,0
18/09/2002,0
19/09/2002,0
20/09/2002,0
21/09/2002,0
22/09/2002,0
23/09/2002,0
24/09/2002,0
25/09/2002,0
26/09/2002,0
27/09/2002,0
28/09/2002,0
29/09/2002,0
30/09/2002,0
1/10/2002,0
2/10/2002,0
3/10/2002,0
4/10/2002,0
5/10/2002,0
6/10/2002,0
7/10/2002,0
8/10/2002,0
9/10/2002,0
10/10/2002,0
11/10/2002,0
12/10/2002,0
13/10/2002,0
14/10/2002,0
15/10/2002,0
16/10/2002,0
17/10/2002,0
18/10/2002,0
19/10/2002,0
20/10/2002,0
21/10/2002,0
22/10/2002,0
23/10/2002,0
24/10/2002,0
25/10/2002,7.8
26/10/2002,9
27/10/2002,13.65
28/10/2002,6
29/10/2002,5.4
30/10/2002,9.3
31/10/2002,8.7
1/11/2002,6.3
2/11/2002,6.3
3/11/2002,11.25
4/11/2002,11.85
5/11/2002,9
6/11/2002,5.25
7/11/2002,9
8/11/2002,9.3
9/11/2002,5.85
10/11/2002,6.75
11/11/2002,15
12/11/2002,8.4
13/11/2002,2.7
14/11/2002,2.85
15/11/2002,9.519
16/11/2002,11.04
17/11/2002,13.065
18/11/2002,14.17
19/11/2002,11.985
20/11/2002,12.852
21/11/2002,15.871
22/11/2002,30.316
23/11/2002,18.18
24/11/2002,14.08
25/11/2002,21.905
26/11/2002,21.24
27/11/2002,22.631
28/11/2002,28.712
29/11/2002,20.655
30/11/2002,39.246
1/12/2002,32.925
2/12/2002,27.816
3/12/2002,22.704
4/12/2002,36.26
5/12/2002,45.123
6/12/2002,46.636
7/12/2002,70.33
8/12/2002,53.01
9/12/2002,43.125
10/12/2002,43.125
11/12/2002,37.375
12/12/2002,44.85
13/12/2002,54.625
14/12/2002,58.075
15/12/2002,56.35
16/12/2002,76.475
17/12/2002,79.925
18/12/2002,48.875
19/12/2002,48.875
20/12/2002,43.7
21/12/2002,48.875
22/12/2002,57.5
23/12/2002,53.475
24/12/2002,63.25
25/12/2002,67.85
26/12/2002,41.975
27/12/2002,70.725
28/12/2002,59.225
29/12/2002,62.1
30/12/2002,70.725
31/12/2002,71.875
1/01/2003,21.85
2/01/2003,34.5
3/01/2003,50.6
4/01/2003,49.45
5/01/2003,40.25
6/01/2003,59.225
7/01/2003,48.875
8/01/2003,76.475
9/01/2003,44.85
10/01/2003,54.625
11/01/2003,47.15
12/01/2003,64.4
13/01/2003,48.875
14/01/2003,50.6
15/01/2003,31.05
16/01/2003,44.275
17/01/2003,43.125
18/01/2003,36.8
19/01/2003,41.4
20/01/2003,40.25
21/01/2003,37.95
22/01/2003,55.2
23/01/2003,46
24/01/2003,81.65
25/01/2003,24.725
26/01/2003,37.95
27/01/2003,29.325
28/01/2003,53.475
29/01/2003,51.75
30/01/2003,55.2
31/01/2003,49.45
1/02/2003,44.85
2/02/2003,32.2
3/02/2003,43.125
4/02/2003,55.2
5/02/2003,40.25
6/02/2003,41.4
7/02/2003,40.25
8/02/2003,29.945
9/02/2003,36.63
10/02/2003,32.155
11/02/2003,34.24
12/02/2003,36.75
13/02/2003,47.38
14/02/2003,41.41
15/02/2003,49.995
16/02/2003,22.795
17/02/2003,23.275
18/02/2003,32.55
19/02/2003,35.035
20/02/2003,36.49
21/02/2003,24.36
22/02/2003,29.75
23/02/2003,37.35
24/02/2003,29.565
25/02/2003,50.165
26/02/2003,32.725
27/02/2003,14.25
28/02/2003,28.47
1/03/2003,29.11
2/03/2003,28.29
3/03/2003,25.795
4/03/2003,26.65
5/03/2003,28.035
6/03/2003,23.485
7/03/2003,26.255
8/03/2003,28.785
9/03/2003,21.175
10/03/2003,0
11/03/2003,0
12/03/2003,0
13/03/2003,0
14/03/2003,0
15/03/2003,0
16/03/2003,0
17/03/2003,0
18/03/2003,0
19/03/2003,0
20/03/2003,0
21/03/2003,0
22/03/2003,0
23/03/2003,0
24/03/2003,0
25/03/2003,0
26/03/2003,0
27/03/2003,0
28/03/2003,0
29/03/2003,0
30/03/2003,0
31/03/2003,0
1/04/2003,0
2/04/2003,0
3/04/2003,0
4/04/2003,0
5/04/2003,0
6/04/2003,0
7/04/2003,0
8/04/2003,0
9/04/2003,0
10/04/2003,0
11/04/2003,0
12/04/2003,0
13/04/2003,0
14/04/2003,0
15/04/2003,0
16/04/2003,0
17/04/2003,0
18/04/2003,0
19/04/2003,0
20/04/2003,0
21/04/2003,0
22/04/2003,0
23/04/2003,0
24/04/2003,0
25/04/2003,0
26/04/2003,0
27/04/2003,0
28/04/2003,0
29/04/2003,0
30/04/2003,0
1/05/2003,0
2/05/2003,0
3/05/2003,0
4/05/2003,0
5/05/2003,0
6/05/2003,0
7/05/2003,0
8/05/2003,0
9/05/2003,0
10/05/2003,0
11/05/2003,0
12/05/2003,0
13/05/2003,0
14/05/2003,0
15/05/2003,0
16/05/2003,0
17/05/2003,0
18/05/2003,0
19/05/2003,0
20/05/2003,0
21/05/2003,0
22/05/2003,0
23/05/2003,0
24/05/2003,0
25/05/2003,0
26/05/2003,0
27/05/2003,0
28/05/2003,0
29/05/2003,0
30/05/2003,0
31/05/2003,0
1/06/2003,0
2/06/2003,0
3/06/2003,0
4/06/2003,0
5/06/2003,0
6/06/2003,0
7/06/2003,0
8/06/2003,0
9/06/2003,0
10/06/2003,0
11/06/2003,0
12/06/2003,0
13/06/2003,0
14/06/2003,0
15/06/2003,0
16/06/2003,0
17/06/2003,0
18/06/2003,0
19/06/2003,0
20/06/2003,0
21/06/2003,0
22/06/2003,0
23/06/2003,0
24/06/2003,0
25/06/2003,0
26/06/2003,0
27/06/2003,0
28/06/2003,0
29/06/2003,0
30/06/2003,0
1/07/2003,0
2/07/2003,0
3/07/2003,0
4/07/2003,0
5/07/2003,0
6/07/2003,0
7/07/2003,0
8/07/2003,0
9/07/2003,0
10/07/2003,0
11/07/2003,0
12/07/2003,0
13/07/2003,0
14/07/2003,0
15/07/2003,0
16/07/2003,0
17/07/2003,0
18/07/2003,0
19/07/2003,0
20/07/2003,0
21/07/2003,0
22/07/2003,0
23/07/2003,0
24/07/2003,0
25/07/2003,0
26/07/2003,0
27/07/2003,0
28/07/2003,0
29/07/2003,0
30/07/2003,0
31/07/2003,0
1/08/2003,0
2/08/2003,0
3/08/2003,0
4/08/2003,0
5/08/2003,0
6/08/2003,0
7/08/2003,0
8/08/2003,0
9/08/2003,0
10/08/2003,0
11/08/2003,0
12/08/2003,0
13/08/2003,0
14/08/2003,0
15/08/2003,0
16/08/2003,0
17/08/2003,0
18/08/2003,0
19/08/2003,0
20/08/2003,0
21/08/2003,0
22/08/2003,0
23/08/2003,0
24/08/2003,0
25/08/2003,0
26/08/2003,0
27/08/2003,0
28/08/2003,0
29/08/2003,0
30/08/2003,0
31/08/2003,0
1/09/2003,0
2/09/2003,0
3/09/2003,0
4/09/2003,0
5/09/2003,0
6/09/2003,0
7/09/2003,0
8/09/2003,0
9/09/2003,0
10/09/2003,0
11/09/2003,0
12/09/2003,0
13/09/2003,0
14/09/2003,0
15/09/2003,0
16/09/2003,0
17/09/2003,0
18/09/2003,0
19/09/2003,0
20/09/2003,0
21/09/2003,0
22/09/2003,0
23/09/2003,0
24/09/2003,0
25/09/2003,0
26/09/2003,0
27/09/2003,0
28/09/2003,0
29/09/2003,0
30/09/2003,0
1/10/2003,0
2/10/2003,0
3/10/2003,0
4/10/2003,0
5/10/2003,0
6/10/2003,0
7/10/2003,0
8/10/2003,0
9/10/2003,0
10/10/2003,0
11/10/2003,0
12/10/2003,0
13/10/2003,0
14/10/2003,0
15/10/2003,0
16/10/2003,0
17/10/2003,0
18/10/2003,0
19/10/2003,0
20/10/2003,0
21/10/2003,0
22/10/2003,0
23/10/2003,0
24/10/2003,0
25/10/2003,6
26/10/2003,6.75
27/10/2003,6.75
28/10/2003,9.75
29/10/2003,7.8
30/10/2003,14.4
31/10/2003,3.3
1/11/2003,5.25
2/11/2003,0.15
3/11/2003,3
4/11/2003,4.95
5/11/2003,5.25
6/11/2003,6
7/11/2003,6
8/11/2003,7.35
9/11/2003,6.75
10/11/2003,7.5
11/11/2003,8.85
12/11/2003,6.75
13/11/2003,5.85
14/11/2003,5.85
15/11/2003,6.012
16/11/2003,5.152
17/11/2003,6.03
18/11/2003,10.682
19/11/2003,21.855
20/11/2003,13.356
21/11/2003,13.719
22/11/2003,11.726
23/11/2003,20.604
24/11/2003,15.36
25/11/2003,19.883
26/11/2003,19.116
27/11/2003,26.712
28/11/2003,27.936
29/11/2003,34.02
30/11/2003,20.678
1/12/2003,18.438
2/12/2003,38.76
3/12/2003,32.164
4/12/2003,29.4
5/12/2003,32.955
6/12/2003,39.824
7/12/2003,53.018
8/12/2003,50.22
9/12/2003,33.925
10/12/2003,40.25
11/12/2003,54.625
12/12/2003,46.575
13/12/2003,43.125
14/12/2003,54.625
15/12/2003,40.25
16/12/2003,34.5
17/12/2003,44.85
18/12/2003,33.35
19/12/2003,58.075
20/12/2003,47.725
21/12/2003,43.7
22/12/2003,36.225
23/12/2003,23
24/12/2003,49.45
25/12/2003,31.625
26/12/2003,54.625
27/12/2003,66.125
28/12/2003,43.125
29/12/2003,47.725
30/12/2003,40.825
31/12/2003,36.225
1/01/2004,49.45
2/01/2004,31.625
3/01/2004,48.875
4/01/2004,51.75
5/01/2004,31.625
6/01/2004,58.075
7/01/2004,56.35
8/01/2004,46
9/01/2004,47.725
10/01/2004,54.625
11/01/2004,10.35
12/01/2004,36.8
13/01/2004,27.6
14/01/2004,36.8
15/01/2004,24.15
16/01/2004,44.275
17/01/2004,47.725
18/01/2004,42.55
19/01/2004,39.675
20/01/2004,38.525
21/01/2004,58.075
22/01/2004,59.8
23/01/2004,58.075
24/01/2004,47.725
25/01/2004,74.75
26/01/2004,47.15
27/01/2004,47.725
28/01/2004,44.85
29/01/2004,15.525
30/01/2004,56.35
31/01/2004,50.6
1/02/2004,40.25
2/02/2004,35.65
3/02/2004,38.525
4/02/2004,43.125
5/02/2004,50.6
6/02/2004,42.55
7/02/2004,42.55
8/02/2004,44.07
9/02/2004,53.28
10/02/2004,49.05
11/02/2004,56.71
12/02/2004,39.375
13/02/2004,43.26
14/02/2004,36.865
15/02/2004,18.81
16/02/2004,44.62
17/02/2004,44.65
18/02/2004,61.38
19/02/2004,20.02
20/02/2004,17.8
21/02/2004,26.535
22/02/2004,31.875
23/02/2004,29.05
24/02/2004,31.185
25/02/2004,30.81
26/02/2004,36.19
27/02/2004,30
28/02/2004,36.135
29/02/2004,30.175
1/03/2004,33.465
2/03/2004,29.145
3/03/2004,27.3
4/03/2004,23.625
5/03/2004,30.805
6/03/2004,24.78
7/03/2004,22.8
8/03/2004,20.625
9/03/2004,0
10/03/2004,0
11/03/2004,0
12/03/2004,0
13/03/2004,0
14/03/2004,0
15/03/2004,0
16/03/2004,0
17/03/2004,0
18/03/2004,0
19/03/2004,0
20/03/2004,0
21/03/2004,0
22/03/2004,0
23/03/2004,0
24/03/2004,0
25/03/2004,0
26/03/2004,0
27/03/2004,0
28/03/2004,0
29/03/2004,0
30/03/2004,0
31/03/2004,0
1/04/2004,0
2/04/2004,0
3/04/2004,0
4/04/2004,0
5/04/2004,0
6/04/2004,0
7/04/2004,0
8/04/2004,0
9/04/2004,0
10/04/2004,0
11/04/2004,0
12/04/2004,0
13/04/2004,0
14/04/2004,0
15/04/2004,0
16/04/2004,0
17/04/2004,0
18/04/2004,0
19/04/2004,0
20/04/2004,0
21/04/2004,0
22/04/2004,0
23/04/2004,0
24/04/2004,0
25/04/2004,0
26/04/2004,0
27/04/2004,0
28/04/2004,0
29/04/2004,0
30/04/2004,0
1/05/2004,0
2/05/2004,0
3/05/2004,0
4/05/2004,0
5/05/2004,0
6/05/2004,0
7/05/2004,0
8/05/2004,0
9/05/2004,0
10/05/2004,0
11/05/2004,0
12/05/2004,0
13/05/2004,0
14/05/2004,0
15/05/2004,0
16/05/2004,0
17/05/2004,0
18/05/2004,0
19/05/2004,0
20/05/2004,0
21/05/2004,0
22/05/2004,0
23/05/2004,0
24/05/2004,0
25/05/2004,0
26/05/2004,0
27/05/2004,0
28/05/2004,0
29/05/2004,0
30/05/2004,0
31/05/2004,0
1/06/2004,0
2/06/2004,0
3/06/2004,0
4/06/2004,0
5/06/2004,0
6/06/2004,0
7/06/2004,0
8/06/2004,0
9/06/2004,0
10/06/2004,0
11/06/2004,0
12/06/2004,0
13/06/2004,0
14/06/2004,0
15/06/2004,0
16/06/2004,0
17/06/2004,0
18/06/2004,0
19/06/2004,0
20/06/2004,0
21/06/2004,0
22/06/2004,0
23/06/2004,0
24/06/2004,0
25/06/2004,0
26/06/2004,0
27/06/2004,0
28/06/2004,0
29/06/2004,0
30/06/2004,0
1/07/2004,0
2/07/2004,0
3/07/2004,0
4/07/2004,0
5/07/2004,0
6/07/2004,0
7/07/2004,0
8/07/2004,0
9/07/2004,0
10/07/2004,0
11/07/2004,0
12/07/2004,0
13/07/2004,0
14/07/2004,0
15/07/2004,0
16/07/2004,0
17/07/2004,0
18/07/2004,0
19/07/2004,0
20/07/2004,0
21/07/2004,0
22/07/2004,0
23/07/2004,0
24/07/2004,0
25/07/2004,0
26/07/2004,0
27/07/2004,0
28/07/2004,0
29/07/2004,0
30/07/2004,0
31/07/2004,0
1/08/2004,0
2/08/2004,0
3/08/2004,0
4/08/2004,0
5/08/2004,0
6/08/2004,0
7/08/2004,0
8/08/2004,0
9/08/2004,0
10/08/2004,0
11/08/2004,0
12/08/2004,0
13/08/2004,0
14/08/2004,0
15/08/2004,0
16/08/2004,0
17/08/2004,0
18/08/2004,0
19/08/2004,0
20/08/2004,0
21/08/2004,0
22/08/2004,0
23/08/2004,0
24/08/2004,0
25/08/2004,0
26/08/2004,0
27/08/2004,0
28/08/2004,0
29/08/2004,0
30/08/2004,0
31/08/2004,0
1/09/2004,0
2/09/2004,0
3/09/2004,0
4/09/2004,0
5/09/2004,0
6/09/2004,0
7/09/2004,0
8/09/2004,0
9/09/2004,0
10/09/2004,0
11/09/2004,0
12/09/2004,0
13/09/2004,0
14/09/2004,0
15/09/2004,0
16/09/2004,0
17/09/2004,0
18/09/2004,0
19/09/2004,0
20/09/2004,0
21/09/2004,0
22/09/2004,0
23/09/2004,0
24/09/2004,0
25/09/2004,0
26/09/2004,0
27/09/2004,0
28/09/2004,0
29/09/2004,0
30/09/2004,0
1/10/2004,0
2/10/2004,0
3/10/2004,0
4/10/2004,0
5/10/2004,0
6/10/2004,0
7/10/2004,0
8/10/2004,0
9/10/2004,0
10/10/2004,0
11/10/2004,0
12/10/2004,0
13/10/2004,0
14/10/2004,0
15/10/2004,0
16/10/2004,0
17/10/2004,0
18/10/2004,0
19/10/2004,0
20/10/2004,0
21/10/2004,0
22/10/2004,0
23/10/2004,0
24/10/2004,0
25/10/2004,6
26/10/2004,13.2
27/10/2004,4.8
28/10/2004,7.2
29/10/2004,6.75
30/10/2004,5.55
31/10/2004,4.05
1/11/2004,6.3
2/11/2004,7.35
3/11/2004,9.75
4/11/2004,12.9
5/11/2004,5.85
6/11/2004,7.2
7/11/2004,7.35
8/11/2004,9.45
9/11/2004,7.5
10/11/2004,5.25
11/11/2004,8.1
12/11/2004,8.55
13/11/2004,11.7
14/11/2004,3.45
15/11/2004,10.02
16/11/2004,12.144
17/11/2004,14.472
18/11/2004,6.54
19/11/2004,15.275
20/11/2004,20.412
21/11/2004,18.83
22/11/2004,18.59
23/11/2004,20.907
24/11/2004,28.8
25/11/2004,23.59
26/11/2004,16.284
27/11/2004,22.631
28/11/2004,10.864
29/11/2004,19.44
30/11/2004,25.32
1/12/2004,25.023
2/12/2004,27.36
3/12/2004,35.475
4/12/2004,25.97
5/12/2004,38.532
6/12/2004,49.78
7/12/2004,35.706
8/12/2004,25.668
9/12/2004,39.675
10/12/2004,42.55
11/12/2004,41.975
12/12/2004,33.35
13/12/2004,66.125
14/12/2004,23
15/12/2004,48.875
16/12/2004,37.375
17/12/2004,26.45
18/12/2004,43.125
19/12/2004,57.5
20/12/2004,41.975
21/12/2004,31.625
22/12/2004,57.5
23/12/2004,49.45
24/12/2004,52.325
25/12/2004,47.725
26/12/2004,73.6
27/12/2004,40.25
28/12/2004,46
29/12/2004,46.575
30/12/2004,52.325
31/12/2004,37.95
1/01/2005,69.575
2/01/2005,66.125
3/01/2005,39.1
4/01/2005,43.125
5/01/2005,12.65
6/01/2005,40.825
7/01/2005,43.7
8/01/2005,66.125
9/01/2005,40.825
10/01/2005,56.35
11/01/2005,46
12/01/2005,50.6
13/01/2005,36.8
14/01/2005,44.85
15/01/2005,47.15
16/01/2005,76.475
17/01/2005,67.275
18/01/2005,39.675
19/01/2005,43.125
20/01/2005,50.6
21/01/2005,55.2
22/01/2005,53.475
23/01/2005,55.2
24/01/2005,56.35
25/01/2005,62.675
26/01/2005,31.05
27/01/2005,46
28/01/2005,44.275
29/01/2005,47.15
30/01/2005,49.45
31/01/2005,98.325
1/02/2005,70.15
2/02/2005,12.075
3/02/2005,12.65
4/02/2005,43.125
5/02/2005,40.25
6/02/2005,60.95
7/02/2005,55.2
8/02/2005,41.81
9/02/2005,39.96
10/02/2005,34.88
11/02/2005,55.64
12/02/2005,56.7
13/02/2005,54.59
14/02/2005,44.945
15/02/2005,62.865
16/02/2005,61.595
17/02/2005,60.325
18/02/2005,18.6
19/02/2005,9.555
20/02/2005,25.365
21/02/2005,30.45
22/02/2005,29.75
23/02/2005,18.26
24/02/2005,28.755
25/02/2005,35.155
26/02/2005,35.42
27/02/2005,41.625
28/02/2005,36.135
1/03/2005,31.595
2/03/2005,33.12
3/03/2005,32.495
4/03/2005,33.475
5/03/2005,45.045
6/03/2005,21.655
7/03/2005,30.385
8/03/2005,22.23
9/03/2005,21.45
10/03/2005,0
11/03/2005,0
12/03/2005,0
13/03/2005,0
14/03/2005,0
15/03/2005,0
16/03/2005,0
17/03/2005,0
18/03/2005,0
19/03/2005,0
20/03/2005,0
21/03/2005,0
22/03/2005,0
23/03/2005,0
24/03/2005,0
25/03/2005,0
26/03/2005,0
27/03/2005,0
28/03/2005,0
29/03/2005,0
30/03/2005,0
31/03/2005,0
1/04/2005,0
2/04/2005,0
3/04/2005,0
4/04/2005,0
5/04/2005,0
6/04/2005,0
7/04/2005,0
8/04/2005,0
9/04/2005,0
10/04/2005,0
11/04/2005,0
12/04/2005,0
13/04/2005,0
14/04/2005,0
15/04/2005,0
16/04/2005,0
17/04/2005,0
18/04/2005,0
19/04/2005,0
20/04/2005,0
21/04/2005,0
22/04/2005,0
23/04/2005,0
24/04/2005,0
25/04/2005,0
26/04/2005,0
27/04/2005,0
28/04/2005,0
29/04/2005,0
30/04/2005,0
1/05/2005,0
2/05/2005,0
3/05/2005,0
4/05/2005,0
5/05/2005,0
6/05/2005,0
7/05/2005,0
8/05/2005,0
9/05/2005,0
10/05/2005,0
11/05/2005,0
12/05/2005,0
13/05/2005,0
14/05/2005,0
15/05/2005,0
16/05/2005,0
17/05/2005,0
18/05/2005,0
19/05/2005,0
20/05/2005,0
21/05/2005,0
22/05/2005,0
23/05/2005,0
24/05/2005,0
25/05/2005,0
26/05/2005,0
27/05/2005,0
28/05/2005,0
29/05/2005,0
30/05/2005,0
31/05/2005,0
1/06/2005,0
2/06/2005,0
3/06/2005,0
4/06/2005,0
5/06/2005,0
6/06/2005,0
7/06/2005,0
8/06/2005,0
9/06/2005,0
10/06/2005,0
11/06/2005,0
12/06/2005,0
13/06/2005,0
14/06/2005,0
15/06/2005,0
16/06/2005,0
17/06/2005,0
18/06/2005,0
19/06/2005,0
20/06/2005,0
21/06/2005,0
22/06/2005,0
23/06/2005,0
24/06/2005,0
25/06/2005,0
26/06/2005,0
27/06/2005,0
28/06/2005,0
29/06/2005,0
30/06/2005,0
1/07/2005,0
2/07/2005,0
3/07/2005,0
4/07/2005,0
5/07/2005,0
6/07/2005,0
7/07/2005,0
8/07/2005,0
9/07/2005,0
10/07/2005,0
11/07/2005,0
12/07/2005,0
13/07/2005,0
14/07/2005,0
15/07/2005,0
16/07/2005,0
17/07/2005,0
18/07/2005,0
19/07/2005,0
20/07/2005,0
21/07/2005,0
22/07/2005,0
23/07/2005,0
24/07/2005,0
25/07/2005,0
26/07/2005,0
27/07/2005,0
28/07/2005,0
29/07/2005,0
30/07/2005,0
31/07/2005,0
1/08/2005,0
2/08/2005,0
3/08/2005,0
4/08/2005,0
5/08/2005,0
6/08/2005,0
7/08/2005,0
8/08/2005,0
9/08/2005,0
10/08/2005,0
11/08/2005,0
12/08/2005,0
13/08/2005,0
14/08/2005,0
15/08/2005,0
16/08/2005,0
17/08/2005,0
18/08/2005,0
19/08/2005,0
20/08/2005,0
21/08/2005,0
22/08/2005,0
23/08/2005,0
24/08/2005,0
25/08/2005,0
26/08/2005,0
27/08/2005,0
28/08/2005,0
29/08/2005,0
30/08/2005,0
31/08/2005,0
1/09/2005,0
2/09/2005,0
3/09/2005,0
4/09/2005,0
5/09/2005,0
6/09/2005,0
7/09/2005,0
8/09/2005,0
9/09/2005,0
10/09/2005,0
11/09/2005,0
12/09/2005,0
13/09/2005,0
14/09/2005,0
15/09/2005,0
16/09/2005,0
17/09/2005,0
18/09/2005,0
19/09/2005,0
20/09/2005,0
21/09/2005,0
22/09/2005,0
23/09/2005,0
24/09/2005,0
25/09/2005,0
26/09/2005,0
27/09/2005,0
28/09/2005,0
29/09/2005,0
30/09/2005,0
1/10/2005,0
2/10/2005,0
3/10/2005,0
4/10/2005,0
5/10/2005,0
6/10/2005,0
7/10/2005,0
8/10/2005,0
9/10/2005,0
10/10/2005,0
11/10/2005,0
12/10/2005,0
13/10/2005,0
14/10/2005,0
15/10/2005,0
16/10/2005,0
17/10/2005,0
18/10/2005,0
19/10/2005,0
20/10/2005,0
21/10/2005,0
22/10/2005,0
23/10/2005,0
24/10/2005,0
25/10/2005,8.85
26/10/2005,7.35
27/10/2005,10.35
28/10/2005,6.9
29/10/2005,6.9
30/10/2005,5.4
31/10/2005,6.75
1/11/2005,8.7
2/11/2005,5.25
3/11/2005,6.45
4/11/2005,8.7
5/11/2005,10.95
6/11/2005,12.15
7/11/2005,7.5
8/11/2005,5.55
9/11/2005,10.35
10/11/2005,4.5
11/11/2005,4.05
12/11/2005,4.95
13/11/2005,3.6
14/11/2005,7.2
15/11/2005,8.183
16/11/2005,11.04
17/11/2005,9.849
18/11/2005,16.35
19/11/2005,15.275
20/11/2005,16.38
21/11/2005,12.374
22/11/2005,15.444
23/11/2005,15.453
24/11/2005,13.12
25/11/2005,16.513
26/11/2005,15.576
27/11/2005,25.599
28/11/2005,14.744
29/11/2005,29.16
30/11/2005,28.696
1/12/2005,30.291
2/12/2005,31.92
3/12/2005,58.179
4/12/2005,31.85
5/12/2005,34.983
6/12/2005,69.692
7/12/2005,55.182
8/12/2005,72.54
9/12/2005,37.375
10/12/2005,41.4
11/12/2005,40.25
12/12/2005,66.125
13/12/2005,46.575
14/12/2005,37.95
15/12/2005,57.5
16/12/2005,44.85
17/12/2005,24.15
18/12/2005,43.125
19/12/2005,34.5
20/12/2005,0
21/12/2005,46.575
22/12/2005,63.25
23/12/2005,66.125
24/12/2005,37.95
25/12/2005,52.325
26/12/2005,48.875
27/12/2005,43.7
28/12/2005,43.125
29/12/2005,18.975
30/12/2005,40.825
31/12/2005,44.85
1/01/2006,55.2
2/01/2006,53.475
3/01/2006,50.6
4/01/2006,40.825
5/01/2006,69.575
6/01/2006,54.625
7/01/2006,51.75
8/01/2006,37.95
9/01/2006,56.35
10/01/2006,51.75
11/01/2006,62.675
12/01/2006,58.65
13/01/2006,61.525
14/01/2006,46
15/01/2006,50.6
16/01/2006,54.05
17/01/2006,20.125
18/01/2006,27.6
19/01/2006,46
20/01/2006,13.8
21/01/2006,21.275
22/01/2006,36.8
23/01/2006,46
24/01/2006,70.15
25/01/2006,47.725
26/01/2006,49.45
27/01/2006,41.4
28/01/2006,83.95
29/01/2006,39.675
30/01/2006,50.6
31/01/2006,44.275
1/02/2006,36.8
2/02/2006,52.325
3/02/2006,35.65
4/02/2006,44.85
5/02/2006,43.125
6/02/2006,44.275
7/02/2006,46
8/02/2006,52.545
9/02/2006,35.52
10/02/2006,33.79
11/02/2006,56.71
12/02/2006,68.775
13/02/2006,46.35
14/02/2006,41.41
15/02/2006,40.59
16/02/2006,43.165
17/02/2006,37.05
18/02/2006,13.95
19/02/2006,29.12
20/02/2006,18.69
21/02/2006,37.845
22/02/2006,29.75
23/02/2006,36.935
24/02/2006,25.92
25/02/2006,19.75
26/02/2006,26.18
27/02/2006,31.5
28/02/2006,25.55
1/03/2006,27.69
2/03/2006,43.815
3/03/2006,25.795
4/03/2006,24.375
5/03/2006,25.2
6/03/2006,21.35
7/03/2006,18.585
8/03/2006,31.635
9/03/2006,40.7
10/03/2006,0
11/03/2006,0
12/03/2006,0
13/03/2006,0
14/03/2006,0
15/03/2006,0
16/03/2006,0
17/03/2006,0
18/03/2006,0
19/03/2006,0
20/03/2006,0
21/03/2006,0
22/03/2006,0
23/03/2006,0
24/03/2006,0
25/03/2006,0
26/03/2006,0
27/03/2006,0
28/03/2006,0
29/03/2006,0
30/03/2006,0
31/03/2006,0
1/04/2006,0
2/04/2006,0
3/04/2006,0
4/04/2006,0
5/04/2006,0
6/04/2006,0
7/04/2006,0
8/04/2006,0
9/04/2006,0
10/04/2006,0
11/04/2006,0
12/04/2006,0
13/04/2006,0
14/04/2006,0
15/04/2006,0
16/04/2006,0
17/04/2006,0
18/04/2006,0
19/04/2006,0
20/04/2006,0
21/04/2006,0
22/04/2006,0
23/04/2006,0
24/04/2006,0
25/04/2006,0
26/04/2006,0
27/04/2006,0
28/04/2006,0
29/04/2006,0
30/04/2006,0
1/05/2006,0
2/05/2006,0
3/05/2006,0
4/05/2006,0
5/05/2006,0
6/05/2006,0
7/05/2006,0
8/05/2006,0
9/05/2006,0
10/05/2006,0
11/05/2006,0
12/05/2006,0
13/05/2006,0
14/05/2006,0
15/05/2006,0
16/05/2006,0
17/05/2006,0
18/05/2006,0
19/05/2006,0
20/05/2006,0
21/05/2006,0
22/05/2006,0
23/05/2006,0
24/05/2006,0
25/05/2006,0
26/05/2006,0
27/05/2006,0
28/05/2006,0
29/05/2006,0
30/05/2006,0
31/05/2006,0
1/06/2006,0
2/06/2006,0
3/06/2006,0
4/06/2006,0
5/06/2006,0
6/06/2006,0
7/06/2006,0
8/06/2006,0
9/06/2006,0
10/06/2006,0
11/06/2006,0
12/06/2006,0
13/06/2006,0
14/06/2006,0
15/06/2006,0
16/06/2006,0
17/06/2006,0
18/06/2006,0
19/06/2006,0
20/06/2006,0
21/06/2006,0
22/06/2006,0
23/06/2006,0
24/06/2006,0
25/06/2006,0
26/06/2006,0
27/06/2006,0
28/06/2006,0
29/06/2006,0
30/06/2006,0
1/07/2006,0
2/07/2006,0
3/07/2006,0
4/07/2006,0
5/07/2006,0
6/07/2006,0
7/07/2006,0
8/07/2006,0
9/07/2006,0
10/07/2006,0
11/07/2006,0
12/07/2006,0
13/07/2006,0
14/07/2006,0
15/07/2006,0
16/07/2006,0
17/07/2006,0
18/07/2006,0
19/07/2006,0
20/07/2006,0
21/07/2006,0
22/07/2006,0
23/07/2006,0
24/07/2006,0
25/07/2006,0
26/07/2006,0
27/07/2006,0
28/07/2006,0
29/07/2006,0
30/07/2006,0
31/07/2006,0
1/08/2006,0
2/08/2006,0
3/08/2006,0
4/08/2006,0
5/08/2006,0
6/08/2006,0
7/08/2006,0
8/08/2006,0
9/08/2006,0
10/08/2006,0
11/08/2006,0
12/08/2006,0
13/08/2006,0
14/08/2006,0
15/08/2006,0
16/08/2006,0
17/08/2006,0
18/08/2006,0
19/08/2006,0
20/08/2006,0
21/08/2006,0
22/08/2006,0
23/08/2006,0
24/08/2006,0
25/08/2006,0
26/08/2006,0
27/08/2006,0
28/08/2006,0
29/08/2006,0
30/08/2006,0
31/08/2006,0
1/09/2006,0
2/09/2006,0
3/09/2006,0
4/09/2006,0
5/09/2006,0
6/09/2006,0
7/09/2006,0
8/09/2006,0
9/09/2006,0
10/09/2006,0
11/09/2006,0
12/09/2006,0
13/09/2006,0
14/09/2006,0
15/09/2006,0
16/09/2006,0
17/09/2006,0
18/09/2006,0
19/09/2006,0
20/09/2006,0
21/09/2006,0
22/09/2006,0
23/09/2006,0
24/09/2006,0
25/09/2006,0
26/09/2006,0
27/09/2006,0
28/09/2006,0
29/09/2006,0
30/09/2006,0
1/10/2006,0
2/10/2006,0
3/10/2006,0
4/10/2006,0
5/10/2006,0
6/10/2006,0
7/10/2006,0
8/10/2006,0
9/10/2006,0
10/10/2006,0
11/10/2006,0
12/10/2006,0
13/10/2006,0
14/10/2006,0
15/10/2006,0
16/10/2006,0
17/10/2006,0
18/10/2006,0
19/10/2006,0
20/10/2006,0
21/10/2006,0
22/10/2006,0
23/10/2006,0
24/10/2006,0
25/10/2006,10.8
26/10/2006,8.25
27/10/2006,8.7
28/10/2006,13.2
29/10/2006,4.05
30/10/2006,2.1
31/10/2006,7.5
1/11/2006,5.25
2/11/2006,4.8
3/11/2006,7.35
4/11/2006,12.15
5/11/2006,14.1
6/11/2006,7.5
7/11/2006,7.2
8/11/2006,4.35
9/11/2006,8.4
10/11/2006,6.3
11/11/2006,11.25
12/11/2006,7.35
13/11/2006,9.75
14/11/2006,14.4
15/11/2006,13.861
16/11/2006,3.128
17/11/2006,11.457
18/11/2006,14.17
19/11/2006,16.45
20/11/2006,17.136
21/11/2006,12.912
22/11/2006,0
23/11/2006,7.272
24/11/2006,7.36
25/11/2006,14.828
26/11/2006,30.09
27/11/2006,14.098
28/11/2006,23.28
29/11/2006,38.88
30/11/2006,18.99
1/12/2006,29.852
2/12/2006,46.512
3/12/2006,26.961
4/12/2006,33.81
5/12/2006,31.941
6/12/2006,36.156
7/12/2006,71.412
8/12/2006,28.458
9/12/2006,23.575
10/12/2006,37.95
11/12/2006,40.25
12/12/2006,37.95
13/12/2006,78.2
14/12/2006,52.325
15/12/2006,34.5
16/12/2006,48.875
17/12/2006,54.625
18/12/2006,40.25
19/12/2006,36.225
20/12/2006,69.575
21/12/2006,55.2
22/12/2006,79.35
23/12/2006,92.575
24/12/2006,18.4
25/12/2006,32.2
26/12/2006,56.925
27/12/2006,40.25
28/12/2006,59.225
29/12/2006,57.5
30/12/2006,62.1
31/12/2006,54.625
1/01/2007,41.975
2/01/2007,34.5
3/01/2007,49.45
4/01/2007,59.225
5/01/2007,69
6/01/2007,54.625
7/01/2007,46
8/01/2007,41.975
9/01/2007,46.575
10/01/2007,44.85
11/01/2007,51.75
12/01/2007,59.8
13/01/2007,59.8
14/01/2007,65.55
15/01/2007,63.25
16/01/2007,67.85
17/01/2007,71.875
18/01/2007,21.85
19/01/2007,26.45
20/01/2007,29.325
21/01/2007,55.2
22/01/2007,37.95
23/01/2007,40.25
24/01/2007,61.525
25/01/2007,48.875
26/01/2007,67.275
27/01/2007,56.925
28/01/2007,73.6
29/01/2007,65.55
30/01/2007,40.25
31/01/2007,36.8
1/02/2007,42.55
2/02/2007,42.55
3/02/2007,44.275
4/02/2007,51.75
5/02/2007,56.35
6/02/2007,55.2
7/02/2007,60.95
8/02/2007,41.81
9/02/2007,52.17
10/02/2007,49.595
11/02/2007,28.89
12/02/2007,47.25
13/02/2007,36.05
14/02/2007,42.42
15/02/2007,32.67
16/02/2007,51.41
17/02/2007,43.7
18/02/2007,40.455
19/02/2007,40.495
20/02/2007,39.605
21/02/2007,21.75
22/02/2007,25.925
23/02/2007,1.245
24/02/2007,23.895
25/02/2007,32.39
26/02/2007,14.63
27/02/2007,22.125
28/02/2007,29.2
1/03/2007,23.43
2/03/2007,19.665
3/03/2007,20.435
4/03/2007,22.75
5/03/2007,29.61
6/03/2007,10.675
7/03/2007,20.06
8/03/2007,21.945
9/03/2007,19.25
10/03/2007,0
11/03/2007,0
12/03/2007,0
13/03/2007,0
14/03/2007,0
15/03/2007,0
16/03/2007,0
17/03/2007,0
18/03/2007,0
19/03/2007,0
20/03/2007,0
21/03/2007,0
22/03/2007,0
23/03/2007,0
24/03/2007,0
25/03/2007,0
26/03/2007,0
27/03/2007,0
28/03/2007,0
29/03/2007,0
30/03/2007,0
31/03/2007,0
1/04/2007,0
2/04/2007,0
3/04/2007,0
4/04/2007,0
5/04/2007,0
6/04/2007,0
7/04/2007,0
8/04/2007,0
9/04/2007,0
10/04/2007,0
11/04/2007,0
12/04/2007,0
13/04/2007,0
14/04/2007,0
15/04/2007,0
16/04/2007,0
17/04/2007,0
18/04/2007,0
19/04/2007,0
20/04/2007,0
21/04/2007,0
22/04/2007,0
23/04/2007,0
24/04/2007,0
25/04/2007,0
26/04/2007,0
27/04/2007,0
28/04/2007,0
29/04/2007,0
30/04/2007,0
1/05/2007,0
2/05/2007,0
3/05/2007,0
4/05/2007,0
5/05/2007,0
6/05/2007,0
7/05/2007,0
8/05/2007,0
9/05/2007,0
10/05/2007,0
11/05/2007,0
12/05/2007,0
13/05/2007,0
14/05/2007,0
15/05/2007,0
16/05/2007,0
17/05/2007,0
18/05/2007,0
19/05/2007,0
20/05/2007,0
21/05/2007,0
22/05/2007,0
23/05/2007,0
24/05/2007,0
25/05/2007,0
26/05/2007,0
27/05/2007,0
28/05/2007,0
29/05/2007,0
30/05/2007,0
31/05/2007,0
1/06/2007,0
2/06/2007,0
3/06/2007,0
4/06/2007,0
5/06/2007,0
6/06/2007,0
7/06/2007,0
8/06/2007,0
9/06/2007,0
10/06/2007,0
11/06/2007,0
12/06/2007,0
13/06/2007,0
14/06/2007,0
15/06/2007,0
16/06/2007,0
17/06/2007,0
18/06/2007,0
19/06/2007,0
20/06/2007,0
21/06/2007,0
22/06/2007,0
23/06/2007,0
24/06/2007,0
25/06/2007,0
26/06/2007,0
27/06/2007,0
28/06/2007,0
29/06/2007,0
30/06/2007,0
1/07/2007,0
2/07/2007,0
3/07/2007,0
4/07/2007,0
5/07/2007,0
6/07/2007,0
7/07/2007,0
8/07/2007,0
9/07/2007,0
10/07/2007,0
11/07/2007,0
12/07/2007,0
13/07/2007,0
14/07/2007,0
15/07/2007,0
16/07/2007,0
17/07/2007,0
18/07/2007,0
19/07/2007,0
20/07/2007,0
21/07/2007,0
22/07/2007,0
23/07/2007,0
24/07/2007,0
25/07/2007,0
26/07/2007,0
27/07/2007,0
28/07/2007,0
29/07/2007,0
30/07/2007,0
31/07/2007,0
1/08/2007,0
2/08/2007,0
3/08/2007,0
4/08/2007,0
5/08/2007,0
6/08/2007,0
7/08/2007,0
8/08/2007,0
9/08/2007,0
10/08/2007,0
11/08/2007,0
12/08/2007,0
13/08/2007,0
14/08/2007,0
15/08/2007,0
16/08/2007,0
17/08/2007,0
18/08/2007,0
19/08/2007,0
20/08/2007,0
21/08/2007,0
22/08/2007,0
23/08/2007,0
24/08/2007,0
25/08/2007,0
26/08/2007,0
27/08/2007,0
28/08/2007,0
29/08/2007,0
30/08/2007,0
31/08/2007,0
1/09/2007,0
2/09/2007,0
3/09/2007,0
4/09/2007,0
5/09/2007,0
6/09/2007,0
7/09/2007,0
8/09/2007,0
9/09/2007,0
10/09/2007,0
11/09/2007,0
12/09/2007,0
13/09/2007,0
14/09/2007,0
15/09/2007,0
16/09/2007,0
17/09/2007,0
18/09/2007,0
19/09/2007,0
20/09/2007,0
21/09/2007,0
22/09/2007,0
23/09/2007,0
24/09/2007,0
25/09/2007,0
26/09/2007,0
27/09/2007,0
28/09/2007,0
29/09/2007,0
30/09/2007,0
1/10/2007,0
2/10/2007,0
3/10/2007,0
4/10/2007,0
5/10/2007,0
6/10/2007,0
7/10/2007,0
8/10/2007,0
9/10/2007,0
10/10/2007,0
11/10/2007,0
12/10/2007,0
13/10/2007,0
14/10/2007,0
15/10/2007,0
16/10/2007,0
17/10/2007,0
18/10/2007,0
19/10/2007,0
20/10/2007,0
21/10/2007,0
22/10/2007,0
23/10/2007,0
24/10/2007,0
25/10/2007,8.4
26/10/2007,10.65
27/10/2007,5.85
28/10/2007,10.95
29/10/2007,4.8
30/10/2007,5.85
31/10/2007,6.3
1/11/2007,11.4
2/11/2007,7.95
3/11/2007,6.75
4/11/2007,5.25
5/11/2007,3
6/11/2007,8.7
7/11/2007,7.8
8/11/2007,5.85
9/11/2007,8.25
10/11/2007,1.95
11/11/2007,7.2
12/11/2007,9
13/11/2007,6.3
14/11/2007,10.2
15/11/2007,9.853
16/11/2007,3.496
17/11/2007,6.231
18/11/2007,10.682
19/11/2007,13.395
20/11/2007,7.56
21/11/2007,12.105
22/11/2007,12.584
23/11/2007,20.604
24/11/2007,31.68
25/11/2007,4.044
26/11/2007,8.142
27/11/2007,22.26
28/11/2007,15.908
29/11/2007,25.515
30/11/2007,54.438
1/12/2007,39.949
2/12/2007,26.904
3/12/2007,14.663
4/12/2007,21.56
5/12/2007,22.815
6/12/2007,24.104
7/12/2007,37.329
8/12/2007,31.806
9/12/2007,29.325
10/12/2007,25.3
11/12/2007,47.725
12/12/2007,54.625
13/12/2007,83.95
14/12/2007,35.075
15/12/2007,34.5
16/12/2007,43.7
17/12/2007,40.825
18/12/2007,40.825
19/12/2007,24.15
20/12/2007,41.975
21/12/2007,35.075
22/12/2007,46.575
23/12/2007,40.825
24/12/2007,39.1
25/12/2007,40.825
26/12/2007,70.725
27/12/2007,37.95
28/12/2007,41.975
29/12/2007,43.7
30/12/2007,46
31/12/2007,44.85
1/01/2008,40.25
2/01/2008,43.7
3/01/2008,25.875
4/01/2008,27.6
5/01/2008,21.275
6/01/2008,25.875
7/01/2008,25.875
8/01/2008,41.975
9/01/2008,49.45
10/01/2008,49.45
11/01/2008,47.725
12/01/2008,36.8
13/01/2008,40.25
14/01/2008,61.525
15/01/2008,44.85
16/01/2008,54.625
17/01/2008,43.125
18/01/2008,36.8
19/01/2008,46
20/01/2008,35.075
21/01/2008,50.6
22/01/2008,69
23/01/2008,48.875
24/01/2008,61.525
25/01/2008,55.2
26/01/2008,58.075
27/01/2008,51.75
28/01/2008,55.2
29/01/2008,56.925
30/01/2008,47.725
31/01/2008,65.55
1/02/2008,42.55
2/02/2008,49.45
3/02/2008,44.275
4/02/2008,20.125
5/02/2008,41.4
6/02/2008,44.275
7/02/2008,37.95
8/02/2008,45.2
9/02/2008,43.29
10/02/2008,37.605
11/02/2008,41.73
12/02/2008,58.275
13/02/2008,49.955
14/02/2008,70.195
15/02/2008,82.665
16/02/2008,67.415
17/02/2008,42.75
18/02/2008,33.015
19/02/2008,46.865
20/02/2008,53.4
21/02/2008,67.425
22/02/2008,5.95
23/02/2008,35.275
24/02/2008,21.87
25/02/2008,43.845
26/02/2008,26.95
27/02/2008,26.625
28/02/2008,20.805
29/02/2008,35.855
1/03/2008,43.815
2/03/2008,48.24
3/03/2008,5.2
4/03/2008,6.615
5/03/2008,25.01
6/03/2008,16.52
7/03/2008,15.39
8/03/2008,21.175
9/03/2008,0
10/03/2008,0
11/03/2008,0
12/03/2008,0
13/03/2008,0
14/03/2008,0
15/03/2008,0
16/03/2008,0
17/03/2008,0
18/03/2008,0
19/03/2008,0
20/03/2008,0
21/03/2008,0
22/03/2008,0
23/03/2008,0
24/03/2008,0
25/03/2008,0
26/03/2008,0
27/03/2008,0
28/03/2008,0
29/03/2008,0
30/03/2008,0
31/03/2008,0
1/04/2008,0
2/04/2008,0
3/04/2008,0
4/04/2008,0
5/04/2008,0
6/04/2008,0
7/04/2008,0
8/04/2008,0
9/04/2008,0
10/04/2008,0
11/04/2008,0
12/04/2008,0
13/04/2008,0
14/04/2008,0
15/04/2008,0
16/04/2008,0
17/04/2008,0
18/04/2008,0
19/04/2008,0
20/04/2008,0
21/04/2008,0
22/04/2008,0
23/04/2008,0
24/04/2008,0
25/04/2008,0
26/04/2008,0
27/04/2008,0
28/04/2008,0
29/04/2008,0
30/04/2008,0
1/05/2008,0
2/05/2008,0
3/05/2008,0
4/05/2008,0
5/05/2008,0
6/05/2008,0
7/05/2008,0
8/05/2008,0
9/05/2008,0
10/05/2008,0
11/05/2008,0
12/05/2008,0
13/05/2008,0
14/05/2008,0
15/05/2008,0
16/05/2008,0
17/05/2008,0
18/05/2008,0
19/05/2008,0
20/05/2008,0
21/05/2008,0
22/05/2008,0
23/05/2008,0
24/05/2008,0
25/05/2008,0
26/05/2008,0
27/05/2008,0
28/05/2008,0
29/05/2008,0
30/05/2008,0
31/05/2008,0
1/06/2008,0
2/06/2008,0
3/06/2008,0
4/06/2008,0
5/06/2008,0
6/06/2008,0
7/06/2008,0
8/06/2008,0
9/06/2008,0
10/06/2008,0
11/06/2008,0
12/06/2008,0
13/06/2008,0
14/06/2008,0
15/06/2008,0
16/06/2008,0
17/06/2008,0
18/06/2008,0
19/06/2008,0
20/06/2008,0
21/06/2008,0
22/06/2008,0
23/06/2008,0
24/06/2008,0
25/06/2008,0
26/06/2008,0
27/06/2008,0
28/06/2008,0
29/06/2008,0
30/06/2008,0
1/07/2008,0
2/07/2008,0
3/07/2008,0
4/07/2008,0
5/07/2008,0
6/07/2008,0
7/07/2008,0
8/07/2008,0
9/07/2008,0
10/07/2008,0
11/07/2008,0
12/07/2008,0
13/07/2008,0
14/07/2008,0
15/07/2008,0
16/07/2008,0
17/07/2008,0
18/07/2008,0
19/07/2008,0
20/07/2008,0
21/07/2008,0
22/07/2008,0
23/07/2008,0
24/07/2008,0
25/07/2008,0
26/07/2008,0
27/07/2008,0
28/07/2008,0
29/07/2008,0
30/07/2008,0
31/07/2008,0
1/08/2008,0
2/08/2008,0
3/08/2008,0
4/08/2008,0
5/08/2008,0
6/08/2008,0
7/08/2008,0
8/08/2008,0
9/08/2008,0
10/08/2008,0
11/08/2008,0
12/08/2008,0
13/08/2008,0
14/08/2008,0
15/08/2008,0
16/08/2008,0
17/08/2008,0
18/08/2008,0
19/08/2008,0
20/08/2008,0
21/08/2008,0
22/08/2008,0
23/08/2008,0
24/08/2008,0
25/08/2008,0
26/08/2008,0
27/08/2008,0
28/08/2008,0
29/08/2008,0
30/08/2008,0
31/08/2008,0
1/09/2008,0
2/09/2008,0
3/09/2008,0
4/09/2008,0
5/09/2008,0
6/09/2008,0
7/09/2008,0
8/09/2008,0
9/09/2008,0
10/09/2008,0
11/09/2008,0
12/09/2008,0
13/09/2008,0
14/09/2008,0
15/09/2008,0
16/09/2008,0
17/09/2008,0
18/09/2008,0
19/09/2008,0
20/09/2008,0
21/09/2008,0
22/09/2008,0
23/09/2008,0
24/09/2008,0
25/09/2008,0
26/09/2008,0
27/09/2008,0
28/09/2008,0
29/09/2008,0
30/09/2008,0
1/10/2008,0
2/10/2008,0
3/10/2008,0
4/10/2008,0
5/10/2008,0
6/10/2008,0
7/10/2008,0
8/10/2008,0
9/10/2008,0
10/10/2008,0
11/10/2008,0
12/10/2008,0
13/10/2008,0
14/10/2008,0
15/10/2008,0
16/10/2008,0
17/10/2008,0
18/10/2008,0
19/10/2008,0
20/10/2008,0
21/10/2008,0
22/10/2008,0
23/10/2008,0
24/10/2008,0
25/10/2008,6.45
26/10/2008,6.9
27/10/2008,4.5
28/10/2008,9
29/10/2008,4.05
30/10/2008,4.05
31/10/2008,4.35
1/11/2008,6
2/11/2008,5.4
3/11/2008,1.95
4/11/2008,7.2
5/11/2008,3.3
6/11/2008,5.25
7/11/2008,9.45
8/11/2008,7.35
9/11/2008,6.9
10/11/2008,8.4
11/11/2008,5.1
12/11/2008,8.1
13/11/2008,6.9
14/11/2008,7.35
15/11/2008,14.028
16/11/2008,3.864
17/11/2008,7.839
18/11/2008,22.89
19/11/2008,7.05
20/11/2008,11.088
21/11/2008,9.684
22/11/2008,12.012
23/11/2008,15.453
24/11/2008,16.96
25/11/2008,16.513
26/11/2008,12.036
27/11/2008,20.776
28/11/2008,23.28
29/11/2008,21.87
30/11/2008,22.788
1/12/2008,35.12
2/12/2008,32.832
3/12/2008,21.758
4/12/2008,42.63
5/12/2008,36.504
6/12/2008,43.492
7/12/2008,41.116
8/12/2008,48.546
9/12/2008,52.325
10/12/2008,36.225
11/12/2008,43.125
12/12/2008,37.95
13/12/2008,49.45
14/12/2008,40.25
15/12/2008,49.45
16/12/2008,90.85
17/12/2008,40.825
18/12/2008,43.7
19/12/2008,50.6
20/12/2008,71.875
21/12/2008,56.35
22/12/2008,60.375
23/12/2008,57.5
24/12/2008,43.7
25/12/2008,48.875
26/12/2008,52.325
27/12/2008,53.475
28/12/2008,63.25
29/12/2008,37.95
30/12/2008,63.825
31/12/2008,52.325
1/01/2009,31.625
2/01/2009,14.375
3/01/2009,41.975
4/01/2009,50.6
5/01/2009,53.475
6/01/2009,50.6
7/01/2009,43.125
8/01/2009,37.95
9/01/2009,40.825
10/01/2009,47.725
11/01/2009,44.275
12/01/2009,48.875
13/01/2009,58.65
14/01/2009,96.6
15/01/2009,44.85
16/01/2009,36.8
17/01/2009,55.2
18/01/2009,13.8
19/01/2009,24.725
20/01/2009,21.85
21/01/2009,24.15
22/01/2009,42.55
23/01/2009,58.075
24/01/2009,52.325
25/01/2009,36.8
26/01/2009,56.35
27/01/2009,32.2
28/01/2009,44.85
29/01/2009,43.125
30/01/2009,44.85
31/01/2009,51.75
1/02/2009,40.25
2/02/2009,39.675
3/02/2009,70.15
4/02/2009,73.6
5/02/2009,43.125
6/02/2009,52.325
7/02/2009,49.45
8/02/2009,44.07
9/02/2009,38.295
10/02/2009,61.04
11/02/2009,50.29
12/02/2009,35.7
13/02/2009,28.84
14/02/2009,35.35
15/02/2009,41.58
16/02/2009,27.645
17/02/2009,39.9
18/02/2009,32.55
19/02/2009,34.125
20/02/2009,20.915
21/02/2009,24.795
22/02/2009,30.175
23/02/2009,21.58
24/02/2009,28.35
25/02/2009,23.305
26/02/2009,36.96
27/02/2009,28.125
28/02/2009,26.645
1/03/2009,19.88
2/03/2009,24.15
3/03/2009,29.815
4/03/2009,27.625
5/03/2009,28.98
6/03/2009,24.4
7/03/2009,26.55
8/03/2009,20.805
9/03/2009,27.225
10/03/2009,0
11/03/2009,0
12/03/2009,0
13/03/2009,0
14/03/2009,0
15/03/2009,0
16/03/2009,0
17/03/2009,0
18/03/2009,0
19/03/2009,0
20/03/2009,0
21/03/2009,0
22/03/2009,0
23/03/2009,0
24/03/2009,0
25/03/2009,0
26/03/2009,0
27/03/2009,0
28/03/2009,0
29/03/2009,0
30/03/2009,0
31/03/2009,0
1/04/2009,0
2/04/2009,0
3/04/2009,0
4/04/2009,0
5/04/2009,0
6/04/2009,0
7/04/2009,0
8/04/2009,0
9/04/2009,0
10/04/2009,0
11/04/2009,0
12/04/2009,0
13/04/2009,0
14/04/2009,0
15/04/2009,0
16/04/2009,0
17/04/2009,0
18/04/2009,0
19/04/2009,0
20/04/2009,0
21/04/2009,0
22/04/2009,0
23/04/2009,0
24/04/2009,0
25/04/2009,0
26/04/2009,0
27/04/2009,0
28/04/2009,0
29/04/2009,0
30/04/2009,0
1/05/2009,0
2/05/2009,0
3/05/2009,0
4/05/2009,0
5/05/2009,0
6/05/2009,0
7/05/2009,0
8/05/2009,0
9/05/2009,0
10/05/2009,0
11/05/2009,0
12/05/2009,0
13/05/2009,0
14/05/2009,0
15/05/2009,0
16/05/2009,0
17/05/2009,0
18/05/2009,0
19/05/2009,0
20/05/2009,0
21/05/2009,0
22/05/2009,0
23/05/2009,0
24/05/2009,0
25/05/2009,0
26/05/2009,0
27/05/2009,0
28/05/2009,0
29/05/2009,0
30/05/2009,0
31/05/2009,0
1/06/2009,0
2/06/2009,0
3/06/2009,0
4/06/2009,0
5/06/2009,0
6/06/2009,0
7/06/2009,0
8/06/2009,0
9/06/2009,0
10/06/2009,0
11/06/2009,0
12/06/2009,0
13/06/2009,0
14/06/2009,0
15/06/2009,0
16/06/2009,0
17/06/2009,0
18/06/2009,0
19/06/2009,0
20/06/2009,0
21/06/2009,0
22/06/2009,0
23/06/2009,0
24/06/2009,0
25/06/2009,0
26/06/2009,0
27/06/2009,0
28/06/2009,0
29/06/2009,0
30/06/2009,0
1/07/2009,0
2/07/2009,0
3/07/2009,0
4/07/2009,0
5/07/2009,0
6/07/2009,0
7/07/2009,0
8/07/2009,0
9/07/2009,0
10/07/2009,0
11/07/2009,0
12/07/2009,0
13/07/2009,0
14/07/2009,0
15/07/2009,0
16/07/2009,0
17/07/2009,0
18/07/2009,0
19/07/2009,0
20/07/2009,0
21/07/2009,0
22/07/2009,0
23/07/2009,0
24/07/2009,0
25/07/2009,0
26/07/2009,0
27/07/2009,0
28/07/2009,0
29/07/2009,0
30/07/2009,0
31/07/2009,0
1/08/2009,0
2/08/2009,0
3/08/2009,0
4/08/2009,0
5/08/2009,0
6/08/2009,0
7/08/2009,0
8/08/2009,0
9/08/2009,0
10/08/2009,0
11/08/2009,0
12/08/2009,0
13/08/2009,0
14/08/2009,0
15/08/2009,0
16/08/2009,0
17/08/2009,0
18/08/2009,0
19/08/2009,0
20/08/2009,0
21/08/2009,0
22/08/2009,0
23/08/2009,0
24/08/2009,0
25/08/2009,0
26/08/2009,0
27/08/2009,0
28/08/2009,0
29/08/2009,0
30/08/2009,0
31/08/2009,0
1/09/2009,0
2/09/2009,0
3/09/2009,0
4/09/2009,0
5/09/2009,0
6/09/2009,0
7/09/2009,0
8/09/2009,0
9/09/2009,0
10/09/2009,0
11/09/2009,0
12/09/2009,0
13/09/2009,0
14/09/2009,0
15/09/2009,0
16/09/2009,0
17/09/2009,0
18/09/2009,0
19/09/2009,0
20/09/2009,0
21/09/2009,0
22/09/2009,0
23/09/2009,0
24/09/2009,0
25/09/2009,0
26/09/2009,0
27/09/2009,0
28/09/2009,0
29/09/2009,0
30/09/2009,0
1/10/2009,0
2/10/2009,0
3/10/2009,0
4/10/2009,0
5/10/2009,0
6/10/2009,0
7/10/2009,0
8/10/2009,0
9/10/2009,0
10/10/2009,0
11/10/2009,0
12/10/2009,0
13/10/2009,0
14/10/2009,0
15/10/2009,0
16/10/2009,0
17/10/2009,0
18/10/2009,0
19/10/2009,0
20/10/2009,0
21/10/2009,0
22/10/2009,0
23/10/2009,0
24/10/2009,0
25/10/2009,9.75
26/10/2009,10.2
27/10/2009,5.25
28/10/2009,6.45
29/10/2009,10.8
30/10/2009,6
31/10/2009,6
1/11/2009,7.8
2/11/2009,4.35
3/11/2009,9.9
4/11/2009,6.45
5/11/2009,9.45
6/11/2009,8.4
7/11/2009,9.3
8/11/2009,14.1
9/11/2009,15.15
10/11/2009,13.8
11/11/2009,5.85
12/11/2009,10.2
13/11/2009,6.15
14/11/2009,7.65
15/11/2009,11.022
16/11/2009,22.08
17/11/2009,14.472
18/11/2009,19.62
19/11/2009,13.16
20/11/2009,11.088
21/11/2009,18.292
22/11/2009,17.16
23/11/2009,13.938
24/11/2009,26.56
25/11/2009,27.971
26/11/2009,24.072
27/11/2009,29.68
28/11/2009,21.728
29/11/2009,18.225
30/11/2009,16.458
1/12/2009,46.534
2/12/2009,37.848
3/12/2009,39.259
4/12/2009,34.3
5/12/2009,30.927
6/12/2009,31.44
7/12/2009,37.87
8/12/2009,38.502
9/12/2009,44.85
10/12/2009,56.35
11/12/2009,47.725
12/12/2009,29.325
13/12/2009,47.725
14/12/2009,55.2
15/12/2009,37.95
16/12/2009,93.725
17/12/2009,63.25
18/12/2009,60.375
19/12/2009,40.825
20/12/2009,51.75
21/12/2009,20.125
22/12/2009,34.5
23/12/2009,46.575
24/12/2009,40.825
25/12/2009,44.85
26/12/2009,44.85
27/12/2009,55.2
28/12/2009,66.125
29/12/2009,58.075
30/12/2009,27.6
31/12/2009,37.95
1/01/2010,53.475
2/01/2010,50.6
3/01/2010,49.45
4/01/2010,37.95
5/01/2010,54.625
6/01/2010,43.7
7/01/2010,66.125
8/01/2010,39.1
9/01/2010,53.475
10/01/2010,52.325
11/01/2010,67.85
12/01/2010,47.725
13/01/2010,81.075
14/01/2010,61.525
15/01/2010,35.65
16/01/2010,18.4
17/01/2010,28.75
18/01/2010,30.475
19/01/2010,38.525
20/01/2010,36.8
21/01/2010,55.2
22/01/2010,70.15
23/01/2010,35.075
24/01/2010,46
25/01/2010,64.4
26/01/2010,58.075
27/01/2010,42.55
28/01/2010,49.45
29/01/2010,32.2
30/01/2010,53.475
31/01/2010,35.075
1/02/2010,39.675
2/02/2010,10.925
3/02/2010,12.65
4/02/2010,36.8
5/02/2010,37.95
6/02/2010,44.275
7/02/2010,43.125
8/02/2010,44.07
9/02/2010,42.735
10/02/2010,51.23
11/02/2010,29.96
12/02/2010,40.95
13/02/2010,41.2
14/02/2010,55.55
15/02/2010,47.52
16/02/2010,56.745
17/02/2010,38
18/02/2010,55.8
19/02/2010,30.03
20/02/2010,46.28
21/02/2010,30.45
22/02/2010,28.05
23/02/2010,36.935
24/02/2010,38.07
25/02/2010,39.895
26/02/2010,24.255
27/02/2010,26.25
28/02/2010,23.36
1/03/2010,35.855
2/03/2010,27.6
3/03/2010,21.44
4/03/2010,22.75
5/03/2010,23.625
6/03/2010,23.79
7/03/2010,21.535
8/03/2010,30.21
9/03/2010,36.025
10/03/2010,0
11/03/2010,0
12/03/2010,0
13/03/2010,0
14/03/2010,0
15/03/2010,0
16/03/2010,0
17/03/2010,0
18/03/2010,0
19/03/2010,0
20/03/2010,0
21/03/2010,0
22/03/2010,0
23/03/2010,0
24/03/2010,0
25/03/2010,0
26/03/2010,0
27/03/2010,0
28/03/2010,0
29/03/2010,0
30/03/2010,0
31/03/2010,0
1/04/2010,0
2/04/2010,0
3/04/2010,0
4/04/2010,0
5/04/2010,0
6/04/2010,0
7/04/2010,0
8/04/2010,0
9/04/2010,0
10/04/2010,0
11/04/2010,0
12/04/2010,0
13/04/2010,0
14/04/2010,0
15/04/2010,0
16/04/2010,0
17/04/2010,0
18/04/2010,0
19/04/2010,0
20/04/2010,0
21/04/2010,0
22/04/2010,0
23/04/2010,0
24/04/2010,0
25/04/2010,0
26/04/2010,0
27/04/2010,0
28/04/2010,0
29/04/2010,0
30/04/2010,0
1/05/2010,0
2/05/2010,0
3/05/2010,0
4/05/2010,0
5/05/2010,0
6/05/2010,0
7/05/2010,0
8/05/2010,0
9/05/2010,0
10/05/2010,0
11/05/2010,0
12/05/2010,0
13/05/2010,0
14/05/2010,0
15/05/2010,0
16/05/2010,0
17/05/2010,0
18/05/2010,0
19/05/2010,0
20/05/2010,0
21/05/2010,0
22/05/2010,0
23/05/2010,0
24/05/2010,0
25/05/2010,0
26/05/2010,0
27/05/2010,0
28/05/2010,0
29/05/2010,0
30/05/2010,0
31/05/2010,0
1/06/2010,0
2/06/2010,0
3/06/2010,0
4/06/2010,0
5/06/2010,0
6/06/2010,0
7/06/2010,0
8/06/2010,0
9/06/2010,0
10/06/2010,0
11/06/2010,0
12/06/2010,0
13/06/2010,0
14/06/2010,0
15/06/2010,0
16/06/2010,0
17/06/2010,0
18/06/2010,0
19/06/2010,0
20/06/2010,0
21/06/2010,0
22/06/2010,0
23/06/2010,0
24/06/2010,0
25/06/2010,0
26/06/2010,0
27/06/2010,0
28/06/2010,0
29/06/2010,0
30/06/2010,0
1/07/2010,0
2/07/2010,0
3/07/2010,0
4/07/2010,0
5/07/2010,0
6/07/2010,0
7/07/2010,0
8/07/2010,0
9/07/2010,0
10/07/2010,0
11/07/2010,0
12/07/2010,0
13/07/2010,0
14/07/2010,0
15/07/2010,0
16/07/2010,0
17/07/2010,0
18/07/2010,0
19/07/2010,0
20/07/2010,0
21/07/2010,0
22/07/2010,0
23/07/2010,0
24/07/2010,0
25/07/2010,0
26/07/2010,0
27/07/2010,0
28/07/2010,0
29/07/2010,0
30/07/2010,0
31/07/2010,0
1/08/2010,0
2/08/2010,0
3/08/2010,0
4/08/2010,0
5/08/2010,0
6/08/2010,0
7/08/2010,0
8/08/2010,0
9/08/2010,0
10/08/2010,0
11/08/2010,0
12/08/2010,0
13/08/2010,0
14/08/2010,0
15/08/2010,0
16/08/2010,0
17/08/2010,0
18/08/2010,0
19/08/2010,0
20/08/2010,0
21/08/2010,0
22/08/2010,0
23/08/2010,0
24/08/2010,0
25/08/2010,0
26/08/2010,0
27/08/2010,0
28/08/2010,0
29/08/2010,0
30/08/2010,0
31/08/2010,0
1/09/2010,0
2/09/2010,0
3/09/2010,0
4/09/2010,0
5/09/2010,0
6/09/2010,0
7/09/2010,0
8/09/2010,0
9/09/2010,0
10/09/2010,0
11/09/2010,0
12/09/2010,0
13/09/2010,0
14/09/2010,0
15/09/2010,0
16/09/2010,0
17/09/2010,0
18/09/2010,0
19/09/2010,0
20/09/2010,0
21/09/2010,0
22/09/2010,0
23/09/2010,0
24/09/2010,0
25/09/2010,0
26/09/2010,0
27/09/2010,0
28/09/2010,0
29/09/2010,0
30/09/2010,0
1/10/2010,0
2/10/2010,0
3/10/2010,0
4/10/2010,0
5/10/2010,0
6/10/2010,0
7/10/2010,0
8/10/2010,0
9/10/2010,0
10/10/2010,0
11/10/2010,0
12/10/2010,0
13/10/2010,0
14/10/2010,0
15/10/2010,0
16/10/2010,0
17/10/2010,0
18/10/2010,0
19/10/2010,0
20/10/2010,0
21/10/2010,0
22/10/2010,0
23/10/2010,0
24/10/2010,0
25/10/2010,9.3
26/10/2010,17.25
27/10/2010,5.85
28/10/2010,6.45
29/10/2010,5.4
30/10/2010,8.85
31/10/2010,9.9
1/11/2010,8.4
2/11/2010,4.05
3/11/2010,6.3
4/11/2010,7.5
5/11/2010,7.95
6/11/2010,6.3
7/11/2010,6
8/11/2010,6.3
9/11/2010,8.85
10/11/2010,11.4
11/11/2010,11.1
12/11/2010,8.1
13/11/2010,5.7
14/11/2010,5.85
15/11/2010,7.348
16/11/2010,9.752
17/11/2010,9.246
18/11/2010,14.17
19/11/2010,11.28
20/11/2010,13.608
21/11/2010,12.105
22/11/2010,14.014
23/11/2010,11.817
24/11/2010,17.28
25/11/2010,20.557
26/11/2010,24.78
27/11/2010,23.373
28/11/2010,22.116
29/11/2010,42.12
30/11/2010,40.512
1/12/2010,31.608
2/12/2010,21.888
3/12/2010,26.961
4/12/2010,20.58
5/12/2010,47.151
6/12/2010,59.212
7/12/2010,40.575
8/12/2010,36.27
9/12/2010,47.725
10/12/2010,39.675
11/12/2010,26.45
12/12/2010,31.625
13/12/2010,29.325
14/12/2010,58.075
15/12/2010,34.5
16/12/2010,28.75
17/12/2010,37.95
18/12/2010,39.1
19/12/2010,46
20/12/2010,75.325
21/12/2010,46
22/12/2010,41.975
23/12/2010,48.875
24/12/2010,21.85
25/12/2010,37.95
26/12/2010,43.125
27/12/2010,37.375
28/12/2010,25.875
29/12/2010,26.45
30/12/2010,30.475
31/12/2010,40.25
1/01/2011,40.825
2/01/2011,43.7
3/01/2011,40.825
4/01/2011,48.875
5/01/2011,57.5
6/01/2011,66.125
7/01/2011,55.2
8/01/2011,51.75
9/01/2011,41.975
10/01/2011,34.5
11/01/2011,48.875
12/01/2011,44.275
13/01/2011,35.075
14/01/2011,44.85
15/01/2011,41.4
16/01/2011,36.8
17/01/2011,40.25
18/01/2011,28.75
19/01/2011,31.05
20/01/2011,30.475
21/01/2011,27.6
22/01/2011,35.65
23/01/2011,47.725
24/01/2011,56.925
25/01/2011,36.8
26/01/2011,54.05
27/01/2011,41.4
28/01/2011,33.35
29/01/2011,39.675
30/01/2011,48.875
31/01/2011,69
1/02/2011,48.875
2/02/2011,39.675
3/02/2011,23
4/02/2011,44.85
5/02/2011,44.85
6/02/2011,36.8
7/02/2011,40.25
8/02/2011,42.375
9/02/2011,35.52
10/02/2011,35.97
11/02/2011,47.615
12/02/2011,40.95
13/02/2011,36.05
14/02/2011,41.41
15/02/2011,22.275
16/02/2011,12.61
17/02/2011,37.05
18/02/2011,33.945
19/02/2011,31.85
20/02/2011,37.825
21/02/2011,34.8
22/02/2011,27.2
23/02/2011,32.37
24/02/2011,31.185
25/02/2011,23.305
26/02/2011,25.41
27/02/2011,33.75
28/02/2011,47.815
1/03/2011,31.95
2/03/2011,31.74
3/03/2011,23.45
4/03/2011,20.475
5/03/2011,32.76
6/03/2011,17.995
7/03/2011,23.6
8/03/2011,26.22
9/03/2011,19.25
10/03/2011,0
11/03/2011,0
12/03/2011,0
13/03/2011,0
14/03/2011,0
15/03/2011,0
16/03/2011,0
17/03/2011,0
18/03/2011,0
19/03/2011,0
20/03/2011,0
21/03/2011,0
22/03/2011,0
23/03/2011,0
24/03/2011,0
25/03/2011,0
26/03/2011,0
27/03/2011,0
28/03/2011,0
29/03/2011,0
30/03/2011,0
31/03/2011,0
1/04/2011,0
2/04/2011,0
3/04/2011,0
4/04/2011,0
5/04/2011,0
6/04/2011,0
7/04/2011,0
8/04/2011,0
9/04/2011,0
10/04/2011,0
11/04/2011,0
12/04/2011,0
13/04/2011,0
14/04/2011,0
15/04/2011,0
16/04/2011,0
17/04/2011,0
18/04/2011,0
19/04/2011,0
20/04/2011,0
21/04/2011,0
22/04/2011,0
23/04/2011,0
24/04/2011,0
25/04/2011,0
26/04/2011,0
27/04/2011,0
28/04/2011,0
29/04/2011,0
30/04/2011,0
1/05/2011,0
2/05/2011,0
3/05/2011,0
4/05/2011,0
5/05/2011,0
6/05/2011,0
7/05/2011,0
8/05/2011,0
9/05/2011,0
10/05/2011,0
11/05/2011,0
12/05/2011,0
13/05/2011,0
14/05/2011,0
15/05/2011,0
16/05/2011,0
17/05/2011,0
18/05/2011,0
19/05/2011,0
20/05/2011,0
21/05/2011,0
22/05/2011,0
23/05/2011,0
24/05/2011,0
25/05/2011,0
26/05/2011,0
27/05/2011,0
28/05/2011,0
29/05/2011,0
30/05/2011,0
31/05/2011,0
1/06/2011,0
2/06/2011,0
3/06/2011,0
4/06/2011,0
5/06/2011,0
6/06/2011,0
7/06/2011,0
8/06/2011,0
9/06/2011,0
10/06/2011,0
11/06/2011,0
12/06/2011,0
13/06/2011,0
14/06/2011,0
15/06/2011,0
16/06/2011,0
17/06/2011,0
18/06/2011,0
19/06/2011,0
20/06/2011,0
21/06/2011,0
22/06/2011,0
23/06/2011,0
24/06/2011,0
25/06/2011,0
26/06/2011,0
27/06/2011,0
28/06/2011,0
29/06/2011,0
30/06/2011,0
1/07/2011,0
2/07/2011,0
3/07/2011,0
4/07/2011,0
5/07/2011,0
6/07/2011,0
7/07/2011,0
8/07/2011,0
9/07/2011,0
10/07/2011,0
11/07/2011,0
12/07/2011,0
13/07/2011,0
14/07/2011,0
15/07/2011,0
16/07/2011,0
17/07/2011,0
18/07/2011,0
19/07/2011,0
20/07/2011,0
21/07/2011,0
22/07/2011,0
23/07/2011,0
24/07/2011,0
25/07/2011,0
26/07/2011,0
27/07/2011,0
28/07/2011,0
29/07/2011,0
30/07/2011,0
31/07/2011,0
1/08/2011,0
2/08/2011,0
3/08/2011,0
4/08/2011,0
5/08/2011,0
6/08/2011,0
7/08/2011,0
8/08/2011,0
9/08/2011,0
10/08/2011,0
11/08/2011,0
12/08/2011,0
13/08/2011,0
14/08/2011,0
15/08/2011,0
16/08/2011,0
17/08/2011,0
18/08/2011,0
19/08/2011,0
20/08/2011,0
21/08/2011,0
22/08/2011,0
23/08/2011,0
24/08/2011,0
25/08/2011,0
26/08/2011,0
27/08/2011,0
28/08/2011,0
29/08/2011,0
30/08/2011,0
31/08/2011,0
1/09/2011,0
2/09/2011,0
3/09/2011,0
4/09/2011,0
5/09/2011,0
6/09/2011,0
7/09/2011,0
8/09/2011,0
9/09/2011,0
10/09/2011,0
11/09/2011,0
12/09/2011,0
13/09/2011,0
14/09/2011,0
15/09/2011,0
16/09/2011,0
17/09/2011,0
18/09/2011,0
19/09/2011,0
20/09/2011,0
21/09/2011,0
22/09/2011,0
23/09/2011,0
24/09/2011,0
25/09/2011,0
26/09/2011,0
27/09/2011,0
28/09/2011,0
29/09/2011,0
30/09/2011,0
1/10/2011,0
2/10/2011,0
3/10/2011,0
4/10/2011,0
5/10/2011,0
6/10/2011,0
7/10/2011,0
8/10/2011,0
9/10/2011,0
10/10/2011,0
11/10/2011,0
12/10/2011,0
13/10/2011,0
14/10/2011,0
15/10/2011,0
16/10/2011,0
17/10/2011,0
18/10/2011,0
19/10/2011,0
20/10/2011,0
21/10/2011,0
22/10/2011,0
23/10/2011,0
24/10/2011,0
25/10/2011,0
26/10/2011,7.8
27/10/2011,4.95
28/10/2011,2.4
29/10/2011,6.75
30/10/2011,3.6
31/10/2011,6.3
1/11/2011,6.3
2/11/2011,6.3
3/11/2011,6.9
4/11/2011,4.5
5/11/2011,7.35
6/11/2011,6.9
7/11/2011,8.7
8/11/2011,9.9
9/11/2011,11.4
10/11/2011,5.25
11/11/2011,6.9
12/11/2011,7.95
13/11/2011,5.4
14/11/2011,4.5
15/11/2011,7.65
16/11/2011,9.352
17/11/2011,7.176
18/11/2011,8.844
19/11/2011,10.464
20/11/2011,19.975
21/11/2011,11.592
22/11/2011,6.456
23/11/2011,10.868
24/11/2011,17.877
25/11/2011,14.4
26/11/2011,22.242
27/11/2011,20.178
28/11/2011,24.115
29/11/2011,17.072
30/11/2011,23.085
1/12/2011,10.128
2/12/2011,22.389
3/12/2011,23.256
4/12/2011,23.177
5/12/2011,32.34
6/12/2011,27.378
7/12/2011,25.152
8/12/2011,22.722
9/12/2011,24.552
10/12/2011,32.775
11/12/2011,21.85
12/12/2011,31.625
13/12/2011,40.25
14/12/2011,31.625
15/12/2011,46.575
16/12/2011,28.75
17/12/2011,14.375
18/12/2011,21.85
19/12/2011,33.35
20/12/2011,24.15
21/12/2011,30.475
22/12/2011,58.075
23/12/2011,46
24/12/2011,37.95
25/12/2011,37.95
26/12/2011,40.25
27/12/2011,28.75
28/12/2011,15.525
29/12/2011,9.775
30/12/2011,12.65
31/12/2011,21.275
1/01/2012,49.45
2/01/2012,24.725
3/01/2012,24.15
4/01/2012,31.05
5/01/2012,43.7
6/01/2012,18.975
7/01/2012,34.5
8/01/2012,37.375
9/01/2012,29.325
10/01/2012,37.375
11/01/2012,31.625
12/01/2012,36.8
13/01/2012,44.275
14/01/2012,49.45
15/01/2012,47.15
16/01/2012,42.55
17/01/2012,37.95
18/01/2012,28.75
19/01/2012,37.95
20/01/2012,35.075
21/01/2012,43.125
22/01/2012,24.725
23/01/2012,56.35
24/01/2012,41.4
25/01/2012,38.525
26/01/2012,40.25
27/01/2012,33.35
28/01/2012,27.6
29/01/2012,35.075
30/01/2012,31.05
31/01/2012,30.475
1/02/2012,54.05
2/02/2012,6.325
3/02/2012,10.35
4/02/2012,9.2
5/02/2012,33.35
6/02/2012,18.4
7/02/2012,24.725
8/02/2012,31.05
9/02/2012,18.08
10/02/2012,36.63
11/02/2012,40.33
12/02/2012,37.985
13/02/2012,51.975
14/02/2012,61.8
15/02/2012,52.015
16/02/2012,68.805
17/02/2012,47.045
18/02/2012,28.025
19/02/2012,45.105
20/02/2012,38.22
21/02/2012,28.035
22/02/2012,26.535
23/02/2012,34
24/02/2012,27.39
25/02/2012,24.705
26/02/2012,41.87
27/02/2012,34.265
28/02/2012,20.25
29/02/2012,24.8
1/03/2012,34.435
2/03/2012,37.95
3/03/2012,18.76
4/03/2012,12.025
5/03/2012,17.01
6/03/2012,15.25
7/03/2012,17.405
8/03/2012,22.23
9/03/2012,19.525
10/03/2012,0
11/03/2012,0
12/03/2012,0
13/03/2012,0
14/03/2012,0
15/03/2012,0
16/03/2012,0
17/03/2012,0
18/03/2012,0
19/03/2012,0
20/03/2012,0
21/03/2012,0
22/03/2012,0
23/03/2012,0
24/03/2012,0
25/03/2012,0
26/03/2012,0
27/03/2012,0
28/03/2012,0
29/03/2012,0
30/03/2012,0
31/03/2012,0
1/04/2012,0
2/04/2012,0
3/04/2012,0
4/04/2012,0
5/04/2012,0
6/04/2012,0
7/04/2012,0
8/04/2012,0
9/04/2012,0
10/04/2012,0
11/04/2012,0
12/04/2012,0
13/04/2012,0
14/04/2012,0
15/04/2012,0
16/04/2012,0
17/04/2012,0
18/04/2012,0
19/04/2012,0
20/04/2012,0
21/04/2012,0
22/04/2012,0
23/04/2012,0
24/04/2012,0
25/04/2012,0
26/04/2012,0
27/04/2012,0
28/04/2012,0
29/04/2012,0
30/04/2012,0
1/05/2012,0
2/05/2012,0
3/05/2012,0
4/05/2012,0
5/05/2012,0
6/05/2012,0
7/05/2012,0
8/05/2012,0
9/05/2012,0
10/05/2012,0
11/05/2012,0
12/05/2012,0
13/05/2012,0
14/05/2012,0
15/05/2012,0
16/05/2012,0
17/05/2012,0
18/05/2012,0
19/05/2012,0
20/05/2012,0
21/05/2012,0
22/05/2012,0
23/05/2012,0
24/05/2012,0
25/05/2012,0
26/05/2012,0
27/05/2012,0
28/05/2012,0
29/05/2012,0
30/05/2012,0
31/05/2012,0
1/06/2012,0
2/06/2012,0
3/06/2012,0
4/06/2012,0
5/06/2012,0
6/06/2012,0
7/06/2012,0
8/06/2012,0
9/06/2012,0
10/06/2012,0
11/06/2012,0
12/06/2012,0
13/06/2012,0
14/06/2012,0
15/06/2012,0
16/06/2012,0
17/06/2012,0
18/06/2012,0
19/06/2012,0
20/06/2012,0
21/06/2012,0
22/06/2012,0
23/06/2012,0
24/06/2012,0
25/06/2012,0
26/06/2012,0
27/06/2012,0
28/06/2012,0
29/06/2012,0
30/06/2012,0
1/07/2012,0
2/07/2012,0
3/07/2012,0
4/07/2012,0
5/07/2012,0
6/07/2012,0
7/07/2012,0
8/07/2012,0
9/07/2012,0
10/07/2012,0
11/07/2012,0
12/07/2012,0
13/07/2012,0
14/07/2012,0
15/07/2012,0
16/07/2012,0
17/07/2012,0
18/07/2012,0
19/07/2012,0
20/07/2012,0
21/07/2012,0
22/07/2012,0
23/07/2012,0
24/07/2012,0
25/07/2012,0
26/07/2012,0
27/07/2012,0
28/07/2012,0
29/07/2012,0
30/07/2012,0
31/07/2012,0
1/08/2012,0
2/08/2012,0
3/08/2012,0
4/08/2012,0
5/08/2012,0
6/08/2012,0
7/08/2012,0
8/08/2012,0
9/08/2012,0
10/08/2012,0
11/08/2012,0
12/08/2012,0
13/08/2012,0
14/08/2012,0
15/08/2012,0
16/08/2012,0
17/08/2012,0
18/08/2012,0
19/08/2012,0
20/08/2012,0
21/08/2012,0
22/08/2012,0
23/08/2012,0
24/08/2012,0
25/08/2012,0
26/08/2012,0
27/08/2012,0
28/08/2012,0
29/08/2012,0
30/08/2012,0
31/08/2012,0
1/09/2012,0
2/09/2012,0
3/09/2012,0
4/09/2012,0
5/09/2012,0
6/09/2012,0
7/09/2012,0
8/09/2012,0
9/09/2012,0
10/09/2012,0
11/09/2012,0
12/09/2012,0
13/09/2012,0
14/09/2012,0
15/09/2012,0
16/09/2012,0
17/09/2012,0
18/09/2012,0
19/09/2012,0
20/09/2012,0
21/09/2012,0
22/09/2012,0
23/09/2012,0
24/09/2012,0
25/09/2012,0
26/09/2012,0
27/09/2012,0
28/09/2012,0
29/09/2012,0
30/09/2012,0
1/10/2012,0
2/10/2012,0
3/10/2012,0
4/10/2012,0
5/10/2012,0
6/10/2012,0
7/10/2012,0
8/10/2012,0
9/10/2012,0
10/10/2012,0
11/10/2012,0
12/10/2012,0
13/10/2012,0
14/10/2012,0
15/10/2012,0
16/10/2012,0
17/10/2012,0
18/10/2012,0
19/10/2012,0
20/10/2012,0
21/10/2012,0
22/10/2012,0
23/10/2012,0
24/10/2012,0
25/10/2012,4.35
26/10/2012,3.3
27/10/2012,4.5
28/10/2012,7.35
29/10/2012,8.4
30/10/2012,4.8
31/10/2012,5.85
1/11/2012,4.5
2/11/2012,6.45
3/11/2012,8.85
4/11/2012,7.35
5/11/2012,8.7
6/11/2012,7.5
7/11/2012,10.35
8/11/2012,3
9/11/2012,5.25
10/11/2012,3.9
11/11/2012,8.4
12/11/2012,7.35
13/11/2012,5.7
14/11/2012,4.5
15/11/2012,7.014
16/11/2012,5.52
17/11/2012,11.859
18/11/2012,8.284
19/11/2012,11.985
20/11/2012,8.568
21/11/2012,18.292
22/11/2012,28.6
23/11/2012,13.332
24/11/2012,15.36
25/11/2012,21.905
26/11/2012,15.93
27/11/2012,21.889
28/11/2012,25.22
29/11/2012,30.78
30/11/2012,11.394
1/12/2012,14.926
2/12/2012,31.008
3/12/2012,25.069
4/12/2012,24.99
5/12/2012,29.913
6/12/2012,34.06
7/12/2012,45.444
8/12/2012,42.408
9/12/2012,34.5
10/12/2012,39.675
11/12/2012,78.2
12/12/2012,56.35
13/12/2012,21.85
14/12/2012,24.15
15/12/2012,39.1
16/12/2012,39.1
17/12/2012,27.6
18/12/2012,48.875
19/12/2012,54.625
20/12/2012,63.825
21/12/2012,57.5
22/12/2012,24.725
23/12/2012,15.525
24/12/2012,29.325
25/12/2012,37.375
26/12/2012,41.975
27/12/2012,33.35
28/12/2012,36.225
29/12/2012,36.225
30/12/2012,51.75
31/12/2012,44.85
1/01/2013,27.6
2/01/2013,24.725
3/01/2013,37.95
4/01/2013,24.725
5/01/2013,40.25
6/01/2013,36.225
7/01/2013,34.5
8/01/2013,27.6
9/01/2013,31.625
10/01/2013,40.25
11/01/2013,41.4
12/01/2013,37.95
13/01/2013,62.675
14/01/2013,39.675
15/01/2013,28.75
16/01/2013,50.6
17/01/2013,36.8
18/01/2013,35.075
19/01/2013,41.4
20/01/2013,31.05
21/01/2013,40.25
22/01/2013,50.6
23/01/2013,71.875
24/01/2013,55.2
25/01/2013,44.275
26/01/2013,36.8
27/01/2013,23
28/01/2013,32.2
29/01/2013,43.125
30/01/2013,41.4
31/01/2013,44.275
1/02/2013,39.675
2/02/2013,32.2
3/02/2013,38.525
4/02/2013,50.6
5/02/2013,67.275
6/02/2013,79.35
7/02/2013,49.45
8/02/2013,45.2
9/02/2013,50.505
10/02/2013,35.97
11/02/2013,51.36
12/02/2013,48.3
13/02/2013,42.23
14/02/2013,51.005
15/02/2013,44.055
16/02/2013,43.165
17/02/2013,31.35
18/02/2013,44.64
19/02/2013,19.11
20/02/2013,32.485
21/02/2013,35.67
22/02/2013,14.875
23/02/2013,21.58
24/02/2013,22.68
25/02/2013,13.035
26/02/2013,22.715
27/02/2013,23.625
28/02/2013,25.55
1/03/2013,20.945
2/03/2013,16.905
3/03/2013,18.76
4/03/2013,24.375
5/03/2013,20.79
6/03/2013,19.52
7/03/2013,15.93
8/03/2013,16.815
9/03/2013,19.25
10/03/2013,0
11/03/2013,0
12/03/2013,0
13/03/2013,0
14/03/2013,0
15/03/2013,0
16/03/2013,0
17/03/2013,0
18/03/2013,0
19/03/2013,0
20/03/2013,0
21/03/2013,0
22/03/2013,0
23/03/2013,0
24/03/2013,0
25/03/2013,0
26/03/2013,0
27/03/2013,0
28/03/2013,0
29/03/2013,0
30/03/2013,0
31/03/2013,0
1/04/2013,0
2/04/2013,0
3/04/2013,0
4/04/2013,0
5/04/2013,0
6/04/2013,0
7/04/2013,0
8/04/2013,0
9/04/2013,0
10/04/2013,0
11/04/2013,0
12/04/2013,0
13/04/2013,0
14/04/2013,0
15/04/2013,0
16/04/2013,0
17/04/2013,0
18/04/2013,0
19/04/2013,0
20/04/2013,0
21/04/2013,0
22/04/2013,0
23/04/2013,0
24/04/2013,0
25/04/2013,0
26/04/2013,0
27/04/2013,0
28/04/2013,0
29/04/2013,0
30/04/2013,0
1/05/2013,0
2/05/2013,0
3/05/2013,0
4/05/2013,0
5/05/2013,0
6/05/2013,0
7/05/2013,0
8/05/2013,0
9/05/2013,0
10/05/2013,0
11/05/2013,0
12/05/2013,0
13/05/2013,0
14/05/2013,0
15/05/2013,0
16/05/2013,0
17/05/2013,0
18/05/2013,0
19/05/2013,0
20/05/2013,0
21/05/2013,0
22/05/2013,0
23/05/2013,0
24/05/2013,0
25/05/2013,0
26/05/2013,0
27/05/2013,0
28/05/2013,0
29/05/2013,0
30/05/2013,0
31/05/2013,0
1/06/2013,0
2/06/2013,0
3/06/2013,0
4/06/2013,0
5/06/2013,0
6/06/2013,0
7/06/2013,0
8/06/2013,0
9/06/2013,0
10/06/2013,0
11/06/2013,0
12/06/2013,0
13/06/2013,0
14/06/2013,0
15/06/2013,0
16/06/2013,0
17/06/2013,0
18/06/2013,0
19/06/2013,0
20/06/2013,0
21/06/2013,0
22/06/2013,0
23/06/2013,0
24/06/2013,0
25/06/2013,0
26/06/2013,0
27/06/2013,0
28/06/2013,0
29/06/2013,0
30/06/2013,0
1/07/2013,0
2/07/2013,0
3/07/2013,0
4/07/2013,0
5/07/2013,0
6/07/2013,0
7/07/2013,0
8/07/2013,0
9/07/2013,0
10/07/2013,0
11/07/2013,0
12/07/2013,0
13/07/2013,0
14/07/2013,0
15/07/2013,0
16/07/2013,0
17/07/2013,0
18/07/2013,0
19/07/2013,0
20/07/2013,0
21/07/2013,0
22/07/2013,0
23/07/2013,0
24/07/2013,0
25/07/2013,0
26/07/2013,0
27/07/2013,0
28/07/2013,0
29/07/2013,0
30/07/2013,0
31/07/2013,0
1/08/2013,0
2/08/2013,0
3/08/2013,0
4/08/2013,0
5/08/2013,0
6/08/2013,0
7/08/2013,0
8/08/2013,0
9/08/2013,0
10/08/2013,0
11/08/2013,0
12/08/2013,0
13/08/2013,0
14/08/2013,0
15/08/2013,0
16/08/2013,0
17/08/2013,0
18/08/2013,0
19/08/2013,0
20/08/2013,0
21/08/2013,0
22/08/2013,0
23/08/2013,0
24/08/2013,0
25/08/2013,0
26/08/2013,0
27/08/2013,0
28/08/2013,0
29/08/2013,0
30/08/2013,0
31/08/2013,0
1/09/2013,0
2/09/2013,0
3/09/2013,0
4/09/2013,0
5/09/2013,0
6/09/2013,0
7/09/2013,0
8/09/2013,0
9/09/2013,0
10/09/2013,0
11/09/2013,0
12/09/2013,0
13/09/2013,0
14/09/2013,0
15/09/2013,0
16/09/2013,0
17/09/2013,0
18/09/2013,0
19/09/2013,0
20/09/2013,0
21/09/2013,0
22/09/2013,0
23/09/2013,0
24/09/2013,0
25/09/2013,0
26/09/2013,0
27/09/2013,0
28/09/2013,0
29/09/2013,0
30/09/2013,0
1/10/2013,0
2/10/2013,0
3/10/2013,0
4/10/2013,0
5/10/2013,0
6/10/2013,0
7/10/2013,0
8/10/2013,0
9/10/2013,0
10/10/2013,0
11/10/2013,0
12/10/2013,0
13/10/2013,0
14/10/2013,0
15/10/2013,0
16/10/2013,0
17/10/2013,0
18/10/2013,0
19/10/2013,0
20/10/2013,0
21/10/2013,0
22/10/2013,0
23/10/2013,0
24/10/2013,0
25/10/2013,7.8
26/10/2013,9
27/10/2013,13.65
28/10/2013,6
29/10/2013,5.4
30/10/2013,9.3
31/10/2013,8.7
1/11/2013,6.3
2/11/2013,6.3
3/11/2013,11.25
4/11/2013,11.85
5/11/2013,9
6/11/2013,5.25
7/11/2013,9
8/11/2013,9.3
9/11/2013,5.85
10/11/2013,6.75
11/11/2013,15
12/11/2013,8.4
13/11/2013,2.7
14/11/2013,2.85
15/11/2013,9.519
16/11/2013,11.04
17/11/2013,13.065
18/11/2013,14.17
19/11/2013,11.985
20/11/2013,12.852
21/11/2013,15.871
22/11/2013,30.316
23/11/2013,18.18
24/11/2013,14.08
25/11/2013,21.905
26/11/2013,21.24
27/11/2013,22.631
28/11/2013,28.712
29/11/2013,20.655
30/11/2013,39.246
1/12/2013,32.925
2/12/2013,27.816
3/12/2013,22.704
4/12/2013,36.26
5/12/2013,45.123
6/12/2013,46.636
7/12/2013,70.33
8/12/2013,53.01
9/12/2013,43.125
10/12/2013,43.125
11/12/2013,37.375
12/12/2013,44.85
13/12/2013,54.625
14/12/2013,58.075
15/12/2013,56.35
16/12/2013,76.475
17/12/2013,79.925
18/12/2013,48.875
19/12/2013,48.875
20/12/2013,43.7
21/12/2013,48.875
22/12/2013,57.5
23/12/2013,53.475
24/12/2013,63.25
25/12/2013,67.85
26/12/2013,41.975
27/12/2013,70.725
28/12/2013,59.225
29/12/2013,62.1
30/12/2013,70.725
31/12/2013,71.875
