Date,Fish Creek Flow (ML/day)
11/01/1998,0
12/01/1998,0
13/01/1998,0
14/01/1998,0
15/01/1998,0
16/01/1998,0
17/01/1998,0
18/01/1998,0
19/01/1998,0
20/01/1998,0
21/01/1998,0
22/01/1998,0
23/01/1998,0
24/01/1998,0
25/01/1998,0
26/01/1998,0
27/01/1998,0
28/01/1998,0
29/01/1998,0
30/01/1998,0
31/01/1998,0
1/02/1998,0
2/02/1998,0
3/02/1998,0
4/02/1998,0
5/02/1998,0
6/02/1998,0
7/02/1998,0
8/02/1998,0
9/02/1998,0
10/02/1998,0
11/02/1998,0
12/02/1998,0
13/02/1998,0
14/02/1998,0
15/02/1998,0
16/02/1998,0
17/02/1998,0
18/02/1998,0
19/02/1998,0
20/02/1998,0
21/02/1998,0
22/02/1998,0
23/02/1998,0
24/02/1998,0
25/02/1998,0
26/02/1998,0
27/02/1998,0
28/02/1998,0
1/03/1998,0
2/03/1998,0
3/03/1998,0
4/03/1998,0
5/03/1998,0
6/03/1998,0
7/03/1998,0
8/03/1998,0
9/03/1998,0
10/03/1998,0
11/03/1998,0
12/03/1998,0
13/03/1998,0
14/03/1998,0
15/03/1998,0
16/03/1998,0
17/03/1998,0
18/03/1998,0
19/03/1998,0
20/03/1998,0
21/03/1998,0
22/03/1998,0
23/03/1998,0
24/03/1998,0
25/03/1998,0
26/03/1998,0
27/03/1998,0
28/03/1998,0
29/03/1998,0
30/03/1998,0
31/03/1998,0
1/04/1998,0
2/04/1998,0
3/04/1998,0
4/04/1998,0
5/04/1998,0
6/04/1998,0
7/04/1998,0
8/04/1998,0
9/04/1998,0
10/04/1998,0
11/04/1998,0
12/04/1998,0
13/04/1998,0
14/04/1998,0
15/04/1998,0
16/04/1998,0
17/04/1998,0
18/04/1998,0
19/04/1998,0
20/04/1998,0
21/04/1998,0
22/04/1998,0
23/04/1998,0
24/04/1998,0
25/04/1998,0
26/04/1998,0
27/04/1998,0
28/04/1998,0
29/04/1998,0
30/04/1998,0
1/05/1998,0
2/05/1998,0
3/05/1998,0
4/05/1998,0
5/05/1998,0
6/05/1998,0
7/05/1998,0
8/05/1998,0
9/05/1998,0
10/05/1998,0
11/05/1998,0
12/05/1998,0
13/05/1998,0
14/05/1998,0
15/05/1998,0
16/05/1998,0
17/05/1998,0
18/05/1998,0
19/05/1998,0
20/05/1998,0
21/05/1998,0
22/05/1998,0
23/05/1998,0
24/05/1998,0
25/05/1998,0
26/05/1998,0
27/05/1998,0
28/05/1998,0
29/05/1998,0
30/05/1998,0
31/05/1998,0
1/06/1998,0
2/06/1998,0
3/06/1998,0
4/06/1998,0
5/06/1998,0
6/06/1998,0
7/06/1998,0
8/06/1998,0
9/06/1998,0
10/06/1998,0
11/06/1998,0
12/06/1998,0
13/06/1998,0
14/06/1998,0
15/06/1998,23.31
16/06/1998,4.55
17/06/1998,0.19
18/06/1998,0.18
19/06/1998,0.18
20/06/1998,0.17
21/06/1998,0.16
22/06/1998,0.15
23/06/1998,0.15
24/06/1998,0.14
25/06/1998,0.52
26/06/1998,0.14
27/06/1998,7.72
28/06/1998,0.39
29/06/1998,0.38
30/06/1998,0.37
1/07/1998,0.37
2/07/1998,4.89
3/07/1998,0.63
4/07/1998,0.62
5/07/1998,10.67
6/07/1998,20.53
7/07/1998,221.23
8/07/1998,91.22
9/07/1998,64.28
10/07/1998,49.36
11/07/1998,39.9
12/07/1998,33.4
13/07/1998,31.74
14/07/1998,26.57
15/07/1998,23.47
16/07/1998,20.98
17/07/1998,18.94
18/07/1998,17.24
19/07/1998,15.8
20/07/1998,14.56
21/07/1998,13.48
22/07/1998,56.83
23/07/1998,31.21
24/07/1998,26.85
25/07/1998,24.75
26/07/1998,26.16
27/07/1998,156.3
28/07/1998,240.8
29/07/1998,4915.86
30/07/1998,1708.9
31/07/1998,996.13
1/08/1998,228.31
2/08/1998,141.62
3/08/1998,187.43
4/08/1998,119.26
5/08/1998,94.82
6/08/1998,80.05
7/08/1998,70
8/08/1998,62.55
9/08/1998,619.47
10/08/1998,1703.9
11/08/1998,695.56
12/08/1998,206.84
13/08/1998,139.98
14/08/1998,103.51
15/08/1998,84.64
16/08/1998,72.68
17/08/1998,64.17
18/08/1998,57.69
19/08/1998,52.51
20/08/1998,48.2
21/08/1998,211.14
22/08/1998,1457.38
23/08/1998,227.37
24/08/1998,1670.86
25/08/1998,237.01
26/08/1998,1567.82
27/08/1998,367.06
28/08/1998,170.84
29/08/1998,118.71
30/08/1998,93.71
31/08/1998,78.97
1/09/1998,68.77
2/09/1998,61.17
3/09/1998,55.16
4/09/1998,50.22
5/09/1998,109.51
6/09/1998,763.42
7/09/1998,777.69
8/09/1998,249.41
9/09/1998,137.14
10/09/1998,100.1
11/09/1998,80.13
12/09/1998,67.58
13/09/1998,59.33
14/09/1998,1137.57
15/09/1998,1082.83
16/09/1998,654.09
17/09/1998,671.77
18/09/1998,203.05
19/09/1998,128.25
20/09/1998,96.54
21/09/1998,326.3
22/09/1998,189.84
23/09/1998,118.09
24/09/1998,89.38
25/09/1998,91.99
26/09/1998,127.26
27/09/1998,89.22
28/09/1998,164.83
29/09/1998,100.12
30/09/1998,644.03
1/10/1998,424.74
2/10/1998,251.46
3/10/1998,251.46
4/10/1998,416.71
5/10/1998,166.72
6/10/1998,110.56
7/10/1998,84.29
8/10/1998,68.9
9/10/1998,58.73
10/10/1998,52
11/10/1998,70.26
12/10/1998,54.16
13/10/1998,159.41
14/10/1998,276.92
15/10/1998,130.12
16/10/1998,89.82
17/10/1998,69.17
18/10/1998,56.56
19/10/1998,47.98
20/10/1998,41.72
21/10/1998,36.9
22/10/1998,33.05
23/10/1998,29.88
24/10/1998,27.22
25/10/1998,24.94
26/10/1998,22.96
27/10/1998,21.22
28/10/1998,19.67
29/10/1998,18.3
30/10/1998,17.06
31/10/1998,15.94
1/11/1998,14.95
2/11/1998,14.05
3/11/1998,49.7
4/11/1998,28.75
5/11/1998,38.63
6/11/1998,30.38
7/11/1998,26.23
8/11/1998,23.48
9/11/1998,22.48
10/11/1998,19.96
11/11/1998,18.29
12/11/1998,16.85
13/11/1998,15.59
14/11/1998,14.49
15/11/1998,13.52
16/11/1998,12.65
17/11/1998,11.87
18/11/1998,11.17
19/11/1998,10.53
20/11/1998,9.95
21/11/1998,9.42
22/11/1998,8.93
23/11/1998,8.48
24/11/1998,8.06
25/11/1998,7.68
26/11/1998,7.32
27/11/1998,6.99
28/11/1998,6.68
29/11/1998,6.39
30/11/1998,6.12
1/12/1998,5.87
2/12/1998,5.63
3/12/1998,5.41
4/12/1998,5.21
5/12/1998,5.01
6/12/1998,4.83
7/12/1998,4.65
8/12/1998,4.49
9/12/1998,4.34
10/12/1998,4.19
11/12/1998,4.05
12/12/1998,3.92
13/12/1998,3.8
14/12/1998,3.68
15/12/1998,3.57
16/12/1998,3.46
17/12/1998,3.36
18/12/1998,3.26
19/12/1998,3.17
20/12/1998,3.08
21/12/1998,3
22/12/1998,2.92
23/12/1998,2.84
24/12/1998,2.77
25/12/1998,2.69
26/12/1998,2.63
27/12/1998,2.56
28/12/1998,2.5
29/12/1998,2.44
30/12/1998,2.38
31/12/1998,2.33
1/01/1999,2.27
2/01/1999,2.22
3/01/1999,2.18
4/01/1999,2.13
5/01/1999,2.08
6/01/1999,2.04
7/01/1999,2
8/01/1999,1.96
9/01/1999,1.92
10/01/1999,1.88
11/01/1999,1.84
12/01/1999,1.81
13/01/1999,1.77
14/01/1999,1.74
15/01/1999,1.71
16/01/1999,1.68
17/01/1999,1.65
18/01/1999,1.62
19/01/1999,1.59
20/01/1999,1.56
21/01/1999,1.53
22/01/1999,1.51
23/01/1999,1.48
24/01/1999,1.46
25/01/1999,1.44
26/01/1999,1.41
27/01/1999,1.39
28/01/1999,1.37
29/01/1999,1.35
30/01/1999,1.33
31/01/1999,1.31
1/02/1999,1.29
2/02/1999,1.27
3/02/1999,1.25
4/02/1999,1.23
5/02/1999,1.21
6/02/1999,1.2
7/02/1999,1.18
8/02/1999,1.16
9/02/1999,1.15
10/02/1999,1.13
11/02/1999,1.12
12/02/1999,1.1
13/02/1999,1.09
14/02/1999,1.08
15/02/1999,1.06
16/02/1999,1.05
17/02/1999,1.04
18/02/1999,1.02
19/02/1999,1.01
20/02/1999,1
21/02/1999,0.99
22/02/1999,0.97
23/02/1999,0.96
24/02/1999,0.95
25/02/1999,0.94
26/02/1999,0.93
27/02/1999,0.92
28/02/1999,0.91
1/03/1999,0.9
2/03/1999,0.89
3/03/1999,0.88
4/03/1999,0.87
5/03/1999,0.86
6/03/1999,0.85
7/03/1999,0.84
8/03/1999,0.83
9/03/1999,0.82
10/03/1999,0.82
11/03/1999,0.81
12/03/1999,0.8
13/03/1999,0.79
14/03/1999,0.78
15/03/1999,0.78
16/03/1999,0.77
17/03/1999,0.76
18/03/1999,0.75
19/03/1999,0.75
20/03/1999,0.74
21/03/1999,0.73
22/03/1999,0.72
23/03/1999,0.72
24/03/1999,0.71
25/03/1999,0.7
26/03/1999,0.7
27/03/1999,0.69
28/03/1999,0.69
29/03/1999,0.68
30/03/1999,0.67
31/03/1999,0.67
1/04/1999,0.66
2/04/1999,0.66
3/04/1999,0.65
4/04/1999,0.64
5/04/1999,0.64
6/04/1999,0.63
7/04/1999,0.63
8/04/1999,0.62
9/04/1999,0.62
10/04/1999,0.61
11/04/1999,0.61
12/04/1999,0.6
13/04/1999,0.6
14/04/1999,0.59
15/04/1999,0.59
16/04/1999,0.58
17/04/1999,0.58
18/04/1999,0.57
19/04/1999,0.57
20/04/1999,0.57
21/04/1999,0.56
22/04/1999,0.56
23/04/1999,0.55
24/04/1999,0.55
25/04/1999,0.54
26/04/1999,0.54
27/04/1999,0.54
28/04/1999,0.53
29/04/1999,0.53
30/04/1999,0.53
1/05/1999,0.52
2/05/1999,0.52
3/05/1999,0.51
4/05/1999,0.51
5/05/1999,0.51
6/05/1999,0.5
7/05/1999,0.5
8/05/1999,0.5
9/05/1999,0.49
10/05/1999,0.49
11/05/1999,0.49
12/05/1999,0.48
13/05/1999,0.48
14/05/1999,0.48
15/05/1999,0.47
16/05/1999,0.47
17/05/1999,0.47
18/05/1999,0.47
19/05/1999,0.46
20/05/1999,0.46
21/05/1999,0.46
22/05/1999,0.45
23/05/1999,0.45
24/05/1999,0.45
25/05/1999,0.44
26/05/1999,0.44
27/05/1999,0.44
28/05/1999,0.44
29/05/1999,0.43
30/05/1999,0.43
31/05/1999,0.43
1/06/1999,0.42
2/06/1999,0.42
3/06/1999,0.42
4/06/1999,0.42
5/06/1999,0.41
6/06/1999,0.41
7/06/1999,0.41
8/06/1999,0.41
9/06/1999,0.4
10/06/1999,0.52
11/06/1999,5.35
12/06/1999,0.72
13/06/1999,6.24
14/06/1999,3.02
15/06/1999,4.89
16/06/1999,5.71
17/06/1999,2.49
18/06/1999,46.35
19/06/1999,16.64
20/06/1999,15.1
21/06/1999,13.79
22/06/1999,36.21
23/06/1999,37.8
24/06/1999,26.46
25/06/1999,22.98
26/06/1999,20.24
27/06/1999,18.04
28/06/1999,16.23
29/06/1999,14.72
30/06/1999,13.44
1/07/1999,12.35
2/07/1999,11.41
3/07/1999,10.59
4/07/1999,9.87
5/07/1999,52.98
6/07/1999,217.37
7/07/1999,463.82
8/07/1999,153.24
9/07/1999,92.7
10/07/1999,75.32
11/07/1999,55.31
12/07/1999,129.64
13/07/1999,73.68
14/07/1999,56.02
15/07/1999,961.29
16/07/1999,1213.31
17/07/1999,214.39
18/07/1999,451.32
19/07/1999,1079.66
20/07/1999,216.79
21/07/1999,234.08
22/07/1999,127.81
23/07/1999,93.7
24/07/1999,75.18
25/07/1999,63.5
26/07/1999,91.63
27/07/1999,79.64
28/07/1999,199.16
29/07/1999,109.34
30/07/1999,81.98
31/07/1999,66.36
1/08/1999,56.25
2/08/1999,49.08
3/08/1999,97.9
4/08/1999,131.58
5/08/1999,83.04
6/08/1999,65.38
7/08/1999,54.33
8/08/1999,156.14
9/08/1999,3811.84
10/08/1999,337.72
11/08/1999,163.31
12/08/1999,113.88
13/08/1999,89.83
14/08/1999,75.43
15/08/1999,65.68
16/08/1999,58.49
17/08/1999,52.88
18/08/1999,48.31
19/08/1999,44.47
20/08/1999,78.14
21/08/1999,56.71
22/08/1999,49.52
23/08/1999,44.11
24/08/1999,39.85
25/08/1999,36.39
26/08/1999,33.46
27/08/1999,30.96
28/08/1999,28.77
29/08/1999,26.83
30/08/1999,25.1
31/08/1999,23.55
1/09/1999,22.1
2/09/1999,20.77
3/09/1999,19.54
4/09/1999,18.4
5/09/1999,17.35
6/09/1999,16.37
7/09/1999,15.47
8/09/1999,14.73
9/09/1999,78.48
10/09/1999,884.59
11/09/1999,192.52
12/09/1999,110.77
13/09/1999,150.99
14/09/1999,89.34
15/09/1999,67.03
16/09/1999,53.83
17/09/1999,45.1
18/09/1999,38.86
19/09/1999,34.15
20/09/1999,30.46
21/09/1999,27.47
22/09/1999,24.98
23/09/1999,22.88
24/09/1999,21.13
25/09/1999,22.98
26/09/1999,23.12
27/09/1999,47.11
28/09/1999,51.18
29/09/1999,63.23
30/09/1999,620.28
1/10/1999,197.58
2/10/1999,981.69
3/10/1999,203.97
4/10/1999,118.88
5/10/1999,102.43
6/10/1999,74.85
7/10/1999,100.15
8/10/1999,587.17
9/10/1999,474.78
10/10/1999,811.83
11/10/1999,280.88
12/10/1999,143.12
13/10/1999,99.83
14/10/1999,116.1
15/10/1999,81.79
16/10/1999,66.76
17/10/1999,56.73
18/10/1999,49.46
19/10/1999,43.88
20/10/1999,39.4
21/10/1999,35.7
22/10/1999,32.58
23/10/1999,29.88
24/10/1999,27.53
25/10/1999,25.45
26/10/1999,23.6
27/10/1999,21.93
28/10/1999,20.43
29/10/1999,19.08
30/10/1999,17.84
31/10/1999,16.71
1/11/1999,15.7
2/11/1999,14.78
3/11/1999,13.93
4/11/1999,13.16
5/11/1999,12.45
6/11/1999,11.79
7/11/1999,11.18
8/11/1999,10.61
9/11/1999,10.08
10/11/1999,9.59
11/11/1999,9.14
12/11/1999,8.71
13/11/1999,8.31
14/11/1999,7.94
15/11/1999,7.59
16/11/1999,7.26
17/11/1999,6.95
18/11/1999,6.66
19/11/1999,6.39
20/11/1999,6.13
21/11/1999,5.89
22/11/1999,5.66
23/11/1999,5.45
24/11/1999,5.25
25/11/1999,5.05
26/11/1999,4.87
27/11/1999,4.7
28/11/1999,4.54
29/11/1999,4.38
30/11/1999,4.24
1/12/1999,4.1
2/12/1999,3.97
3/12/1999,3.84
4/12/1999,3.72
5/12/1999,3.61
6/12/1999,3.5
7/12/1999,3.4
8/12/1999,3.3
9/12/1999,3.21
10/12/1999,3.12
11/12/1999,3.03
12/12/1999,2.95
13/12/1999,2.87
14/12/1999,2.8
15/12/1999,2.73
16/12/1999,2.66
17/12/1999,2.59
18/12/1999,2.53
19/12/1999,2.47
20/12/1999,2.41
21/12/1999,2.35
22/12/1999,2.3
23/12/1999,2.25
24/12/1999,2.2
25/12/1999,2.15
26/12/1999,2.1
27/12/1999,2.06
28/12/1999,2.02
29/12/1999,1.98
30/12/1999,1.94
31/12/1999,1.9
1/01/2000,1.86
2/01/2000,1.82
3/01/2000,1.79
4/01/2000,1.76
5/01/2000,1.72
6/01/2000,1.69
7/01/2000,1.66
8/01/2000,1.63
9/01/2000,1.6
10/01/2000,1.58
11/01/2000,1.55
12/01/2000,1.52
13/01/2000,1.5
14/01/2000,1.47
15/01/2000,1.45
16/01/2000,1.42
17/01/2000,1.4
18/01/2000,1.38
19/01/2000,1.36
20/01/2000,1.34
21/01/2000,1.32
22/01/2000,1.3
23/01/2000,1.28
24/01/2000,1.26
25/01/2000,1.24
26/01/2000,1.22
27/01/2000,1.21
28/01/2000,1.19
29/01/2000,1.17
30/01/2000,1.16
31/01/2000,1.14
1/02/2000,1.13
2/02/2000,1.11
3/02/2000,1.1
4/02/2000,1.08
5/02/2000,1.07
6/02/2000,1.06
7/02/2000,1.04
8/02/2000,1.03
9/02/2000,1.02
10/02/2000,1
11/02/2000,0.99
12/02/2000,0.98
13/02/2000,0.97
14/02/2000,0.96
15/02/2000,0.95
16/02/2000,0.94
17/02/2000,0.92
18/02/2000,0.91
19/02/2000,0.9
20/02/2000,0.89
21/02/2000,0.88
22/02/2000,0.87
23/02/2000,0.86
24/02/2000,0.86
25/02/2000,0.85
26/02/2000,0.84
27/02/2000,0.83
28/02/2000,0.82
29/02/2000,0.81
1/03/2000,0.8
2/03/2000,0.8
3/03/2000,0.79
4/03/2000,0.78
5/03/2000,0.77
6/03/2000,0.76
7/03/2000,0.76
8/03/2000,0.75
9/03/2000,0.74
10/03/2000,0.74
11/03/2000,0.73
12/03/2000,0.72
13/03/2000,0.71
14/03/2000,0.71
15/03/2000,0.7
16/03/2000,0.7
17/03/2000,0.69
18/03/2000,0.68
19/03/2000,0.68
20/03/2000,0.67
21/03/2000,0.66
22/03/2000,0.66
23/03/2000,0.65
24/03/2000,0.65
25/03/2000,0.64
26/03/2000,0.64
27/03/2000,0.63
28/03/2000,0.63
29/03/2000,0.62
30/03/2000,0.62
31/03/2000,0.61
1/04/2000,0.61
2/04/2000,0.6
3/04/2000,0.6
4/04/2000,0.59
5/04/2000,0.59
6/04/2000,0.58
7/04/2000,0.58
8/04/2000,0.57
9/04/2000,0.57
10/04/2000,0.56
11/04/2000,0.56
12/04/2000,0.56
13/04/2000,0.55
14/04/2000,0.55
15/04/2000,0.54
16/04/2000,0.54
17/04/2000,0.53
18/04/2000,0.53
19/04/2000,0.53
20/04/2000,0.52
21/04/2000,0.52
22/04/2000,0.52
23/04/2000,0.51
24/04/2000,0.51
25/04/2000,0.5
26/04/2000,0.5
27/04/2000,0.5
28/04/2000,0.49
29/04/2000,0.49
30/04/2000,0.49
1/05/2000,0.48
2/05/2000,0.48
3/05/2000,0.48
4/05/2000,0.47
5/05/2000,0.47
6/05/2000,0.47
7/05/2000,0.47
8/05/2000,0.46
9/05/2000,0.46
10/05/2000,0.46
11/05/2000,0.45
12/05/2000,0.45
13/05/2000,0.45
14/05/2000,0.44
15/05/2000,0.48
16/05/2000,0.44
17/05/2000,0.44
18/05/2000,0.44
19/05/2000,0.64
20/05/2000,0.44
21/05/2000,0.44
22/05/2000,0.44
23/05/2000,0.43
24/05/2000,0.43
25/05/2000,0.43
26/05/2000,0.43
27/05/2000,0.42
28/05/2000,0.53
29/05/2000,0.58
30/05/2000,0.43
31/05/2000,0.43
1/06/2000,4.8
2/06/2000,0.7
3/06/2000,3.8
4/06/2000,0.96
5/06/2000,11.19
6/06/2000,5.32
7/06/2000,2.79
8/06/2000,2.93
9/06/2000,2.71
10/06/2000,2.64
11/06/2000,2.58
12/06/2000,2.52
13/06/2000,2.46
14/06/2000,2.4
15/06/2000,2.35
16/06/2000,2.3
17/06/2000,2.25
18/06/2000,2.2
19/06/2000,2.15
20/06/2000,2.1
21/06/2000,2.06
22/06/2000,2.02
23/06/2000,1.97
24/06/2000,1.93
25/06/2000,1.89
26/06/2000,1.86
27/06/2000,1.82
28/06/2000,1.79
29/06/2000,8.75
30/06/2000,2.91
1/07/2000,32.87
2/07/2000,11.76
3/07/2000,10.89
4/07/2000,10.13
5/07/2000,9.46
6/07/2000,65.54
7/07/2000,522.09
8/07/2000,2214.65
9/07/2000,225.48
10/07/2000,145.74
11/07/2000,361.93
12/07/2000,1632.17
13/07/2000,1672.68
14/07/2000,237.68
15/07/2000,139.92
16/07/2000,102.6
17/07/2000,82.74
18/07/2000,96.71
19/07/2000,75.46
20/07/2000,81.61
21/07/2000,66.39
22/07/2000,58.44
23/07/2000,52.35
24/07/2000,47.46
25/07/2000,43.4
26/07/2000,39.93
27/07/2000,138.09
28/07/2000,80.28
29/07/2000,63.59
30/07/2000,52.97
31/07/2000,45.58
1/08/2000,40.12
2/08/2000,35.9
3/08/2000,32.5
4/08/2000,29.69
5/08/2000,27.32
6/08/2000,25.28
7/08/2000,23.5
8/08/2000,21.92
9/08/2000,20.53
10/08/2000,72.84
11/08/2000,149.22
12/08/2000,81.53
13/08/2000,61.11
14/08/2000,48.93
15/08/2000,40.84
16/08/2000,35.07
17/08/2000,30.74
18/08/2000,27.37
19/08/2000,24.65
20/08/2000,164.91
21/08/2000,81.66
22/08/2000,986.44
23/08/2000,571.75
24/08/2000,2973.12
25/08/2000,397
26/08/2000,298.8
27/08/2000,312.7
28/08/2000,153.58
29/08/2000,109
30/08/2000,86.63
31/08/2000,73.01
1/09/2000,63.55
2/09/2000,56.83
3/09/2000,51.37
4/09/2000,46.84
5/09/2000,42.99
6/09/2000,39.65
7/09/2000,36.7
8/09/2000,34.08
9/09/2000,31.72
10/09/2000,29.59
11/09/2000,27.65
12/09/2000,25.88
13/09/2000,24.26
14/09/2000,22.76
15/09/2000,21.39
16/09/2000,20.12
17/09/2000,18.94
18/09/2000,17.88
19/09/2000,16.88
20/09/2000,27.36
21/09/2000,45.59
22/09/2000,56.07
23/09/2000,131.38
24/09/2000,73.91
25/09/2000,56.47
26/09/2000,86.14
27/09/2000,56.85
28/09/2000,45.93
29/09/2000,38.53
30/09/2000,231.26
1/10/2000,105.56
2/10/2000,73.47
3/10/2000,56.23
4/10/2000,45.5
5/10/2000,38.17
6/10/2000,32.83
7/10/2000,28.85
8/10/2000,215.47
9/10/2000,98.65
10/10/2000,69.46
11/10/2000,53.43
12/10/2000,43.32
13/10/2000,36.37
14/10/2000,31.29
15/10/2000,27.41
16/10/2000,24.34
17/10/2000,21.84
18/10/2000,19.78
19/10/2000,18.03
20/10/2000,16.54
21/10/2000,15.25
22/10/2000,14.11
23/10/2000,13.12
24/10/2000,12.23
25/10/2000,11.44
26/10/2000,10.72
27/10/2000,10.08
28/10/2000,9.49
29/10/2000,8.96
30/10/2000,8.47
31/10/2000,8.03
1/11/2000,7.62
2/11/2000,7.24
3/11/2000,6.9
4/11/2000,6.58
5/11/2000,6.29
6/11/2000,6.01
7/11/2000,5.75
8/11/2000,5.52
9/11/2000,5.29
10/11/2000,5.08
11/11/2000,4.89
12/11/2000,4.7
13/11/2000,4.53
14/11/2000,4.37
15/11/2000,4.22
16/11/2000,4.07
17/11/2000,3.93
18/11/2000,3.81
19/11/2000,3.68
20/11/2000,3.57
21/11/2000,3.46
22/11/2000,3.35
23/11/2000,3.25
24/11/2000,3.16
25/11/2000,3.07
26/11/2000,2.98
27/11/2000,2.9
28/11/2000,2.82
29/11/2000,2.75
30/11/2000,2.68
1/12/2000,2.61
2/12/2000,2.54
3/12/2000,2.48
4/12/2000,2.42
5/12/2000,2.37
6/12/2000,2.31
7/12/2000,2.26
8/12/2000,2.21
9/12/2000,2.16
10/12/2000,2.11
11/12/2000,2.07
12/12/2000,2.02
13/12/2000,1.98
14/12/2000,1.94
15/12/2000,1.9
16/12/2000,1.86
17/12/2000,1.83
18/12/2000,1.79
19/12/2000,1.76
20/12/2000,1.73
21/12/2000,1.69
22/12/2000,1.66
23/12/2000,1.63
24/12/2000,1.6
25/12/2000,1.58
26/12/2000,1.55
27/12/2000,1.52
28/12/2000,1.5
29/12/2000,1.47
30/12/2000,1.45
31/12/2000,1.51
1/01/2001,1.41
2/01/2001,1.39
3/01/2001,1.37
4/01/2001,1.35
5/01/2001,1.33
6/01/2001,1.31
7/01/2001,1.29
8/01/2001,1.27
9/01/2001,1.25
10/01/2001,1.23
11/01/2001,1.22
12/01/2001,1.2
13/01/2001,1.18
14/01/2001,1.17
15/01/2001,1.15
16/01/2001,1.13
17/01/2001,1.12
18/01/2001,1.1
19/01/2001,1.09
20/01/2001,1.08
21/01/2001,1.06
22/01/2001,1.05
23/01/2001,1.04
24/01/2001,1.02
25/01/2001,1.01
26/01/2001,1
27/01/2001,0.99
28/01/2001,0.97
29/01/2001,0.96
30/01/2001,0.95
31/01/2001,0.94
1/02/2001,0.93
2/02/2001,0.92
3/02/2001,0.91
4/02/2001,0.9
5/02/2001,0.89
6/02/2001,0.88
7/02/2001,0.87
8/02/2001,0.86
9/02/2001,0.85
10/02/2001,0.84
11/02/2001,0.83
12/02/2001,0.82
13/02/2001,0.82
14/02/2001,0.81
15/02/2001,0.8
16/02/2001,0.79
17/02/2001,0.78
18/02/2001,0.78
19/02/2001,0.77
20/02/2001,0.76
21/02/2001,0.75
22/02/2001,0.75
23/02/2001,0.74
24/02/2001,0.73
25/02/2001,0.72
26/02/2001,0.72
27/02/2001,0.71
28/02/2001,0.7
1/03/2001,0.7
2/03/2001,0.69
3/03/2001,0.69
4/03/2001,0.68
5/03/2001,0.67
6/03/2001,0.67
7/03/2001,0.66
8/03/2001,0.66
9/03/2001,0.65
10/03/2001,0.64
11/03/2001,0.64
12/03/2001,0.63
13/03/2001,0.63
14/03/2001,0.62
15/03/2001,0.62
16/03/2001,0.61
17/03/2001,0.61
18/03/2001,0.6
19/03/2001,0.6
20/03/2001,0.59
21/03/2001,0.59
22/03/2001,0.58
23/03/2001,0.58
24/03/2001,0.57
25/03/2001,0.57
26/03/2001,0.57
27/03/2001,0.56
28/03/2001,0.56
29/03/2001,0.55
30/03/2001,0.55
31/03/2001,0.54
1/04/2001,0.54
2/04/2001,0.54
3/04/2001,0.53
4/04/2001,0.53
5/04/2001,0.53
6/04/2001,0.52
7/04/2001,0.52
8/04/2001,0.51
9/04/2001,0.51
10/04/2001,0.51
11/04/2001,0.5
12/04/2001,0.5
13/04/2001,0.5
14/04/2001,0.49
15/04/2001,0.49
16/04/2001,0.49
17/04/2001,0.48
18/04/2001,0.48
19/04/2001,0.48
20/04/2001,0.47
21/04/2001,0.47
22/04/2001,0.47
23/04/2001,0.46
24/04/2001,0.46
25/04/2001,0.46
26/04/2001,0.45
27/04/2001,0.45
28/04/2001,0.45
29/04/2001,0.45
30/04/2001,0.44
1/05/2001,0.44
2/05/2001,0.44
3/05/2001,0.43
4/05/2001,0.43
5/05/2001,0.43
6/05/2001,0.43
7/05/2001,0.42
8/05/2001,0.42
9/05/2001,0.42
10/05/2001,0.42
11/05/2001,0.41
12/05/2001,0.41
13/05/2001,0.41
14/05/2001,0.41
15/05/2001,0.4
16/05/2001,0.4
17/05/2001,0.4
18/05/2001,0.4
19/05/2001,0.39
20/05/2001,0.39
21/05/2001,0.39
22/05/2001,0.39
23/05/2001,0.39
24/05/2001,0.38
25/05/2001,0.38
26/05/2001,0.38
27/05/2001,0.38
28/05/2001,0.38
29/05/2001,0.37
30/05/2001,0.37
31/05/2001,0.37
1/06/2001,0.37
2/06/2001,0.37
3/06/2001,0.36
4/06/2001,0.36
5/06/2001,0.36
6/06/2001,0.36
7/06/2001,2.65
8/06/2001,0.55
9/06/2001,8.95
10/06/2001,1.77
11/06/2001,10.55
12/06/2001,2.59
13/06/2001,2.54
14/06/2001,6.92
15/06/2001,15.31
16/06/2001,6.33
17/06/2001,32.16
18/06/2001,15.27
19/06/2001,13.94
20/06/2001,12.8
21/06/2001,11.82
22/06/2001,10.95
23/06/2001,10.19
24/06/2001,9.52
25/06/2001,8.91
26/06/2001,8.37
27/06/2001,7.89
28/06/2001,7.45
29/06/2001,7.05
30/06/2001,6.68
1/07/2001,14.01
2/07/2001,17.25
3/07/2001,28.23
4/07/2001,25.85
5/07/2001,19.24
6/07/2001,17.19
7/07/2001,15.51
8/07/2001,14.11
9/07/2001,204.3
10/07/2001,99.84
11/07/2001,66.82
12/07/2001,50.42
13/07/2001,64.19
14/07/2001,44.34
15/07/2001,36.3
16/07/2001,30.64
17/07/2001,26.44
18/07/2001,23.21
19/07/2001,56.45
20/07/2001,59.79
21/07/2001,41.1
22/07/2001,79.63
23/07/2001,49.78
24/07/2001,40.1
25/07/2001,33.47
26/07/2001,28.66
27/07/2001,25.01
28/07/2001,22.15
29/07/2001,19.84
30/07/2001,38.86
31/07/2001,25.74
1/08/2001,22.69
2/08/2001,20.25
3/08/2001,18.26
4/08/2001,67.25
5/08/2001,123.86
6/08/2001,132.66
7/08/2001,146.98
8/08/2001,196.72
9/08/2001,399.19
10/08/2001,147.24
11/08/2001,252.89
12/08/2001,144.17
13/08/2001,90.61
14/08/2001,195.97
15/08/2001,380.36
16/08/2001,148.41
17/08/2001,95.84
18/08/2001,71.31
19/08/2001,57.15
20/08/2001,47.91
21/08/2001,41.39
22/08/2001,36.5
23/08/2001,32.73
24/08/2001,29.66
25/08/2001,27.12
26/08/2001,24.96
27/08/2001,23.1
28/08/2001,21.48
29/08/2001,20.04
30/08/2001,18.76
31/08/2001,17.61
1/09/2001,16.55
2/09/2001,15.58
3/09/2001,14.69
4/09/2001,13.86
5/09/2001,13.1
6/09/2001,12.4
7/09/2001,11.75
8/09/2001,11.14
9/09/2001,10.58
10/09/2001,10.05
11/09/2001,9.56
12/09/2001,9.1
13/09/2001,8.68
14/09/2001,8.28
15/09/2001,31
16/09/2001,162.69
17/09/2001,88.54
18/09/2001,77.56
19/09/2001,67.5
20/09/2001,64.44
21/09/2001,47.19
22/09/2001,38.8
23/09/2001,32.9
24/09/2001,173.05
25/09/2001,246.33
26/09/2001,1033.65
27/09/2001,202.2
28/09/2001,114.93
29/09/2001,80.68
30/09/2001,62.5
1/10/2001,177.22
2/10/2001,95.28
3/10/2001,70.54
4/10/2001,56.68
5/10/2001,52.6
6/10/2001,47.68
7/10/2001,94.47
8/10/2001,111.83
9/10/2001,72.95
10/10/2001,242.31
11/10/2001,115.31
12/10/2001,128.04
13/10/2001,81.91
14/10/2001,63.14
15/10/2001,51.53
16/10/2001,43.59
17/10/2001,37.78
18/10/2001,33.32
19/10/2001,29.77
20/10/2001,26.86
21/10/2001,24.43
22/10/2001,22.35
23/10/2001,20.55
24/10/2001,18.98
25/10/2001,17.6
26/10/2001,16.37
27/10/2001,15.26
28/10/2001,14.27
29/10/2001,13.37
30/10/2001,12.55
31/10/2001,11.8
1/11/2001,11.13
2/11/2001,10.52
3/11/2001,9.95
4/11/2001,9.44
5/11/2001,8.96
6/11/2001,8.52
7/11/2001,8.11
8/11/2001,7.73
9/11/2001,7.38
10/11/2001,7.05
11/11/2001,6.74
12/11/2001,6.45
13/11/2001,6.18
14/11/2001,5.93
15/11/2001,5.69
16/11/2001,5.47
17/11/2001,6.27
18/11/2001,13.14
19/11/2001,7.49
20/11/2001,7.12
21/11/2001,6.79
22/11/2001,6.47
23/11/2001,6.18
24/11/2001,5.91
25/11/2001,5.66
26/11/2001,5.43
27/11/2001,5.21
28/11/2001,5
29/11/2001,4.81
30/11/2001,4.63
1/12/2001,4.46
2/12/2001,4.3
3/12/2001,4.15
4/12/2001,4.01
5/12/2001,3.88
6/12/2001,3.75
7/12/2001,3.63
8/12/2001,3.52
9/12/2001,3.41
10/12/2001,3.31
11/12/2001,3.21
12/12/2001,3.12
13/12/2001,3.03
14/12/2001,2.95
15/12/2001,2.87
16/12/2001,2.79
17/12/2001,2.72
18/12/2001,2.65
19/12/2001,2.59
20/12/2001,2.52
21/12/2001,2.46
22/12/2001,2.4
23/12/2001,2.35
24/12/2001,2.29
25/12/2001,2.24
26/12/2001,2.19
27/12/2001,2.14
28/12/2001,2.1
29/12/2001,2.05
30/12/2001,2.01
31/12/2001,1.97
1/01/2002,1.93
2/01/2002,1.89
3/01/2002,1.85
4/01/2002,1.82
5/01/2002,1.78
6/01/2002,1.75
7/01/2002,1.71
8/01/2002,1.68
9/01/2002,1.65
10/01/2002,1.62
11/01/2002,1.59
12/01/2002,1.57
13/01/2002,1.54
14/01/2002,1.51
15/01/2002,1.49
16/01/2002,1.46
17/01/2002,1.44
18/01/2002,1.42
19/01/2002,1.4
20/01/2002,1.37
21/01/2002,1.35
22/01/2002,1.33
23/01/2002,1.31
24/01/2002,1.29
25/01/2002,1.27
26/01/2002,1.25
27/01/2002,1.24
28/01/2002,1.22
29/01/2002,1.2
30/01/2002,1.18
31/01/2002,1.17
1/02/2002,1.15
2/02/2002,1.14
3/02/2002,1.12
4/02/2002,1.11
5/02/2002,1.09
6/02/2002,1.08
7/02/2002,1.06
8/02/2002,1.05
9/02/2002,1.04
10/02/2002,1.03
11/02/2002,1.01
12/02/2002,1
13/02/2002,0.99
14/02/2002,0.98
15/02/2002,0.96
16/02/2002,0.95
17/02/2002,0.94
18/02/2002,0.93
19/02/2002,0.92
20/02/2002,0.91
21/02/2002,0.9
22/02/2002,0.89
23/02/2002,0.88
24/02/2002,0.87
25/02/2002,0.86
26/02/2002,0.85
27/02/2002,0.84
28/02/2002,0.83
1/03/2002,0.83
2/03/2002,0.82
3/03/2002,0.81
4/03/2002,0.8
5/03/2002,0.79
6/03/2002,0.78
7/03/2002,0.78
8/03/2002,0.77
9/03/2002,0.76
10/03/2002,0.75
11/03/2002,0.75
12/03/2002,0.74
13/03/2002,0.73
14/03/2002,0.73
15/03/2002,0.72
16/03/2002,0.71
17/03/2002,0.71
18/03/2002,0.7
19/03/2002,0.69
20/03/2002,0.69
21/03/2002,0.68
22/03/2002,0.67
23/03/2002,0.67
24/03/2002,0.66
25/03/2002,0.66
26/03/2002,0.65
27/03/2002,0.65
28/03/2002,0.64
29/03/2002,0.63
30/03/2002,0.63
31/03/2002,0.62
1/04/2002,0.62
2/04/2002,0.61
3/04/2002,0.61
4/04/2002,0.6
5/04/2002,0.6
6/04/2002,0.59
7/04/2002,0.59
8/04/2002,0.58
9/04/2002,0.58
10/04/2002,0.58
11/04/2002,0.57
12/04/2002,0.57
13/04/2002,0.56
14/04/2002,0.56
15/04/2002,0.55
16/04/2002,0.55
17/04/2002,0.55
18/04/2002,0.54
19/04/2002,0.54
20/04/2002,0.53
21/04/2002,0.53
22/04/2002,0.53
23/04/2002,0.52
24/04/2002,0.52
25/04/2002,0.51
26/04/2002,0.51
27/04/2002,0.51
28/04/2002,0.5
29/04/2002,0.5
30/04/2002,0.5
1/05/2002,0.49
2/05/2002,0.49
3/05/2002,0.49
4/05/2002,0.48
5/05/2002,0.48
6/05/2002,0.48
7/05/2002,0.47
8/05/2002,0.47
9/05/2002,0.47
10/05/2002,0.46
11/05/2002,0.46
12/05/2002,0.46
13/05/2002,0.46
14/05/2002,0.45
15/05/2002,0.45
16/05/2002,0.45
17/05/2002,0.44
18/05/2002,0.44
19/05/2002,0.44
20/05/2002,0.44
21/05/2002,0.43
22/05/2002,0.43
23/05/2002,0.43
24/05/2002,0.42
25/05/2002,0.42
26/05/2002,0.42
27/05/2002,0.42
28/05/2002,0.41
29/05/2002,0.41
30/05/2002,0.41
31/05/2002,0.41
1/06/2002,0.4
2/06/2002,0.4
3/06/2002,0.4
4/06/2002,0.4
5/06/2002,0.4
6/06/2002,0.39
7/06/2002,0.39
8/06/2002,0.39
9/06/2002,0.39
10/06/2002,0.39
11/06/2002,0.63
12/06/2002,34.89
13/06/2002,34.89
14/06/2002,16.54
15/06/2002,15.02
16/06/2002,13.73
17/06/2002,12.61
18/06/2002,11.65
19/06/2002,10.8
20/06/2002,10.05
21/06/2002,9.39
22/06/2002,8.8
23/06/2002,8.27
24/06/2002,17.44
25/06/2002,515.12
26/06/2002,351.55
27/06/2002,209.88
28/06/2002,109.19
29/06/2002,75.1
30/06/2002,57.01
1/07/2002,45.93
2/07/2002,38.45
3/07/2002,33.06
4/07/2002,28.98
5/07/2002,25.77
6/07/2002,23.18
7/07/2002,21.04
8/07/2002,19.24
9/07/2002,17.7
10/07/2002,16.37
11/07/2002,15.2
12/07/2002,14.17
13/07/2002,13.25
14/07/2002,12.42
15/07/2002,11.68
16/07/2002,11
17/07/2002,14.46
18/07/2002,38.36
19/07/2002,48.13
20/07/2002,31.77
21/07/2002,27.35
22/07/2002,23.96
23/07/2002,21.28
24/07/2002,19.11
25/07/2002,52.55
26/07/2002,31.72
27/07/2002,27.23
28/07/2002,23.81
29/07/2002,21.11
30/07/2002,18.93
31/07/2002,37.02
1/08/2002,40.29
2/08/2002,28.89
3/08/2002,170.73
4/08/2002,82.57
5/08/2002,59.74
6/08/2002,62.39
7/08/2002,45.34
8/08/2002,60.1
9/08/2002,42.26
10/08/2002,35.25
11/08/2002,30.19
12/08/2002,26.37
13/08/2002,23.38
14/08/2002,20.98
15/08/2002,19.01
16/08/2002,17.35
17/08/2002,15.94
18/08/2002,23.5
19/08/2002,17.42
20/08/2002,15.98
21/08/2002,14.74
22/08/2002,13.67
23/08/2002,14.2
24/08/2002,1068.04
25/08/2002,2599.63
26/08/2002,234.06
27/08/2002,132.67
28/08/2002,94.9
29/08/2002,75.18
30/08/2002,213.1
31/08/2002,135.38
1/09/2002,92.71
2/09/2002,220.31
3/09/2002,536.15
4/09/2002,708.96
5/09/2002,197.44
6/09/2002,120.84
7/09/2002,88.93
8/09/2002,71.35
9/09/2002,60.1
10/09/2002,52.18
11/09/2002,46.23
12/09/2002,41.53
13/09/2002,37.7
14/09/2002,34.47
15/09/2002,31.71
16/09/2002,29.31
17/09/2002,27.19
18/09/2002,25.3
19/09/2002,23.6
20/09/2002,22.06
21/09/2002,30.77
22/09/2002,24.41
23/09/2002,22.63
24/09/2002,21.04
25/09/2002,19.63
26/09/2002,18.36
27/09/2002,31.53
28/09/2002,110.61
29/09/2002,60.79
30/09/2002,48.38
1/10/2002,40.09
2/10/2002,34.18
3/10/2002,29.74
4/10/2002,26.28
5/10/2002,23.5
6/10/2002,21.21
7/10/2002,19.29
8/10/2002,17.66
9/10/2002,16.25
10/10/2002,15.02
11/10/2002,13.94
12/10/2002,12.98
13/10/2002,12.12
14/10/2002,11.35
15/10/2002,10.65
16/10/2002,10.03
17/10/2002,9.45
18/10/2002,8.93
19/10/2002,8.45
20/10/2002,8.01
21/10/2002,7.62
22/10/2002,7.25
23/10/2002,6.9
24/10/2002,6.58
25/10/2002,6.29
26/10/2002,6.01
27/10/2002,5.75
28/10/2002,5.51
29/10/2002,5.29
30/10/2002,5.07
31/10/2002,4.88
1/11/2002,4.69
2/11/2002,4.52
3/11/2002,4.36
4/11/2002,4.2
5/11/2002,4.06
6/11/2002,3.92
7/11/2002,3.79
8/11/2002,3.67
9/11/2002,3.55
10/11/2002,4.41
11/11/2002,3.55
12/11/2002,3.44
13/11/2002,3.34
14/11/2002,3.24
15/11/2002,3.15
16/11/2002,3.06
17/11/2002,2.97
18/11/2002,2.89
19/11/2002,2.81
20/11/2002,2.74
21/11/2002,2.67
22/11/2002,2.6
23/11/2002,2.53
24/11/2002,2.47
25/11/2002,2.41
26/11/2002,2.36
27/11/2002,2.3
28/11/2002,2.25
29/11/2002,2.2
30/11/2002,2.15
1/12/2002,2.1
2/12/2002,2.06
3/12/2002,2.01
4/12/2002,1.97
5/12/2002,1.93
6/12/2002,1.89
7/12/2002,1.86
8/12/2002,1.82
9/12/2002,1.78
10/12/2002,1.75
11/12/2002,1.72
12/12/2002,1.69
13/12/2002,1.66
14/12/2002,1.63
15/12/2002,1.6
16/12/2002,1.57
17/12/2002,1.54
18/12/2002,1.52
19/12/2002,1.49
20/12/2002,1.47
21/12/2002,1.44
22/12/2002,1.42
23/12/2002,1.4
24/12/2002,1.38
25/12/2002,1.35
26/12/2002,1.33
27/12/2002,1.31
28/12/2002,1.29
29/12/2002,1.28
30/12/2002,1.26
31/12/2002,1.24
1/01/2003,1.22
2/01/2003,1.2
3/01/2003,1.19
4/01/2003,1.17
5/01/2003,1.15
6/01/2003,1.14
7/01/2003,1.12
8/01/2003,1.11
9/01/2003,1.09
10/01/2003,1.08
11/01/2003,1.07
12/01/2003,1.05
13/01/2003,1.04
14/01/2003,1.03
15/01/2003,1.01
16/01/2003,1
17/01/2003,0.99
18/01/2003,0.98
19/01/2003,0.97
20/01/2003,0.95
21/01/2003,0.94
22/01/2003,0.93
23/01/2003,0.92
24/01/2003,0.91
25/01/2003,0.9
26/01/2003,0.89
27/01/2003,0.88
28/01/2003,0.87
29/01/2003,0.86
30/01/2003,0.85
31/01/2003,0.84
1/02/2003,0.84
2/02/2003,0.83
3/02/2003,0.82
4/02/2003,0.81
5/02/2003,0.8
6/02/2003,0.79
7/02/2003,0.79
8/02/2003,0.78
9/02/2003,0.77
10/02/2003,0.76
11/02/2003,0.76
12/02/2003,0.75
13/02/2003,0.74
14/02/2003,0.73
15/02/2003,0.73
16/02/2003,0.72
17/02/2003,0.71
18/02/2003,0.71
19/02/2003,0.7
20/02/2003,0.69
21/02/2003,0.69
22/02/2003,0.68
23/02/2003,0.68
24/02/2003,0.67
25/02/2003,0.66
26/02/2003,0.66
27/02/2003,0.65
28/02/2003,0.65
1/03/2003,0.64
2/03/2003,0.64
3/03/2003,0.63
4/03/2003,0.62
5/03/2003,0.62
6/03/2003,0.61
7/03/2003,0.61
8/03/2003,0.6
9/03/2003,0.6
10/03/2003,0.59
11/03/2003,0.59
12/03/2003,0.59
13/03/2003,0.58
14/03/2003,0.58
15/03/2003,0.57
16/03/2003,0.57
17/03/2003,0.56
18/03/2003,0.56
19/03/2003,0.55
20/03/2003,0.55
21/03/2003,0.55
22/03/2003,0.54
23/03/2003,0.54
24/03/2003,0.53
25/03/2003,0.53
26/03/2003,0.53
27/03/2003,0.52
28/03/2003,0.52
29/03/2003,0.52
30/03/2003,0.51
31/03/2003,0.51
1/04/2003,0.5
2/04/2003,0.5
3/04/2003,0.5
4/04/2003,0.49
5/04/2003,0.49
6/04/2003,0.49
7/04/2003,0.48
8/04/2003,0.48
9/04/2003,0.48
10/04/2003,0.47
11/04/2003,0.47
12/04/2003,0.47
13/04/2003,0.46
14/04/2003,0.46
15/04/2003,0.46
16/04/2003,0.46
17/04/2003,0.45
18/04/2003,0.45
19/04/2003,0.45
20/04/2003,0.44
21/04/2003,0.44
22/04/2003,0.44
23/04/2003,0.44
24/04/2003,0.43
25/04/2003,0.43
26/04/2003,0.43
27/04/2003,0.43
28/04/2003,0.42
29/04/2003,0.42
30/04/2003,0.42
1/05/2003,0.41
2/05/2003,0.41
3/05/2003,0.41
4/05/2003,0.41
5/05/2003,0.41
6/05/2003,0.4
7/05/2003,0.4
8/05/2003,0.4
9/05/2003,0.4
10/05/2003,0.39
11/05/2003,0.39
12/05/2003,0.39
13/05/2003,0.39
14/05/2003,0.38
15/05/2003,0.38
16/05/2003,0.38
17/05/2003,0.38
18/05/2003,0.38
19/05/2003,0.37
20/05/2003,0.37
21/05/2003,0.37
22/05/2003,0.37
23/05/2003,0.37
24/05/2003,0.36
25/05/2003,0.36
26/05/2003,0.36
27/05/2003,0.36
28/05/2003,0.36
29/05/2003,0.35
30/05/2003,0.35
31/05/2003,0.35
1/06/2003,0.35
2/06/2003,0.35
3/06/2003,0.34
4/06/2003,0.34
5/06/2003,0.34
6/06/2003,0.34
7/06/2003,0.34
8/06/2003,0.34
9/06/2003,0.33
10/06/2003,0.34
11/06/2003,0.33
12/06/2003,0.33
13/06/2003,0.33
14/06/2003,25.3
15/06/2003,170.99
16/06/2003,118.74
17/06/2003,71.84
18/06/2003,96.95
19/06/2003,60.98
20/06/2003,57.21
21/06/2003,55.5
22/06/2003,102.05
23/06/2003,132.89
24/06/2003,208.26
25/06/2003,103.3
26/06/2003,71.44
27/06/2003,55.3
28/06/2003,44.4
29/06/2003,37.08
30/06/2003,31.75
1/07/2003,27.74
2/07/2003,110.4
3/07/2003,174.9
4/07/2003,381.06
5/07/2003,183.79
6/07/2003,103.8
7/07/2003,73.4
8/07/2003,102.88
9/07/2003,66.85
10/07/2003,52.95
11/07/2003,43.91
12/07/2003,41.41
13/07/2003,34.86
14/07/2003,30.82
15/07/2003,47.14
16/07/2003,273.24
17/07/2003,117.29
18/07/2003,79.56
19/07/2003,60.2
20/07/2003,48.47
21/07/2003,40.6
22/07/2003,34.95
23/07/2003,213.53
24/07/2003,431.56
25/07/2003,153.58
26/07/2003,95.98
27/07/2003,4937.9
28/07/2003,1048.15
29/07/2003,228.72
30/07/2003,139.98
31/07/2003,128.11
1/08/2003,96.47
2/08/2003,81.65
3/08/2003,71.5
4/08/2003,63.95
5/08/2003,164.81
6/08/2003,99.66
7/08/2003,78.97
8/08/2003,66.25
9/08/2003,57.86
10/08/2003,51.94
11/08/2003,47.13
12/08/2003,43.16
13/08/2003,39.8
14/08/2003,36.89
15/08/2003,34.33
16/08/2003,32.06
17/08/2003,30.01
18/08/2003,28.16
19/08/2003,26.46
20/08/2003,24.91
21/08/2003,23.49
22/08/2003,1195.28
23/08/2003,2320.75
24/08/2003,1625.14
25/08/2003,237.69
26/08/2003,140.48
27/08/2003,156.87
28/08/2003,105.65
29/08/2003,189.13
30/08/2003,113.12
31/08/2003,87.5
1/09/2003,72.37
2/09/2003,62.92
3/09/2003,55.74
4/09/2003,50.12
5/09/2003,45.53
6/09/2003,41.67
7/09/2003,38.35
8/09/2003,35.44
9/09/2003,32.87
10/09/2003,30.58
11/09/2003,28.5
12/09/2003,26.63
13/09/2003,24.92
14/09/2003,23.35
15/09/2003,21.91
16/09/2003,20.59
17/09/2003,19.37
18/09/2003,18.25
19/09/2003,17.2
20/09/2003,16.24
21/09/2003,15.34
22/09/2003,14.5
23/09/2003,13.73
24/09/2003,13
25/09/2003,32.69
26/09/2003,392.5
27/09/2003,805.08
28/09/2003,381.37
29/09/2003,189.09
30/09/2003,109.55
1/10/2003,92.03
2/10/2003,68.16
3/10/2003,55.51
4/10/2003,46.95
5/10/2003,40.71
6/10/2003,35.94
7/10/2003,32.14
8/10/2003,29.02
9/10/2003,26.41
10/10/2003,24.17
11/10/2003,22.24
12/10/2003,20.54
13/10/2003,19.04
14/10/2003,17.71
15/10/2003,16.51
16/10/2003,15.43
17/10/2003,14.45
18/10/2003,13.55
19/10/2003,12.74
20/10/2003,11.99
21/10/2003,11.31
22/10/2003,10.68
23/10/2003,10.1
24/10/2003,9.56
25/10/2003,9.07
26/10/2003,8.61
27/10/2003,8.18
28/10/2003,7.78
29/10/2003,7.41
30/10/2003,12.02
31/10/2003,9.79
1/11/2003,8.8
2/11/2003,8.61
3/11/2003,7.93
4/11/2003,7.55
5/11/2003,7.2
6/11/2003,6.87
7/11/2003,6.57
8/11/2003,6.28
9/11/2003,6.02
10/11/2003,5.77
11/11/2003,5.54
12/11/2003,5.32
13/11/2003,5.12
14/11/2003,4.92
15/11/2003,4.74
16/11/2003,4.57
17/11/2003,4.41
18/11/2003,4.26
19/11/2003,4.11
20/11/2003,3.97
21/11/2003,3.85
22/11/2003,3.72
23/11/2003,3.61
24/11/2003,3.5
25/11/2003,3.39
26/11/2003,3.29
27/11/2003,3.19
28/11/2003,3.1
29/11/2003,3.02
30/11/2003,2.93
1/12/2003,2.86
2/12/2003,2.78
3/12/2003,2.71
4/12/2003,2.64
5/12/2003,2.57
6/12/2003,2.51
7/12/2003,2.45
8/12/2003,2.39
9/12/2003,2.34
10/12/2003,2.28
11/12/2003,2.23
12/12/2003,2.18
13/12/2003,2.13
14/12/2003,2.09
15/12/2003,2.04
16/12/2003,2
17/12/2003,1.96
18/12/2003,1.92
19/12/2003,1.88
20/12/2003,1.85
21/12/2003,1.81
22/12/2003,1.78
23/12/2003,1.74
24/12/2003,1.71
25/12/2003,1.68
26/12/2003,1.65
27/12/2003,1.62
28/12/2003,1.59
29/12/2003,1.56
30/12/2003,1.54
31/12/2003,1.51
1/01/2004,1.49
2/01/2004,1.46
3/01/2004,1.44
4/01/2004,1.41
5/01/2004,1.39
6/01/2004,1.37
7/01/2004,1.35
8/01/2004,1.33
9/01/2004,1.31
10/01/2004,1.29
11/01/2004,1.27
12/01/2004,1.25
13/01/2004,1.23
14/01/2004,1.22
15/01/2004,1.2
16/01/2004,1.18
17/01/2004,1.17
18/01/2004,1.15
19/01/2004,1.14
20/01/2004,1.12
21/01/2004,1.11
22/01/2004,1.09
23/01/2004,1.08
24/01/2004,1.06
25/01/2004,1.05
26/01/2004,1.04
27/01/2004,1.02
28/01/2004,1.01
29/01/2004,1
30/01/2004,0.99
31/01/2004,0.98
1/02/2004,0.96
2/02/2004,0.95
3/02/2004,0.94
4/02/2004,0.93
5/02/2004,0.92
6/02/2004,0.91
7/02/2004,0.9
8/02/2004,0.89
9/02/2004,0.88
10/02/2004,0.87
11/02/2004,0.86
12/02/2004,0.85
13/02/2004,0.84
14/02/2004,0.83
15/02/2004,0.82
16/02/2004,0.82
17/02/2004,0.81
18/02/2004,0.8
19/02/2004,0.79
20/02/2004,0.78
21/02/2004,0.78
22/02/2004,0.77
23/02/2004,0.76
24/02/2004,0.75
25/02/2004,0.75
26/02/2004,0.74
27/02/2004,0.73
28/02/2004,0.73
29/02/2004,0.72
1/03/2004,0.71
2/03/2004,0.71
3/03/2004,0.7
4/03/2004,0.69
5/03/2004,0.69
6/03/2004,0.68
7/03/2004,0.67
8/03/2004,0.67
9/03/2004,0.66
10/03/2004,0.66
11/03/2004,0.65
12/03/2004,0.65
13/03/2004,0.64
14/03/2004,0.63
15/03/2004,0.63
16/03/2004,0.62
17/03/2004,0.62
18/03/2004,0.61
19/03/2004,0.61
20/03/2004,0.6
21/03/2004,0.6
22/03/2004,0.59
23/03/2004,0.59
24/03/2004,0.58
25/03/2004,0.58
26/03/2004,0.58
27/03/2004,0.57
28/03/2004,0.57
29/03/2004,0.56
30/03/2004,0.56
31/03/2004,0.55
1/04/2004,0.55
2/04/2004,0.55
3/04/2004,0.54
4/04/2004,0.54
5/04/2004,0.53
6/04/2004,0.53
7/04/2004,0.53
8/04/2004,0.52
9/04/2004,0.52
10/04/2004,0.51
11/04/2004,0.51
12/04/2004,0.51
13/04/2004,0.5
14/04/2004,0.5
15/04/2004,0.5
16/04/2004,0.49
17/04/2004,0.49
18/04/2004,0.49
19/04/2004,0.48
20/04/2004,0.48
21/04/2004,0.48
22/04/2004,0.47
23/04/2004,0.47
24/04/2004,0.47
25/04/2004,0.46
26/04/2004,0.46
27/04/2004,0.46
28/04/2004,0.45
29/04/2004,0.45
30/04/2004,0.45
1/05/2004,0.45
2/05/2004,0.44
3/05/2004,0.44
4/05/2004,0.44
5/05/2004,0.44
6/05/2004,0.43
7/05/2004,0.43
8/05/2004,0.43
9/05/2004,0.42
10/05/2004,0.42
11/05/2004,0.42
12/05/2004,0.42
13/05/2004,0.41
14/05/2004,0.41
15/05/2004,0.41
16/05/2004,0.41
17/05/2004,0.41
18/05/2004,0.4
19/05/2004,0.4
20/05/2004,0.4
21/05/2004,0.4
22/05/2004,0.39
23/05/2004,0.39
24/05/2004,0.39
25/05/2004,0.39
26/05/2004,0.38
27/05/2004,0.38
28/05/2004,0.38
29/05/2004,0.38
30/05/2004,0.38
31/05/2004,0.37
1/06/2004,0.37
2/06/2004,0.37
3/06/2004,0.37
4/06/2004,0.37
5/06/2004,0.36
6/06/2004,1.66
7/06/2004,0.42
8/06/2004,1.27
9/06/2004,1.1
10/06/2004,6.69
11/06/2004,1.41
12/06/2004,4
13/06/2004,1.33
14/06/2004,1.31
15/06/2004,5.22
16/06/2004,4.34
17/06/2004,2.17
18/06/2004,12.72
19/06/2004,4.25
20/06/2004,4.11
21/06/2004,3.98
22/06/2004,3.85
23/06/2004,3.73
24/06/2004,3.62
25/06/2004,3.51
26/06/2004,3.4
27/06/2004,3.3
28/06/2004,3.2
29/06/2004,3.11
30/06/2004,4.1
1/07/2004,3.16
2/07/2004,3.08
3/07/2004,2.99
4/07/2004,22.81
5/07/2004,8.22
6/07/2004,7.76
7/07/2004,7.33
8/07/2004,6.95
9/07/2004,6.6
10/07/2004,6.28
11/07/2004,5.98
12/07/2004,5.71
13/07/2004,5.46
14/07/2004,5.23
15/07/2004,5.02
16/07/2004,234.31
17/07/2004,159.86
18/07/2004,88.33
19/07/2004,62.43
20/07/2004,47.92
21/07/2004,42.67
22/07/2004,34.39
23/07/2004,29.35
24/07/2004,25.55
25/07/2004,203.18
26/07/2004,532.36
27/07/2004,170.18
28/07/2004,133.17
29/07/2004,1049.54
30/07/2004,1321.69
31/07/2004,1472.39
1/08/2004,230.22
2/08/2004,1372.7
3/08/2004,1919.17
4/08/2004,245.13
5/08/2004,2205.51
6/08/2004,250.08
7/08/2004,149.15
8/08/2004,118.6
9/08/2004,318.54
10/08/2004,746.02
11/08/2004,2479.75
12/08/2004,252.2
13/08/2004,177.75
14/08/2004,570.97
15/08/2004,678.64
16/08/2004,209.41
17/08/2004,134.67
18/08/2004,102.99
19/08/2004,85.26
20/08/2004,73.7
21/08/2004,89.86
22/08/2004,71.38
23/08/2004,147.29
24/08/2004,93.68
25/08/2004,75.42
26/08/2004,63.87
27/08/2004,55.79
28/08/2004,49.74
29/08/2004,44.98
30/08/2004,41.08
31/08/2004,37.81
1/09/2004,34.93
2/09/2004,32.38
3/09/2004,30.11
4/09/2004,28.06
5/09/2004,26.21
6/09/2004,134.7
7/09/2004,166.35
8/09/2004,93.72
9/09/2004,69.2
10/09/2004,55.04
11/09/2004,45.8
12/09/2004,39.28
13/09/2004,34.4
14/09/2004,30.59
15/09/2004,27.52
16/09/2004,24.99
17/09/2004,22.85
18/09/2004,21.02
19/09/2004,19.54
20/09/2004,18.17
21/09/2004,16.96
22/09/2004,22.55
23/09/2004,45.8
24/09/2004,184.63
25/09/2004,413.84
26/09/2004,149.05
27/09/2004,373.82
28/09/2004,411.02
29/09/2004,155.18
30/09/2004,98.56
1/10/2004,803.29
2/10/2004,259.52
3/10/2004,384.9
4/10/2004,155.63
5/10/2004,102.05
6/10/2004,77.06
7/10/2004,62.39
8/10/2004,53.25
9/10/2004,58.33
10/10/2004,47.47
11/10/2004,41.92
12/10/2004,37.51
13/10/2004,33.9
14/10/2004,30.87
15/10/2004,28.27
16/10/2004,26.01
17/10/2004,24.03
18/10/2004,22.27
19/10/2004,20.69
20/10/2004,19.28
21/10/2004,17.99
22/10/2004,16.83
23/10/2004,15.77
24/10/2004,14.8
25/10/2004,13.91
26/10/2004,13.1
27/10/2004,12.34
28/10/2004,11.65
29/10/2004,11.01
30/10/2004,10.42
31/10/2004,9.87
1/11/2004,9.37
2/11/2004,8.9
3/11/2004,8.47
4/11/2004,8.07
5/11/2004,7.7
6/11/2004,7.35
7/11/2004,7.03
8/11/2004,7.38
9/11/2004,6.67
10/11/2004,6.41
11/11/2004,6.16
12/11/2004,5.91
13/11/2004,5.69
14/11/2004,5.47
15/11/2004,5.27
16/11/2004,5.08
17/11/2004,4.89
18/11/2004,4.72
19/11/2004,4.56
20/11/2004,4.4
21/11/2004,4.25
22/11/2004,4.11
23/11/2004,3.98
24/11/2004,3.85
25/11/2004,3.73
26/11/2004,3.62
27/11/2004,3.51
28/11/2004,3.41
29/11/2004,3.31
30/11/2004,3.21
1/12/2004,3.12
2/12/2004,3.04
3/12/2004,2.95
4/12/2004,2.88
5/12/2004,2.8
6/12/2004,2.73
7/12/2004,2.66
8/12/2004,2.59
9/12/2004,2.53
10/12/2004,2.47
11/12/2004,2.41
12/12/2004,2.36
13/12/2004,2.3
14/12/2004,2.25
15/12/2004,2.2
16/12/2004,2.15
17/12/2004,2.11
18/12/2004,2.06
19/12/2004,2.02
20/12/2004,1.98
21/12/2004,1.94
22/12/2004,1.9
23/12/2004,1.86
24/12/2004,1.82
25/12/2004,1.79
26/12/2004,1.76
27/12/2004,1.72
28/12/2004,1.69
29/12/2004,1.66
30/12/2004,1.63
31/12/2004,1.6
1/01/2005,1.58
2/01/2005,1.55
3/01/2005,1.52
4/01/2005,1.5
5/01/2005,1.47
6/01/2005,1.45
7/01/2005,1.42
8/01/2005,1.4
9/01/2005,1.38
10/01/2005,1.36
11/01/2005,1.34
12/01/2005,1.32
13/01/2005,1.3
14/01/2005,1.28
15/01/2005,1.26
16/01/2005,1.24
17/01/2005,1.22
18/01/2005,1.21
19/01/2005,1.19
20/01/2005,1.17
21/01/2005,1.16
22/01/2005,1.14
23/01/2005,1.13
24/01/2005,1.11
25/01/2005,1.1
26/01/2005,1.08
27/01/2005,1.07
28/01/2005,1.06
29/01/2005,1.04
30/01/2005,1.03
31/01/2005,1.02
1/02/2005,1
2/02/2005,0.99
3/02/2005,0.98
4/02/2005,0.97
5/02/2005,0.96
6/02/2005,0.95
7/02/2005,0.94
8/02/2005,0.92
9/02/2005,0.91
10/02/2005,0.9
11/02/2005,0.89
12/02/2005,0.88
13/02/2005,0.87
14/02/2005,0.86
15/02/2005,0.86
16/02/2005,0.85
17/02/2005,0.84
18/02/2005,0.83
19/02/2005,0.82
20/02/2005,0.81
21/02/2005,0.8
22/02/2005,0.8
23/02/2005,0.79
24/02/2005,0.78
25/02/2005,0.77
26/02/2005,0.76
27/02/2005,0.76
28/02/2005,0.75
1/03/2005,0.74
2/03/2005,0.74
3/03/2005,0.73
4/03/2005,0.72
5/03/2005,0.71
6/03/2005,0.71
7/03/2005,0.7
8/03/2005,0.7
9/03/2005,0.69
10/03/2005,0.68
11/03/2005,0.68
12/03/2005,0.67
13/03/2005,0.66
14/03/2005,0.66
15/03/2005,0.65
16/03/2005,0.65
17/03/2005,0.64
18/03/2005,0.64
19/03/2005,0.63
20/03/2005,0.63
21/03/2005,0.62
22/03/2005,0.62
23/03/2005,0.61
24/03/2005,0.61
25/03/2005,0.6
26/03/2005,0.6
27/03/2005,0.59
28/03/2005,0.59
29/03/2005,0.58
30/03/2005,0.58
31/03/2005,0.57
1/04/2005,0.57
2/04/2005,0.56
3/04/2005,0.56
4/04/2005,0.56
5/04/2005,0.55
6/04/2005,0.55
7/04/2005,0.54
8/04/2005,0.54
9/04/2005,0.53
10/04/2005,0.53
11/04/2005,0.53
12/04/2005,0.52
13/04/2005,0.52
14/04/2005,0.52
15/04/2005,0.51
16/04/2005,0.51
17/04/2005,0.5
18/04/2005,0.5
19/04/2005,0.5
20/04/2005,0.49
21/04/2005,0.49
22/04/2005,0.49
23/04/2005,0.48
24/04/2005,0.48
25/04/2005,0.48
26/04/2005,0.48
27/04/2005,0.47
28/04/2005,0.47
29/04/2005,0.47
30/04/2005,0.46
1/05/2005,0.46
2/05/2005,0.46
3/05/2005,0.45
4/05/2005,0.45
5/05/2005,0.45
6/05/2005,0.44
7/05/2005,0.44
8/05/2005,0.44
9/05/2005,0.44
10/05/2005,0.43
11/05/2005,0.43
12/05/2005,0.43
13/05/2005,0.43
14/05/2005,0.42
15/05/2005,0.42
16/05/2005,0.42
17/05/2005,0.42
18/05/2005,0.41
19/05/2005,0.41
20/05/2005,0.41
21/05/2005,0.41
22/05/2005,0.4
23/05/2005,0.4
24/05/2005,0.4
25/05/2005,0.4
26/05/2005,0.39
27/05/2005,0.39
28/05/2005,0.39
29/05/2005,0.39
30/05/2005,0.38
31/05/2005,0.38
1/06/2005,0.38
2/06/2005,0.38
3/06/2005,0.38
4/06/2005,0.37
5/06/2005,0.37
6/06/2005,0.37
7/06/2005,0.37
8/06/2005,0.37
9/06/2005,0.36
10/06/2005,0.36
11/06/2005,0.44
12/06/2005,0.36
13/06/2005,0.36
14/06/2005,0.46
15/06/2005,0.36
16/06/2005,0.62
17/06/2005,0.95
18/06/2005,0.4
19/06/2005,0.39
20/06/2005,0.39
21/06/2005,0.39
22/06/2005,0.39
23/06/2005,0.38
24/06/2005,0.38
25/06/2005,4.17
26/06/2005,10.02
27/06/2005,29.37
28/06/2005,523.3
29/06/2005,1289.79
30/06/2005,252.11
1/07/2005,129.02
2/07/2005,671.91
3/07/2005,277.05
4/07/2005,155.39
5/07/2005,101.22
6/07/2005,76.99
7/07/2005,62.77
8/07/2005,74.96
9/07/2005,57.75
10/07/2005,268.04
11/07/2005,123.84
12/07/2005,86.79
13/07/2005,67.55
14/07/2005,55.67
15/07/2005,47.57
16/07/2005,41.64
17/07/2005,37.07
18/07/2005,33.61
19/07/2005,76.02
20/07/2005,416.06
21/07/2005,150.7
22/07/2005,96.33
23/07/2005,71.2
24/07/2005,101.91
25/07/2005,1070.2
26/07/2005,1774.58
27/07/2005,2137.19
28/07/2005,843.43
29/07/2005,218.59
30/07/2005,136.24
31/07/2005,1477.7
1/08/2005,1268.7
2/08/2005,236.38
3/08/2005,143.4
4/08/2005,114.29
5/08/2005,91.81
6/08/2005,78.54
7/08/2005,69.24
8/08/2005,62.22
9/08/2005,56.61
10/08/2005,51.96
11/08/2005,47.99
12/08/2005,44.52
13/08/2005,41.46
14/08/2005,38.71
15/08/2005,36.23
16/08/2005,98.29
17/08/2005,62.85
18/08/2005,52.72
19/08/2005,45.61
20/08/2005,40.4
21/08/2005,36.3
22/08/2005,32.98
23/08/2005,30.21
24/08/2005,27.86
25/08/2005,25.82
26/08/2005,24.03
27/08/2005,22.45
28/08/2005,21.03
29/08/2005,19.75
30/08/2005,18.59
31/08/2005,96.02
1/09/2005,52.76
2/09/2005,62.72
3/09/2005,755.06
4/09/2005,185.69
5/09/2005,207.26
6/09/2005,113.86
7/09/2005,151.94
8/09/2005,106.5
9/09/2005,770.6
10/09/2005,317.42
11/09/2005,168.93
12/09/2005,106.75
13/09/2005,80.15
14/09/2005,65.45
15/09/2005,55.61
16/09/2005,48.53
17/09/2005,43.14
18/09/2005,38.84
19/09/2005,35.3
20/09/2005,32.32
21/09/2005,1981.73
22/09/2005,459.46
23/09/2005,227.8
24/09/2005,128.67
25/09/2005,93.25
26/09/2005,74.27
27/09/2005,62.32
28/09/2005,53.99
29/09/2005,47.76
30/09/2005,87.55
1/10/2005,60.48
2/10/2005,51.15
3/10/2005,44.39
4/10/2005,39.23
5/10/2005,35.12
6/10/2005,31.74
7/10/2005,28.9
8/10/2005,26.47
9/10/2005,24.36
10/10/2005,22.51
11/10/2005,20.87
12/10/2005,19.4
13/10/2005,18.08
14/10/2005,16.89
15/10/2005,15.8
16/10/2005,14.82
17/10/2005,14
18/10/2005,13.2
19/10/2005,12.46
20/10/2005,11.77
21/10/2005,11.13
22/10/2005,10.54
23/10/2005,9.99
24/10/2005,9.48
25/10/2005,9.01
26/10/2005,8.56
27/10/2005,8.15
28/10/2005,7.76
29/10/2005,7.4
30/10/2005,7.07
31/10/2005,6.75
1/11/2005,6.46
2/11/2005,6.19
3/11/2005,5.93
4/11/2005,5.69
5/11/2005,5.47
6/11/2005,5.26
7/11/2005,5.06
8/11/2005,4.87
9/11/2005,4.69
10/11/2005,4.53
11/11/2005,4.37
12/11/2005,4.22
13/11/2005,4.08
14/11/2005,3.94
15/11/2005,3.82
16/11/2005,3.69
17/11/2005,3.58
18/11/2005,3.47
19/11/2005,3.37
20/11/2005,3.27
21/11/2005,3.18
22/11/2005,3.09
23/11/2005,3
24/11/2005,2.92
25/11/2005,2.84
26/11/2005,2.77
27/11/2005,2.69
28/11/2005,2.63
29/11/2005,2.56
30/11/2005,2.5
1/12/2005,2.44
2/12/2005,2.38
3/12/2005,2.32
4/12/2005,2.27
5/12/2005,2.22
6/12/2005,2.17
7/12/2005,2.12
8/12/2005,2.08
9/12/2005,2.03
10/12/2005,1.99
11/12/2005,1.95
12/12/2005,1.91
13/12/2005,1.87
14/12/2005,1.84
15/12/2005,1.8
16/12/2005,1.77
17/12/2005,1.74
18/12/2005,1.7
19/12/2005,1.67
20/12/2005,1.64
21/12/2005,1.61
22/12/2005,1.58
23/12/2005,1.56
24/12/2005,1.53
25/12/2005,1.51
26/12/2005,1.48
27/12/2005,1.46
28/12/2005,1.43
29/12/2005,1.41
30/12/2005,1.39
31/12/2005,1.37
1/01/2006,1.35
2/01/2006,1.32
3/01/2006,1.3
4/01/2006,1.29
5/01/2006,1.27
6/01/2006,1.25
7/01/2006,1.23
8/01/2006,1.21
9/01/2006,1.2
10/01/2006,1.18
11/01/2006,1.16
12/01/2006,1.15
13/01/2006,1.13
14/01/2006,1.12
15/01/2006,1.1
16/01/2006,1.09
17/01/2006,1.07
18/01/2006,1.06
19/01/2006,1.05
20/01/2006,1.03
21/01/2006,1.02
22/01/2006,1.01
23/01/2006,1
24/01/2006,0.98
25/01/2006,0.97
26/01/2006,0.96
27/01/2006,0.95
28/01/2006,0.94
29/01/2006,0.93
30/01/2006,0.92
31/01/2006,0.91
1/02/2006,0.9
2/02/2006,0.89
3/02/2006,0.88
4/02/2006,0.87
5/02/2006,0.86
6/02/2006,0.85
7/02/2006,0.84
8/02/2006,0.83
9/02/2006,0.82
10/02/2006,0.81
11/02/2006,0.81
12/02/2006,0.8
13/02/2006,0.79
14/02/2006,0.78
15/02/2006,0.77
16/02/2006,0.77
17/02/2006,0.76
18/02/2006,0.75
19/02/2006,0.74
20/02/2006,0.74
21/02/2006,0.73
22/02/2006,0.72
23/02/2006,0.72
24/02/2006,0.71
25/02/2006,0.7
26/02/2006,0.7
27/02/2006,0.69
28/02/2006,0.68
1/03/2006,0.68
2/03/2006,0.67
3/03/2006,0.67
4/03/2006,0.66
5/03/2006,0.66
6/03/2006,0.65
7/03/2006,0.64
8/03/2006,0.64
9/03/2006,0.64
10/03/2006,0.63
11/03/2006,0.62
12/03/2006,0.62
13/03/2006,0.61
14/03/2006,0.61
15/03/2006,0.6
16/03/2006,0.6
17/03/2006,0.59
18/03/2006,0.59
19/03/2006,0.58
20/03/2006,0.58
21/03/2006,0.57
22/03/2006,0.57
23/03/2006,0.57
24/03/2006,0.56
25/03/2006,0.56
26/03/2006,0.55
27/03/2006,0.55
28/03/2006,0.54
29/03/2006,0.54
30/03/2006,0.54
31/03/2006,0.53
1/04/2006,0.53
2/04/2006,0.52
3/04/2006,0.52
4/04/2006,0.52
5/04/2006,0.51
6/04/2006,0.51
7/04/2006,0.51
8/04/2006,0.5
9/04/2006,0.5
10/04/2006,0.5
11/04/2006,0.49
12/04/2006,0.49
13/04/2006,0.49
14/04/2006,0.48
15/04/2006,0.48
16/04/2006,0.48
17/04/2006,0.47
18/04/2006,0.47
19/04/2006,0.47
20/04/2006,0.46
21/04/2006,0.46
22/04/2006,0.46
23/04/2006,0.45
24/04/2006,0.45
25/04/2006,0.45
26/04/2006,0.45
27/04/2006,0.44
28/04/2006,0.44
29/04/2006,0.44
30/04/2006,0.43
1/05/2006,0.43
2/05/2006,0.43
3/05/2006,0.43
4/05/2006,0.42
5/05/2006,0.42
6/05/2006,0.42
7/05/2006,0.42
8/05/2006,0.41
9/05/2006,0.41
10/05/2006,0.41
11/05/2006,0.41
12/05/2006,0.4
13/05/2006,0.4
14/05/2006,0.4
15/05/2006,0.4
16/05/2006,0.39
17/05/2006,0.39
18/05/2006,0.39
19/05/2006,0.39
20/05/2006,0.39
21/05/2006,0.38
22/05/2006,0.38
23/05/2006,0.38
24/05/2006,0.38
25/05/2006,0.38
26/05/2006,0.37
27/05/2006,0.37
28/05/2006,0.37
29/05/2006,0.37
30/05/2006,0.36
31/05/2006,0.36
1/06/2006,0.36
2/06/2006,0.36
3/06/2006,0.36
4/06/2006,0.36
5/06/2006,0.35
6/06/2006,0.35
7/06/2006,0.35
8/06/2006,0.35
9/06/2006,0.35
10/06/2006,0.34
11/06/2006,0.34
12/06/2006,0.34
13/06/2006,0.34
14/06/2006,0.34
15/06/2006,0.34
16/06/2006,0.33
17/06/2006,0.54
18/06/2006,1.39
19/06/2006,0.91
20/06/2006,1.67
21/06/2006,0.48
22/06/2006,31.34
23/06/2006,28.37
24/06/2006,13.28
25/06/2006,12.25
26/06/2006,11.35
27/06/2006,21.91
28/06/2006,14.28
29/06/2006,13.08
30/06/2006,32.89
1/07/2006,22.58
2/07/2006,18.97
3/07/2006,17.04
4/07/2006,7841.22
5/07/2006,7662.97
6/07/2006,266.64
7/07/2006,161.3
8/07/2006,121.69
9/07/2006,100.46
10/07/2006,86.81
11/07/2006,76.99
12/07/2006,69.38
13/07/2006,63.18
14/07/2006,57.95
15/07/2006,53.42
16/07/2006,49.44
17/07/2006,45.9
18/07/2006,92.95
19/07/2006,64.51
20/07/2006,55.52
21/07/2006,473.69
22/07/2006,320.96
23/07/2006,145.93
24/07/2006,98.59
25/07/2006,75.53
26/07/2006,61.83
27/07/2006,52.81
28/07/2006,644
29/07/2006,628.49
30/07/2006,187.78
31/07/2006,155.25
1/08/2006,100.36
2/08/2006,77.35
3/08/2006,63.74
4/08/2006,88.27
5/08/2006,64.23
6/08/2006,1482.26
7/08/2006,3483.05
8/08/2006,4450.6
9/08/2006,3136.55
10/08/2006,385.33
11/08/2006,185.98
12/08/2006,132.77
13/08/2006,107.04
14/08/2006,91.48
15/08/2006,91.65
16/08/2006,78.84
17/08/2006,70.98
18/08/2006,64.67
19/08/2006,59.41
20/08/2006,54.89
21/08/2006,50.94
22/08/2006,47.42
23/08/2006,44.26
24/08/2006,41.39
25/08/2006,38.78
26/08/2006,36.38
27/08/2006,34.18
28/08/2006,32.15
29/08/2006,30.27
30/08/2006,28.72
31/08/2006,27.36
1/09/2006,25.93
2/09/2006,24.55
3/09/2006,23.22
4/09/2006,22.15
5/09/2006,21.02
6/09/2006,59.96
7/09/2006,37.96
8/09/2006,110.31
9/09/2006,64.74
10/09/2006,72.64
11/09/2006,185.79
12/09/2006,345.92
13/09/2006,278.5
14/09/2006,304.44
15/09/2006,274.51
16/09/2006,131.12
17/09/2006,447.77
18/09/2006,161.23
19/09/2006,230.76
20/09/2006,126.58
21/09/2006,88.48
22/09/2006,152.25
23/09/2006,92.26
24/09/2006,71.7
25/09/2006,59.06
26/09/2006,50.47
27/09/2006,44.19
28/09/2006,39.35
29/09/2006,35.47
30/09/2006,68.59
1/10/2006,338.33
2/10/2006,136.34
3/10/2006,90.11
4/10/2006,68.03
5/10/2006,108.43
6/10/2006,70.28
7/10/2006,56.11
8/10/2006,46.8
9/10/2006,40.17
10/10/2006,35.18
11/10/2006,31.26
12/10/2006,28.09
13/10/2006,25.46
14/10/2006,23.24
15/10/2006,21.33
16/10/2006,19.66
17/10/2006,18.2
18/10/2006,16.9
19/10/2006,15.74
20/10/2006,14.7
21/10/2006,13.76
22/10/2006,12.91
23/10/2006,12.13
24/10/2006,11.42
25/10/2006,10.77
26/10/2006,10.17
27/10/2006,9.62
28/10/2006,9.12
29/10/2006,8.65
30/10/2006,8.42
31/10/2006,7.92
1/11/2006,7.55
2/11/2006,7.21
3/11/2006,22.15
4/11/2006,11.98
5/11/2006,20.54
6/11/2006,25.82
7/11/2006,40.85
8/11/2006,26.52
9/11/2006,23.18
10/11/2006,20.54
11/11/2006,18.4
12/11/2006,16.64
13/11/2006,15.17
14/11/2006,13.91
15/11/2006,12.83
16/11/2006,11.89
17/11/2006,11.06
18/11/2006,10.33
19/11/2006,9.68
20/11/2006,9.09
21/11/2006,8.57
22/11/2006,8.09
23/11/2006,7.66
24/11/2006,7.27
25/11/2006,6.9
26/11/2006,6.57
27/11/2006,6.26
28/11/2006,5.98
29/11/2006,5.72
30/11/2006,5.48
1/12/2006,5.25
2/12/2006,5.04
3/12/2006,4.84
4/12/2006,4.66
5/12/2006,4.48
6/12/2006,4.32
7/12/2006,4.17
8/12/2006,4.03
9/12/2006,3.89
10/12/2006,3.76
11/12/2006,3.64
12/12/2006,3.53
13/12/2006,3.42
14/12/2006,3.32
15/12/2006,3.22
16/12/2006,3.12
17/12/2006,3.04
18/12/2006,2.95
19/12/2006,2.87
20/12/2006,2.79
21/12/2006,2.72
22/12/2006,2.65
23/12/2006,2.58
24/12/2006,2.52
25/12/2006,2.46
26/12/2006,2.4
27/12/2006,2.34
28/12/2006,2.29
29/12/2006,2.24
30/12/2006,2.19
31/12/2006,2.14
1/01/2007,2.09
2/01/2007,2.05
3/01/2007,2.01
4/01/2007,1.96
5/01/2007,1.92
6/01/2007,1.89
7/01/2007,1.85
8/01/2007,1.81
9/01/2007,1.78
10/01/2007,1.74
11/01/2007,1.71
12/01/2007,1.68
13/01/2007,1.65
14/01/2007,1.62
15/01/2007,1.59
16/01/2007,1.57
17/01/2007,1.54
18/01/2007,1.51
19/01/2007,1.49
20/01/2007,1.46
21/01/2007,1.44
22/01/2007,1.42
23/01/2007,1.39
24/01/2007,1.37
25/01/2007,1.35
26/01/2007,1.33
27/01/2007,1.31
28/01/2007,1.29
29/01/2007,1.27
30/01/2007,1.25
31/01/2007,1.24
1/02/2007,1.22
2/02/2007,1.2
3/02/2007,1.18
4/02/2007,1.17
5/02/2007,1.15
6/02/2007,1.14
7/02/2007,1.12
8/02/2007,1.11
9/02/2007,1.09
10/02/2007,1.08
11/02/2007,1.06
12/02/2007,1.05
13/02/2007,1.04
14/02/2007,1.02
15/02/2007,1.01
16/02/2007,1
17/02/2007,0.99
18/02/2007,0.98
19/02/2007,0.96
20/02/2007,0.95
21/02/2007,0.94
22/02/2007,0.93
23/02/2007,0.92
24/02/2007,0.91
25/02/2007,0.9
26/02/2007,0.89
27/02/2007,0.88
28/02/2007,0.87
1/03/2007,0.86
2/03/2007,0.85
3/03/2007,0.84
4/03/2007,0.83
5/03/2007,0.83
6/03/2007,0.82
7/03/2007,0.81
8/03/2007,0.8
9/03/2007,0.79
10/03/2007,0.78
11/03/2007,0.78
12/03/2007,0.77
13/03/2007,0.76
14/03/2007,0.75
15/03/2007,0.75
16/03/2007,0.74
17/03/2007,0.73
18/03/2007,0.73
19/03/2007,0.72
20/03/2007,0.71
21/03/2007,0.71
22/03/2007,0.7
23/03/2007,0.69
24/03/2007,0.69
25/03/2007,0.68
26/03/2007,0.67
27/03/2007,0.67
28/03/2007,0.66
29/03/2007,0.66
30/03/2007,0.65
31/03/2007,0.65
1/04/2007,0.64
2/04/2007,0.63
3/04/2007,0.63
4/04/2007,0.62
5/04/2007,0.62
6/04/2007,0.61
7/04/2007,0.61
8/04/2007,0.6
9/04/2007,0.6
10/04/2007,0.59
11/04/2007,0.59
12/04/2007,0.58
13/04/2007,0.58
14/04/2007,0.58
15/04/2007,0.57
16/04/2007,0.57
17/04/2007,0.56
18/04/2007,0.56
19/04/2007,0.55
20/04/2007,0.59
21/04/2007,0.55
22/04/2007,0.54
23/04/2007,0.54
24/04/2007,0.54
25/04/2007,0.53
26/04/2007,0.53
27/04/2007,0.52
28/04/2007,0.52
29/04/2007,0.52
30/04/2007,0.51
1/05/2007,0.51
2/05/2007,0.51
3/05/2007,0.5
4/05/2007,0.5
5/05/2007,0.5
6/05/2007,0.49
7/05/2007,0.49
8/05/2007,0.49
9/05/2007,0.48
10/05/2007,0.48
11/05/2007,0.48
12/05/2007,0.47
13/05/2007,0.47
14/05/2007,0.47
15/05/2007,0.46
16/05/2007,0.46
17/05/2007,0.46
18/05/2007,0.45
19/05/2007,0.45
20/05/2007,0.45
21/05/2007,0.45
22/05/2007,0.44
23/05/2007,0.44
24/05/2007,0.44
25/05/2007,0.43
26/05/2007,0.43
27/05/2007,0.43
28/05/2007,0.43
29/05/2007,0.42
30/05/2007,0.42
31/05/2007,0.42
1/06/2007,0.45
2/06/2007,0.71
3/06/2007,1.4
4/06/2007,0.48
5/06/2007,0.8
6/06/2007,0.49
7/06/2007,0.49
8/06/2007,0.48
9/06/2007,0.48
10/06/2007,0.48
11/06/2007,0.47
12/06/2007,0.47
13/06/2007,2.27
14/06/2007,12.51
15/06/2007,1.83
16/06/2007,23.96
17/06/2007,6.91
18/06/2007,6.58
19/06/2007,6.28
20/06/2007,26.72
21/06/2007,215.58
22/06/2007,102.99
23/06/2007,94.78
24/06/2007,62.65
25/06/2007,48.19
26/06/2007,38.97
27/06/2007,32.64
28/06/2007,28.04
29/06/2007,24.54
30/06/2007,239.21
1/07/2007,2004
2/07/2007,2537.31
3/07/2007,239.24
4/07/2007,179.31
5/07/2007,152.46
6/07/2007,103.91
7/07/2007,748.78
8/07/2007,2409.14
9/07/2007,246.38
10/07/2007,144.71
11/07/2007,106.41
12/07/2007,86.1
13/07/2007,73.28
14/07/2007,64.27
15/07/2007,57.45
16/07/2007,52.02
17/07/2007,47.53
18/07/2007,43.71
19/07/2007,40.39
20/07/2007,37.47
21/07/2007,34.86
22/07/2007,32.52
23/07/2007,30.39
24/07/2007,28.46
25/07/2007,26.69
26/07/2007,116.88
27/07/2007,1327.65
28/07/2007,461.96
29/07/2007,172.46
30/07/2007,110.25
31/07/2007,84.42
1/08/2007,68.38
2/08/2007,58.13
3/08/2007,51.38
4/08/2007,121.44
5/08/2007,1752.25
6/08/2007,432.77
7/08/2007,575.09
8/08/2007,1869.8
9/08/2007,241.69
10/08/2007,142.65
11/08/2007,105.1
12/08/2007,85.2
13/08/2007,72.76
14/08/2007,317.49
15/08/2007,143.94
16/08/2007,101.09
17/08/2007,79.86
18/08/2007,66.85
19/08/2007,57.97
20/08/2007,51.43
21/08/2007,46.35
22/08/2007,42.24
23/08/2007,38.81
24/08/2007,133.72
25/08/2007,720.66
26/08/2007,1066.61
27/08/2007,348.84
28/08/2007,1336.35
29/08/2007,233.59
30/08/2007,137.7
31/08/2007,101.07
1/09/2007,81.42
2/09/2007,731.94
3/09/2007,250.82
4/09/2007,137.9
5/09/2007,99.03
6/09/2007,78.68
7/09/2007,66
8/09/2007,57.22
9/09/2007,50.66
10/09/2007,45.52
11/09/2007,41.32
12/09/2007,451.52
13/09/2007,158.43
14/09/2007,101.58
15/09/2007,75.53
16/09/2007,60.58
17/09/2007,50.83
18/09/2007,571.12
19/09/2007,1684.03
20/09/2007,365.42
21/09/2007,209.03
22/09/2007,321.35
23/09/2007,149.6
24/09/2007,103.94
25/09/2007,87.29
26/09/2007,71.06
27/09/2007,61.05
28/09/2007,53.75
29/09/2007,48.1
30/09/2007,43.54
1/10/2007,39.67
2/10/2007,36.35
3/10/2007,33.44
4/10/2007,30.87
5/10/2007,28.58
6/10/2007,26.53
7/10/2007,24.67
8/10/2007,22.99
9/10/2007,21.48
10/10/2007,20.08
11/10/2007,18.94
12/10/2007,17.82
13/10/2007,16.77
14/10/2007,15.79
15/10/2007,14.88
16/10/2007,14.04
17/10/2007,13.26
18/10/2007,12.53
19/10/2007,11.85
20/10/2007,11.22
21/10/2007,10.63
22/10/2007,10.08
23/10/2007,9.57
24/10/2007,9.09
25/10/2007,8.65
26/10/2007,8.23
27/10/2007,7.84
28/10/2007,7.48
29/10/2007,7.14
30/10/2007,6.82
31/10/2007,6.52
1/11/2007,6.25
2/11/2007,7.59
3/11/2007,6.23
4/11/2007,5.98
5/11/2007,5.73
6/11/2007,5.51
7/11/2007,5.29
8/11/2007,5.09
9/11/2007,4.9
10/11/2007,4.73
11/11/2007,4.56
12/11/2007,4.4
13/11/2007,4.25
14/11/2007,4.11
15/11/2007,3.97
16/11/2007,3.84
17/11/2007,3.72
18/11/2007,3.61
19/11/2007,3.5
20/11/2007,3.39
21/11/2007,3.29
22/11/2007,3.2
23/11/2007,3.11
24/11/2007,3.02
25/11/2007,2.94
26/11/2007,2.86
27/11/2007,2.78
28/11/2007,2.71
29/11/2007,2.64
30/11/2007,2.58
1/12/2007,2.51
2/12/2007,2.45
3/12/2007,2.39
4/12/2007,2.34
5/12/2007,2.29
6/12/2007,2.23
7/12/2007,2.18
8/12/2007,2.14
9/12/2007,2.09
10/12/2007,2.05
11/12/2007,2
12/12/2007,1.96
13/12/2007,1.92
14/12/2007,1.88
15/12/2007,1.85
16/12/2007,1.81
17/12/2007,1.78
18/12/2007,1.74
19/12/2007,1.71
20/12/2007,1.68
21/12/2007,1.65
22/12/2007,1.62
23/12/2007,1.59
24/12/2007,1.56
25/12/2007,1.54
26/12/2007,1.51
27/12/2007,1.49
28/12/2007,1.46
29/12/2007,1.44
30/12/2007,1.42
31/12/2007,1.39
1/01/2008,1.37
2/01/2008,1.35
3/01/2008,1.33
4/01/2008,1.31
5/01/2008,1.29
6/01/2008,1.27
7/01/2008,1.25
8/01/2008,1.23
9/01/2008,1.22
10/01/2008,1.2
11/01/2008,1.18
12/01/2008,1.17
13/01/2008,1.15
14/01/2008,1.14
15/01/2008,1.12
16/01/2008,1.11
17/01/2008,1.09
18/01/2008,1.08
19/01/2008,1.06
20/01/2008,1.05
21/01/2008,1.04
22/01/2008,1.02
23/01/2008,1.01
24/01/2008,1
25/01/2008,0.99
26/01/2008,0.98
27/01/2008,0.96
28/01/2008,0.95
29/01/2008,0.94
30/01/2008,0.93
31/01/2008,0.92
1/02/2008,0.91
2/02/2008,0.9
3/02/2008,0.89
4/02/2008,0.88
5/02/2008,0.87
6/02/2008,0.86
7/02/2008,0.85
8/02/2008,0.84
9/02/2008,0.83
10/02/2008,0.83
11/02/2008,0.82
12/02/2008,0.81
13/02/2008,0.8
14/02/2008,0.79
15/02/2008,0.78
16/02/2008,0.78
17/02/2008,0.77
18/02/2008,0.76
19/02/2008,0.75
20/02/2008,0.75
21/02/2008,0.74
22/02/2008,0.73
23/02/2008,0.73
24/02/2008,0.72
25/02/2008,0.71
26/02/2008,0.71
27/02/2008,0.7
28/02/2008,0.69
29/02/2008,0.69
1/03/2008,0.68
2/03/2008,0.67
3/03/2008,0.67
4/03/2008,0.66
5/03/2008,0.66
6/03/2008,0.65
7/03/2008,0.65
8/03/2008,0.64
9/03/2008,0.63
10/03/2008,0.63
11/03/2008,0.62
12/03/2008,0.62
13/03/2008,0.61
14/03/2008,0.61
15/03/2008,0.6
16/03/2008,0.6
17/03/2008,0.59
18/03/2008,0.59
19/03/2008,0.58
20/03/2008,0.58
21/03/2008,0.58
22/03/2008,0.57
23/03/2008,0.57
24/03/2008,0.56
25/03/2008,0.56
26/03/2008,0.55
27/03/2008,0.55
28/03/2008,0.55
29/03/2008,0.54
30/03/2008,0.54
31/03/2008,0.53
1/04/2008,0.53
2/04/2008,0.53
3/04/2008,0.52
4/04/2008,0.52
5/04/2008,0.51
6/04/2008,0.51
7/04/2008,0.51
8/04/2008,0.5
9/04/2008,0.5
10/04/2008,0.5
11/04/2008,0.49
12/04/2008,0.49
13/04/2008,0.49
14/04/2008,0.48
15/04/2008,0.48
16/04/2008,0.48
17/04/2008,0.47
18/04/2008,0.47
19/04/2008,0.47
20/04/2008,0.46
21/04/2008,0.46
22/04/2008,0.46
23/04/2008,0.46
24/04/2008,0.45
25/04/2008,0.45
26/04/2008,0.45
27/04/2008,0.44
28/04/2008,0.44
29/04/2008,0.44
30/04/2008,0.44
1/05/2008,0.43
2/05/2008,0.43
3/05/2008,0.43
4/05/2008,0.42
5/05/2008,0.42
6/05/2008,0.42
7/05/2008,0.42
8/05/2008,0.41
9/05/2008,0.41
10/05/2008,0.41
11/05/2008,0.41
12/05/2008,0.4
13/05/2008,0.4
14/05/2008,0.4
15/05/2008,0.4
16/05/2008,0.4
17/05/2008,0.39
18/05/2008,0.39
19/05/2008,0.39
20/05/2008,0.39
21/05/2008,0.38
22/05/2008,0.38
23/05/2008,0.38
24/05/2008,0.38
25/05/2008,0.38
26/05/2008,0.37
27/05/2008,0.37
28/05/2008,0.37
29/05/2008,0.37
30/05/2008,0.37
31/05/2008,0.36
1/06/2008,0.36
2/06/2008,0.36
3/06/2008,0.36
4/06/2008,0.47
5/06/2008,0.36
6/06/2008,0.7
7/06/2008,0.37
8/06/2008,0.37
9/06/2008,0.37
10/06/2008,0.37
11/06/2008,0.36
12/06/2008,0.36
13/06/2008,0.36
14/06/2008,0.36
15/06/2008,0.36
16/06/2008,0.35
17/06/2008,0.35
18/06/2008,0.35
19/06/2008,0.35
20/06/2008,0.35
21/06/2008,0.34
22/06/2008,0.34
23/06/2008,0.34
24/06/2008,0.34
25/06/2008,0.34
26/06/2008,0.34
27/06/2008,0.33
28/06/2008,0.33
29/06/2008,0.43
30/06/2008,0.58
1/07/2008,2.99
2/07/2008,1.56
3/07/2008,0.54
4/07/2008,0.53
5/07/2008,0.53
6/07/2008,0.53
7/07/2008,0.52
8/07/2008,0.52
9/07/2008,0.88
10/07/2008,2.59
11/07/2008,6.56
12/07/2008,1.21
13/07/2008,1.2
14/07/2008,1.18
15/07/2008,10.97
16/07/2008,2.59
17/07/2008,2.53
18/07/2008,2.47
19/07/2008,2.42
20/07/2008,2.37
21/07/2008,2.32
22/07/2008,2.27
23/07/2008,3.42
24/07/2008,28.36
25/07/2008,9.41
26/07/2008,97.98
27/07/2008,58.45
28/07/2008,227.9
29/07/2008,1167.85
30/07/2008,203.92
31/07/2008,113.9
1/08/2008,80.39
2/08/2008,83.2
3/08/2008,74.17
4/08/2008,90.83
5/08/2008,289.72
6/08/2008,793.49
7/08/2008,195.47
8/08/2008,115.79
9/08/2008,293.07
10/08/2008,838.5
11/08/2008,1844.74
12/08/2008,367.92
13/08/2008,166.18
14/08/2008,113.49
15/08/2008,88.46
16/08/2008,73.69
17/08/2008,63.8
18/08/2008,56.59
19/08/2008,51.01
20/08/2008,46.5
21/08/2008,42.73
22/08/2008,39.5
23/08/2008,36.69
24/08/2008,34.2
25/08/2008,149.85
26/08/2008,82.75
27/08/2008,64.4
28/08/2008,53.06
29/08/2008,45.31
30/08/2008,98.9
31/08/2008,938.2
1/09/2008,562.47
2/09/2008,286.73
3/09/2008,657.93
4/09/2008,1634.95
5/09/2008,348.61
6/09/2008,240.03
7/09/2008,136.21
8/09/2008,268.78
9/09/2008,471.37
10/09/2008,909
11/09/2008,420.29
12/09/2008,855.62
13/09/2008,1659.98
14/09/2008,245.22
15/09/2008,147.17
16/09/2008,109.46
17/09/2008,96.29
18/09/2008,80.64
19/09/2008,1740.13
20/09/2008,238.76
21/09/2008,140.63
22/09/2008,103.13
23/09/2008,83.12
24/09/2008,70.47
25/09/2008,61.58
26/09/2008,54.85
27/09/2008,49.51
28/09/2008,45.09
29/09/2008,41.35
30/09/2008,38.12
1/10/2008,35.21
2/10/2008,32.6
3/10/2008,58.21
4/10/2008,83.14
5/10/2008,59.28
6/10/2008,49.24
7/10/2008,153.3
8/10/2008,85.05
9/10/2008,64.63
10/10/2008,52.25
11/10/2008,43.91
12/10/2008,37.88
13/10/2008,33.29
14/10/2008,29.65
15/10/2008,26.7
16/10/2008,24.23
17/10/2008,22.14
18/10/2008,20.34
19/10/2008,18.76
20/10/2008,17.38
21/10/2008,16.15
22/10/2008,15.06
23/10/2008,14.07
24/10/2008,13.18
25/10/2008,12.37
26/10/2008,11.63
27/10/2008,10.96
28/10/2008,10.34
29/10/2008,9.77
30/10/2008,9.25
31/10/2008,8.77
1/11/2008,8.33
2/11/2008,7.92
3/11/2008,7.55
4/11/2008,7.2
5/11/2008,6.87
6/11/2008,6.57
7/11/2008,6.29
8/11/2008,6.02
9/11/2008,5.78
10/11/2008,5.55
11/11/2008,5.33
12/11/2008,5.12
13/11/2008,4.93
14/11/2008,4.75
15/11/2008,4.58
16/11/2008,4.42
17/11/2008,4.26
18/11/2008,4.12
19/11/2008,3.99
20/11/2008,3.86
21/11/2008,3.73
22/11/2008,3.62
23/11/2008,3.51
24/11/2008,3.4
25/11/2008,3.3
26/11/2008,3.21
27/11/2008,3.11
28/11/2008,3.03
29/11/2008,2.95
30/11/2008,2.87
1/12/2008,2.79
2/12/2008,2.72
3/12/2008,2.65
4/12/2008,2.58
5/12/2008,2.52
6/12/2008,2.46
7/12/2008,2.4
8/12/2008,2.35
9/12/2008,2.29
10/12/2008,2.24
11/12/2008,2.19
12/12/2008,2.14
13/12/2008,2.1
14/12/2008,2.05
15/12/2008,2.01
16/12/2008,1.97
17/12/2008,1.93
18/12/2008,1.89
19/12/2008,1.85
20/12/2008,1.82
21/12/2008,1.78
22/12/2008,1.75
23/12/2008,1.72
24/12/2008,1.68
25/12/2008,1.65
26/12/2008,1.62
27/12/2008,1.6
28/12/2008,1.57
29/12/2008,1.54
30/12/2008,1.52
31/12/2008,1.49
1/01/2009,1.47
2/01/2009,1.44
3/01/2009,1.42
4/01/2009,1.4
5/01/2009,1.37
6/01/2009,1.35
7/01/2009,1.33
8/01/2009,1.31
9/01/2009,1.29
10/01/2009,1.27
11/01/2009,1.26
12/01/2009,1.24
13/01/2009,1.22
14/01/2009,1.2
15/01/2009,1.19
16/01/2009,1.17
17/01/2009,1.15
18/01/2009,1.14
19/01/2009,1.12
20/01/2009,1.11
21/01/2009,1.09
22/01/2009,1.08
23/01/2009,1.07
24/01/2009,1.05
25/01/2009,1.04
26/01/2009,1.03
27/01/2009,1.01
28/01/2009,1
29/01/2009,0.99
30/01/2009,0.98
31/01/2009,0.97
1/02/2009,0.95
2/02/2009,0.94
3/02/2009,0.93
4/02/2009,0.92
5/02/2009,0.91
6/02/2009,0.9
7/02/2009,0.89
8/02/2009,0.88
9/02/2009,0.87
10/02/2009,0.86
11/02/2009,0.85
12/02/2009,0.84
13/02/2009,0.84
14/02/2009,0.83
15/02/2009,0.82
16/02/2009,0.81
17/02/2009,0.8
18/02/2009,0.79
19/02/2009,0.79
20/02/2009,0.78
21/02/2009,0.77
22/02/2009,0.76
23/02/2009,0.75
24/02/2009,0.75
25/02/2009,0.74
26/02/2009,0.73
27/02/2009,0.73
28/02/2009,0.72
1/03/2009,0.71
2/03/2009,0.71
3/03/2009,0.7
4/03/2009,0.69
5/03/2009,0.69
6/03/2009,0.68
7/03/2009,0.68
8/03/2009,0.67
9/03/2009,0.66
10/03/2009,0.66
11/03/2009,0.65
12/03/2009,0.65
13/03/2009,0.64
14/03/2009,0.64
15/03/2009,0.63
16/03/2009,0.63
17/03/2009,0.62
18/03/2009,0.61
19/03/2009,0.61
20/03/2009,0.6
21/03/2009,0.6
22/03/2009,0.6
23/03/2009,0.59
24/03/2009,0.59
25/03/2009,0.58
26/03/2009,0.58
27/03/2009,0.57
28/03/2009,0.57
29/03/2009,0.56
30/03/2009,0.56
31/03/2009,0.55
1/04/2009,0.55
2/04/2009,0.55
3/04/2009,0.54
4/04/2009,0.54
5/04/2009,0.53
6/04/2009,0.53
7/04/2009,0.53
8/04/2009,0.52
9/04/2009,0.52
10/04/2009,0.52
11/04/2009,0.51
12/04/2009,0.51
13/04/2009,0.5
14/04/2009,0.5
15/04/2009,0.5
16/04/2009,0.49
17/04/2009,0.49
18/04/2009,0.49
19/04/2009,0.48
20/04/2009,0.48
21/04/2009,0.48
22/04/2009,0.47
23/04/2009,0.47
24/04/2009,0.47
25/04/2009,0.46
26/04/2009,0.46
27/04/2009,0.46
28/04/2009,0.46
29/04/2009,0.45
30/04/2009,0.45
1/05/2009,0.45
2/05/2009,0.44
3/05/2009,0.44
4/05/2009,0.44
5/05/2009,0.44
6/05/2009,0.43
7/05/2009,0.43
8/05/2009,0.43
9/05/2009,0.43
10/05/2009,0.42
11/05/2009,0.42
12/05/2009,0.42
13/05/2009,0.41
14/05/2009,0.41
15/05/2009,0.41
16/05/2009,0.41
17/05/2009,0.41
18/05/2009,0.41
19/05/2009,0.4
20/05/2009,0.4
21/05/2009,0.4
22/05/2009,0.39
23/05/2009,0.39
24/05/2009,0.39
25/05/2009,0.39
26/05/2009,0.38
27/05/2009,0.38
28/05/2009,0.38
29/05/2009,0.38
30/05/2009,0.38
31/05/2009,0.37
1/06/2009,0.37
2/06/2009,0.37
3/06/2009,0.37
4/06/2009,0.37
5/06/2009,0.36
6/06/2009,0.36
7/06/2009,0.36
8/06/2009,0.36
9/06/2009,0.36
10/06/2009,0.35
11/06/2009,0.35
12/06/2009,0.35
13/06/2009,0.35
14/06/2009,0.35
15/06/2009,0.35
16/06/2009,0.34
17/06/2009,0.34
18/06/2009,0.34
19/06/2009,0.34
20/06/2009,1.3
21/06/2009,0.38
22/06/2009,0.38
23/06/2009,0.37
24/06/2009,0.37
25/06/2009,0.37
26/06/2009,0.37
27/06/2009,0.37
28/06/2009,0.36
29/06/2009,0.36
30/06/2009,0.36
1/07/2009,0.36
2/07/2009,0.36
3/07/2009,0.35
4/07/2009,0.67
5/07/2009,79.73
6/07/2009,51.17
7/07/2009,113.46
8/07/2009,1145.78
9/07/2009,346.1
10/07/2009,144.87
11/07/2009,93.23
12/07/2009,69.01
13/07/2009,54.99
14/07/2009,56.49
15/07/2009,44.72
16/07/2009,38.62
17/07/2009,34.02
18/07/2009,30.4
19/07/2009,27.47
20/07/2009,522.23
21/07/2009,1307.14
22/07/2009,2137.87
23/07/2009,358.72
24/07/2009,163.4
25/07/2009,111.38
26/07/2009,86.5
27/07/2009,71.77
28/07/2009,61.87
29/07/2009,54.64
30/07/2009,49.04
31/07/2009,44.52
1/08/2009,40.79
2/08/2009,37.63
3/08/2009,34.9
4/08/2009,32.49
5/08/2009,30.35
6/08/2009,28.43
7/08/2009,26.68
8/08/2009,25.09
9/08/2009,23.63
10/08/2009,22.28
11/08/2009,21.04
12/08/2009,19.89
13/08/2009,18.83
14/08/2009,17.84
15/08/2009,16.91
16/08/2009,16.05
17/08/2009,15.24
18/08/2009,14.49
19/08/2009,1203.64
20/08/2009,1422.2
21/08/2009,287.41
22/08/2009,142.97
23/08/2009,1004.78
24/08/2009,213.34
25/08/2009,127.84
26/08/2009,93.69
27/08/2009,142.6
28/08/2009,93.21
29/08/2009,74.71
30/08/2009,63.06
31/08/2009,54.95
1/09/2009,48.98
2/09/2009,86.65
3/09/2009,337.79
4/09/2009,1414.62
5/09/2009,224.57
6/09/2009,129.93
7/09/2009,93.53
8/09/2009,74.31
9/09/2009,62.24
10/09/2009,53.84
11/09/2009,48.17
12/09/2009,43.47
13/09/2009,39.59
14/09/2009,36.3
15/09/2009,33.46
16/09/2009,30.97
17/09/2009,28.76
18/09/2009,26.78
19/09/2009,25
20/09/2009,188.75
21/09/2009,91.81
22/09/2009,67.45
23/09/2009,53.4
24/09/2009,51.79
25/09/2009,41.65
26/09/2009,36
27/09/2009,31.69
28/09/2009,28.29
29/09/2009,25.53
30/09/2009,44.22
1/10/2009,31.19
2/10/2009,27.59
3/10/2009,96.73
4/10/2009,111.43
5/10/2009,94.32
6/10/2009,64.12
7/10/2009,50.35
8/10/2009,41.39
9/10/2009,35.09
10/10/2009,30.41
11/10/2009,26.78
12/10/2009,23.89
13/10/2009,21.52
14/10/2009,19.54
15/10/2009,17.86
16/10/2009,16.41
17/10/2009,15.16
18/10/2009,14.05
19/10/2009,13.07
20/10/2009,12.2
21/10/2009,11.42
22/10/2009,10.72
23/10/2009,10.08
24/10/2009,9.5
25/10/2009,8.97
26/10/2009,8.48
27/10/2009,8.04
28/10/2009,7.63
29/10/2009,7.25
30/10/2009,6.9
31/10/2009,6.58
1/11/2009,6.28
2/11/2009,6.01
3/11/2009,5.76
4/11/2009,5.52
5/11/2009,5.3
6/11/2009,5.09
7/11/2009,4.89
8/11/2009,4.71
9/11/2009,4.66
10/11/2009,55.63
11/11/2009,159.79
12/11/2009,77.61
13/11/2009,56.36
14/11/2009,43.96
15/11/2009,35.85
16/11/2009,30.16
17/11/2009,25.96
18/11/2009,22.73
19/11/2009,20.18
20/11/2009,18.11
21/11/2009,16.39
22/11/2009,14.95
23/11/2009,13.72
24/11/2009,12.67
25/11/2009,11.74
26/11/2009,10.93
27/11/2009,10.22
28/11/2009,9.58
29/11/2009,9
30/11/2009,8.49
1/12/2009,8.02
2/12/2009,7.59
3/12/2009,7.21
4/12/2009,6.85
5/12/2009,6.53
6/12/2009,6.23
7/12/2009,5.95
8/12/2009,5.69
9/12/2009,5.45
10/12/2009,5.23
11/12/2009,5.02
12/12/2009,4.83
13/12/2009,4.64
14/12/2009,4.47
15/12/2009,4.31
16/12/2009,4.16
17/12/2009,4.02
18/12/2009,3.88
19/12/2009,3.76
20/12/2009,3.64
21/12/2009,3.52
22/12/2009,3.42
23/12/2009,3.31
24/12/2009,3.22
25/12/2009,3.12
26/12/2009,3.03
27/12/2009,2.95
28/12/2009,2.87
29/12/2009,2.79
30/12/2009,2.72
31/12/2009,2.65
1/01/2010,2.58
2/01/2010,2.52
3/01/2010,2.46
4/01/2010,2.4
5/01/2010,2.34
6/01/2010,2.29
7/01/2010,2.24
8/01/2010,2.19
9/01/2010,2.14
10/01/2010,2.09
11/01/2010,2.05
12/01/2010,2.01
13/01/2010,1.96
14/01/2010,1.92
15/01/2010,1.89
16/01/2010,1.85
17/01/2010,1.81
18/01/2010,1.78
19/01/2010,1.75
20/01/2010,1.71
21/01/2010,1.68
22/01/2010,1.65
23/01/2010,1.62
24/01/2010,1.59
25/01/2010,1.57
26/01/2010,1.54
27/01/2010,1.51
28/01/2010,1.49
29/01/2010,1.46
30/01/2010,1.44
31/01/2010,1.42
1/02/2010,1.39
2/02/2010,1.37
3/02/2010,1.35
4/02/2010,1.33
5/02/2010,1.31
6/02/2010,1.29
7/02/2010,1.27
8/02/2010,1.25
9/02/2010,1.24
10/02/2010,1.22
11/02/2010,1.2
12/02/2010,1.18
13/02/2010,1.17
14/02/2010,1.15
15/02/2010,1.14
16/02/2010,1.12
17/02/2010,1.11
18/02/2010,1.09
19/02/2010,1.08
20/02/2010,1.06
21/02/2010,1.05
22/02/2010,1.04
23/02/2010,1.02
24/02/2010,1.01
25/02/2010,1
26/02/2010,0.99
27/02/2010,0.98
28/02/2010,0.96
1/03/2010,0.95
2/03/2010,0.94
3/03/2010,0.93
4/03/2010,0.92
5/03/2010,0.91
6/03/2010,0.9
7/03/2010,0.89
8/03/2010,0.88
9/03/2010,0.87
10/03/2010,0.86
11/03/2010,0.85
12/03/2010,0.84
13/03/2010,0.83
14/03/2010,0.83
15/03/2010,0.82
16/03/2010,0.81
17/03/2010,0.8
18/03/2010,0.79
19/03/2010,0.78
20/03/2010,0.78
21/03/2010,0.77
22/03/2010,0.76
23/03/2010,0.75
24/03/2010,0.75
25/03/2010,0.74
26/03/2010,0.73
27/03/2010,0.73
28/03/2010,0.72
29/03/2010,0.71
30/03/2010,0.71
31/03/2010,0.7
1/04/2010,0.69
2/04/2010,0.69
3/04/2010,0.68
4/04/2010,0.67
5/04/2010,0.67
6/04/2010,0.66
7/04/2010,0.66
8/04/2010,0.65
9/04/2010,0.65
10/04/2010,0.64
11/04/2010,0.63
12/04/2010,0.63
13/04/2010,0.62
14/04/2010,0.62
15/04/2010,0.61
16/04/2010,0.61
17/04/2010,0.6
18/04/2010,0.6
19/04/2010,0.59
20/04/2010,0.59
21/04/2010,0.58
22/04/2010,0.58
23/04/2010,0.58
24/04/2010,0.57
25/04/2010,0.57
26/04/2010,0.56
27/04/2010,0.56
28/04/2010,0.55
29/04/2010,0.55
30/04/2010,0.55
1/05/2010,0.54
2/05/2010,0.54
3/05/2010,0.53
4/05/2010,0.53
5/05/2010,0.53
6/05/2010,0.52
7/05/2010,0.52
8/05/2010,0.51
9/05/2010,0.51
10/05/2010,0.51
11/05/2010,0.5
12/05/2010,0.5
13/05/2010,0.5
14/05/2010,0.49
15/05/2010,0.49
16/05/2010,0.49
17/05/2010,0.48
18/05/2010,0.48
19/05/2010,0.48
20/05/2010,0.47
21/05/2010,0.47
22/05/2010,0.47
23/05/2010,0.46
24/05/2010,0.46
25/05/2010,0.46
26/05/2010,0.46
27/05/2010,0.45
28/05/2010,0.45
29/05/2010,0.45
30/05/2010,0.44
31/05/2010,0.44
1/06/2010,0.67
2/06/2010,0.45
3/06/2010,0.45
4/06/2010,0.44
5/06/2010,0.44
6/06/2010,0.44
7/06/2010,0.43
8/06/2010,0.43
9/06/2010,0.93
10/06/2010,0.93
11/06/2010,0.82
12/06/2010,0.49
13/06/2010,13
14/06/2010,1.71
15/06/2010,4.36
16/06/2010,7.62
17/06/2010,3.91
18/06/2010,3.14
19/06/2010,3.06
20/06/2010,2.98
21/06/2010,2.9
22/06/2010,2.83
23/06/2010,2.75
24/06/2010,2.68
25/06/2010,2.62
26/06/2010,6.44
27/06/2010,10.85
28/06/2010,4.99
29/06/2010,4.8
30/06/2010,4.62
1/07/2010,10.9
2/07/2010,70.07
3/07/2010,491.58
4/07/2010,152.6
5/07/2010,91.89
6/07/2010,65.1
7/07/2010,50.17
8/07/2010,40.72
9/07/2010,34.2
10/07/2010,29.43
11/07/2010,25.79
12/07/2010,22.93
13/07/2010,33.92
14/07/2010,24.77
15/07/2010,140.67
16/07/2010,320.34
17/07/2010,445.23
18/07/2010,155.29
19/07/2010,95.76
20/07/2010,115.09
21/07/2010,235
22/07/2010,113.38
23/07/2010,79.15
24/07/2010,693.07
25/07/2010,2084.07
26/07/2010,253.05
27/07/2010,139.25
28/07/2010,99.25
29/07/2010,78.56
30/07/2010,260.45
31/07/2010,276.9
1/08/2010,728.81
2/08/2010,199.27
3/08/2010,122.39
4/08/2010,90.51
5/08/2010,73.02
6/08/2010,347.11
7/08/2010,2037.19
8/08/2010,285.32
9/08/2010,150.52
10/08/2010,107.03
11/08/2010,85.06
12/08/2010,71.65
13/08/2010,203.65
14/08/2010,112.43
15/08/2010,85.07
16/08/2010,69.45
17/08/2010,59.25
18/08/2010,248.96
19/08/2010,120.89
20/08/2010,185.95
21/08/2010,106.16
22/08/2010,79.27
23/08/2010,63.97
24/08/2010,54.33
25/08/2010,55.95
26/08/2010,1855.49
27/08/2010,917.07
28/08/2010,573.36
29/08/2010,237.01
30/08/2010,291.1
31/08/2010,146.75
1/09/2010,104.84
2/09/2010,83.3
3/09/2010,69.98
4/09/2010,61.45
5/09/2010,158.67
6/09/2010,100.9
7/09/2010,96.37
8/09/2010,148.51
9/09/2010,137.85
10/09/2010,92.43
11/09/2010,73.21
12/09/2010,61.18
13/09/2010,52.83
14/09/2010,46.63
15/09/2010,41.78
16/09/2010,37.84
17/09/2010,34.56
18/09/2010,31.75
19/09/2010,29.32
20/09/2010,27.17
21/09/2010,45.98
22/09/2010,33.7
23/09/2010,86.48
24/09/2010,54.05
25/09/2010,44.77
26/09/2010,38.24
27/09/2010,33.38
28/09/2010,102.08
29/09/2010,162.04
30/09/2010,88.77
1/10/2010,65.13
2/10/2010,51.41
3/10/2010,42.44
4/10/2010,86.58
5/10/2010,54.75
6/10/2010,44.45
7/10/2010,37.38
8/10/2010,32.2
9/10/2010,28.24
10/10/2010,25.11
11/10/2010,22.56
12/10/2010,21.44
13/10/2010,74.38
14/10/2010,43.09
15/10/2010,35.89
16/10/2010,30.69
17/10/2010,223.37
18/10/2010,100.29
19/10/2010,121.34
20/10/2010,310.53
21/10/2010,153.74
22/10/2010,93.47
23/10/2010,67.94
24/10/2010,106.28
25/10/2010,67.37
26/10/2010,53
27/10/2010,43.68
28/10/2010,37.13
29/10/2010,32.26
30/10/2010,28.48
31/10/2010,25.45
1/11/2010,22.99
2/11/2010,20.94
3/11/2010,19.2
4/11/2010,17.75
5/11/2010,62.57
6/11/2010,36.44
7/11/2010,31.16
8/11/2010,27.21
9/11/2010,24.11
10/11/2010,21.62
11/11/2010,19.57
12/11/2010,17.85
13/11/2010,16.38
14/11/2010,15.12
15/11/2010,48.89
16/11/2010,28.5
17/11/2010,24.88
18/11/2010,22.04
19/11/2010,19.74
20/11/2010,56.69
21/11/2010,293.97
22/11/2010,119.1
23/11/2010,78.44
24/11/2010,58.23
25/11/2010,46.17
26/11/2010,38.18
27/11/2010,32.51
28/11/2010,28.27
29/11/2010,24.98
30/11/2010,22.34
1/12/2010,20.2
2/12/2010,18.41
3/12/2010,16.89
4/12/2010,15.59
5/12/2010,14.46
6/12/2010,13.46
7/12/2010,12.58
8/12/2010,11.8
9/12/2010,11.09
10/12/2010,10.45
11/12/2010,9.88
12/12/2010,9.35
13/12/2010,8.87
14/12/2010,8.42
15/12/2010,8.01
16/12/2010,7.63
17/12/2010,7.28
18/12/2010,6.96
19/12/2010,6.66
20/12/2010,6.37
21/12/2010,6.11
22/12/2010,5.86
23/12/2010,5.63
24/12/2010,5.41
25/12/2010,5.21
26/12/2010,5.01
27/12/2010,4.83
28/12/2010,4.66
29/12/2010,4.5
30/12/2010,4.34
31/12/2010,4.2
1/01/2011,4.06
2/01/2011,3.93
3/01/2011,3.81
4/01/2011,3.69
5/01/2011,3.57
6/01/2011,3.47
7/01/2011,3.37
8/01/2011,3.27
9/01/2011,3.18
10/01/2011,3.09
11/01/2011,3
12/01/2011,2.92
13/01/2011,2.84
14/01/2011,2.77
15/01/2011,2.7
16/01/2011,2.63
17/01/2011,2.57
18/01/2011,2.5
19/01/2011,2.44
20/01/2011,2.39
21/01/2011,2.33
22/01/2011,2.28
23/01/2011,2.23
24/01/2011,2.18
25/01/2011,2.13
26/01/2011,2.09
27/01/2011,2.04
28/01/2011,2
29/01/2011,1.96
30/01/2011,1.92
31/01/2011,1.88
1/02/2011,1.84
2/02/2011,1.81
3/02/2011,1.77
4/02/2011,1.74
5/02/2011,1.71
6/02/2011,1.68
7/02/2011,1.65
8/02/2011,1.62
9/02/2011,1.59
10/02/2011,1.56
11/02/2011,1.54
12/02/2011,1.51
13/02/2011,1.48
14/02/2011,1.46
15/02/2011,1.44
16/02/2011,1.41
17/02/2011,1.39
18/02/2011,1.37
19/02/2011,1.35
20/02/2011,1.33
21/02/2011,1.31
22/02/2011,1.29
23/02/2011,1.27
24/02/2011,1.25
25/02/2011,1.23
26/02/2011,1.22
27/02/2011,1.2
28/02/2011,1.18
1/03/2011,1.17
2/03/2011,1.15
3/03/2011,1.13
4/03/2011,1.12
5/03/2011,1.1
6/03/2011,1.09
7/03/2011,1.08
8/03/2011,1.06
9/03/2011,1.05
10/03/2011,1.04
11/03/2011,1.02
12/03/2011,1.01
13/03/2011,1
14/03/2011,0.99
15/03/2011,0.97
16/03/2011,0.96
17/03/2011,0.95
18/03/2011,0.94
19/03/2011,0.93
20/03/2011,0.92
21/03/2011,0.91
22/03/2011,0.9
23/03/2011,0.89
24/03/2011,0.88
25/03/2011,0.87
26/03/2011,0.86
27/03/2011,0.85
28/03/2011,0.84
29/03/2011,0.83
30/03/2011,0.82
31/03/2011,0.82
1/04/2011,0.81
2/04/2011,0.8
3/04/2011,0.79
4/04/2011,0.78
5/04/2011,0.78
6/04/2011,0.77
7/04/2011,0.76
8/04/2011,0.75
9/04/2011,0.75
10/04/2011,0.74
11/04/2011,0.73
12/04/2011,0.72
13/04/2011,0.72
14/04/2011,0.71
15/04/2011,0.7
16/04/2011,0.7
17/04/2011,0.69
18/04/2011,0.69
19/04/2011,0.68
20/04/2011,0.67
21/04/2011,0.67
22/04/2011,0.66
23/04/2011,0.66
24/04/2011,0.65
25/04/2011,0.64
26/04/2011,0.64
27/04/2011,0.63
28/04/2011,0.63
29/04/2011,0.62
30/04/2011,0.62
1/05/2011,0.61
2/05/2011,0.61
3/05/2011,0.6
4/05/2011,0.6
5/05/2011,0.59
6/05/2011,0.59
7/05/2011,0.58
8/05/2011,0.58
9/05/2011,0.57
10/05/2011,0.57
11/05/2011,0.57
12/05/2011,0.56
13/05/2011,0.56
14/05/2011,0.55
15/05/2011,0.55
16/05/2011,0.54
17/05/2011,0.54
18/05/2011,0.54
19/05/2011,0.53
20/05/2011,0.53
21/05/2011,0.53
22/05/2011,0.52
23/05/2011,0.52
24/05/2011,0.51
25/05/2011,0.51
26/05/2011,0.51
27/05/2011,0.5
28/05/2011,0.5
29/05/2011,0.5
30/05/2011,0.49
31/05/2011,0.49
1/06/2011,0.49
2/06/2011,1.05
3/06/2011,0.51
4/06/2011,0.51
5/06/2011,3.41
6/06/2011,0.7
7/06/2011,0.83
8/06/2011,0.7
9/06/2011,2.4
10/06/2011,0.82
11/06/2011,0.81
12/06/2011,0.81
13/06/2011,0.8
14/06/2011,0.79
15/06/2011,0.78
16/06/2011,0.77
17/06/2011,0.77
18/06/2011,0.76
19/06/2011,0.75
20/06/2011,0.74
21/06/2011,0.74
22/06/2011,0.73
23/06/2011,0.72
24/06/2011,0.72
25/06/2011,0.71
26/06/2011,0.7
27/06/2011,0.7
28/06/2011,0.69
29/06/2011,0.68
30/06/2011,0.68
1/07/2011,0.67
2/07/2011,0.67
3/07/2011,0.66
4/07/2011,0.65
5/07/2011,2.64
6/07/2011,16.63
7/07/2011,51.59
8/07/2011,19.91
9/07/2011,229.28
10/07/2011,116.21
11/07/2011,112.55
12/07/2011,70.49
13/07/2011,239.54
14/07/2011,155.16
15/07/2011,98.77
16/07/2011,68.68
17/07/2011,53.09
18/07/2011,246.58
19/07/2011,537.02
20/07/2011,507.04
21/07/2011,210.26
22/07/2011,265.77
23/07/2011,159.79
24/07/2011,113.5
25/07/2011,81.06
26/07/2011,732.69
27/07/2011,275.77
28/07/2011,137.93
29/07/2011,214.6
30/07/2011,116.44
31/07/2011,85.02
1/08/2011,67.85
2/08/2011,56.97
3/08/2011,551.8
4/08/2011,272.15
5/08/2011,135.45
6/08/2011,93.65
7/08/2011,72.58
8/08/2011,59.85
9/08/2011,63.17
10/08/2011,51.17
11/08/2011,44.95
12/08/2011,40.18
13/08/2011,45.58
14/08/2011,88.98
15/08/2011,58.85
16/08/2011,49.31
17/08/2011,42.59
18/08/2011,37.57
19/08/2011,36.53
20/08/2011,43.58
21/08/2011,35.06
22/08/2011,31.59
23/08/2011,363.88
24/08/2011,149.76
25/08/2011,95.19
26/08/2011,332.97
27/08/2011,257.68
28/08/2011,1854.16
29/08/2011,353.98
30/08/2011,191.28
31/08/2011,743.63
1/09/2011,202.64
2/09/2011,620.06
3/09/2011,1007.44
4/09/2011,682.25
5/09/2011,204.56
6/09/2011,128.99
7/09/2011,97.07
8/09/2011,79.25
9/09/2011,67.67
10/09/2011,86.89
11/09/2011,66.84
12/09/2011,57.98
13/09/2011,51.37
14/09/2011,839.2
15/09/2011,200.3
16/09/2011,119.73
17/09/2011,86.89
18/09/2011,69.03
19/09/2011,57.71
20/09/2011,49.82
21/09/2011,43.93
22/09/2011,39.33
23/09/2011,35.6
24/09/2011,32.48
25/09/2011,29.83
26/09/2011,27.53
27/09/2011,25.51
28/09/2011,23.72
29/09/2011,22.12
30/09/2011,89.92
1/10/2011,51.89
2/10/2011,43.05
3/10/2011,36.74
4/10/2011,32.02
5/10/2011,28.33
6/10/2011,25.37
7/10/2011,22.92
8/10/2011,20.87
9/10/2011,19.11
10/10/2011,17.6
11/10/2011,16.29
12/10/2011,15.18
13/10/2011,36.4
14/10/2011,52.5
15/10/2011,85.41
16/10/2011,120.36
17/10/2011,95.33
18/10/2011,96.2
19/10/2011,63.84
20/10/2011,49.9
21/10/2011,40.87
22/10/2011,34.54
23/10/2011,29.86
24/10/2011,26.25
25/10/2011,23.37
26/10/2011,21.02
27/10/2011,19.07
28/10/2011,17.41
29/10/2011,15.99
30/10/2011,14.75
31/10/2011,13.67
1/11/2011,12.73
2/11/2011,11.89
3/11/2011,11.14
4/11/2011,10.47
5/11/2011,9.86
6/11/2011,9.3
7/11/2011,8.8
8/11/2011,8.34
9/11/2011,7.92
10/11/2011,7.53
11/11/2011,7.17
12/11/2011,6.84
13/11/2011,6.53
14/11/2011,6.24
15/11/2011,5.97
16/11/2011,5.72
17/11/2011,5.49
18/11/2011,5.27
19/11/2011,5.07
20/11/2011,4.88
21/11/2011,4.69
22/11/2011,4.52
23/11/2011,4.36
24/11/2011,4.21
25/11/2011,4.07
26/11/2011,3.93
27/11/2011,3.8
28/11/2011,3.68
29/11/2011,3.57
30/11/2011,3.46
1/12/2011,3.35
2/12/2011,3.26
3/12/2011,3.16
4/12/2011,3.07
5/12/2011,2.99
6/12/2011,2.91
7/12/2011,2.83
8/12/2011,2.75
9/12/2011,2.68
10/12/2011,2.62
11/12/2011,2.55
12/12/2011,2.49
13/12/2011,2.43
14/12/2011,2.37
15/12/2011,2.32
16/12/2011,2.26
17/12/2011,2.21
18/12/2011,2.16
19/12/2011,2.12
20/12/2011,2.07
21/12/2011,2.03
22/12/2011,1.99
23/12/2011,1.95
24/12/2011,1.91
25/12/2011,1.87
26/12/2011,1.83
27/12/2011,1.8
28/12/2011,1.76
29/12/2011,1.73
30/12/2011,1.7
31/12/2011,1.67
1/01/2012,1.64
2/01/2012,1.61
3/01/2012,1.58
4/01/2012,1.55
5/01/2012,1.53
6/01/2012,1.5
7/01/2012,1.48
8/01/2012,1.45
9/01/2012,1.43
10/01/2012,1.41
11/01/2012,1.38
12/01/2012,1.36
13/01/2012,1.34
14/01/2012,1.32
15/01/2012,1.3
16/01/2012,1.28
17/01/2012,1.26
18/01/2012,1.25
19/01/2012,1.23
20/01/2012,1.21
21/01/2012,1.19
22/01/2012,1.18
23/01/2012,1.16
24/01/2012,1.14
25/01/2012,1.13
26/01/2012,1.11
27/01/2012,1.1
28/01/2012,1.09
29/01/2012,1.07
30/01/2012,1.06
31/01/2012,1.04
1/02/2012,1.03
2/02/2012,1.02
3/02/2012,1.01
4/02/2012,0.99
5/02/2012,0.98
6/02/2012,0.97
7/02/2012,0.96
8/02/2012,0.95
9/02/2012,0.94
10/02/2012,0.93
11/02/2012,0.92
12/02/2012,0.91
13/02/2012,0.9
14/02/2012,0.89
15/02/2012,0.88
16/02/2012,0.87
17/02/2012,0.86
18/02/2012,0.85
19/02/2012,0.84
20/02/2012,0.83
21/02/2012,0.82
22/02/2012,0.81
23/02/2012,0.8
24/02/2012,0.8
25/02/2012,0.79
26/02/2012,0.78
27/02/2012,0.77
28/02/2012,0.77
29/02/2012,0.76
1/03/2012,0.75
2/03/2012,0.74
3/03/2012,0.74
4/03/2012,0.73
5/03/2012,0.72
6/03/2012,0.72
7/03/2012,0.71
8/03/2012,0.7
9/03/2012,0.7
10/03/2012,0.69
11/03/2012,0.68
12/03/2012,0.68
13/03/2012,0.67
14/03/2012,0.67
15/03/2012,0.66
16/03/2012,0.65
17/03/2012,0.65
18/03/2012,0.64
19/03/2012,0.64
20/03/2012,0.63
21/03/2012,0.63
22/03/2012,0.62
23/03/2012,0.62
24/03/2012,0.61
25/03/2012,0.61
26/03/2012,0.6
27/03/2012,0.6
28/03/2012,0.59
29/03/2012,0.59
30/03/2012,0.58
31/03/2012,0.58
1/04/2012,0.57
2/04/2012,0.57
3/04/2012,0.56
4/04/2012,0.56
5/04/2012,0.56
6/04/2012,0.55
7/04/2012,0.55
8/04/2012,0.54
9/04/2012,0.54
10/04/2012,0.54
11/04/2012,0.53
12/04/2012,0.53
13/04/2012,0.52
14/04/2012,0.52
15/04/2012,0.52
16/04/2012,0.51
17/04/2012,0.51
18/04/2012,0.51
19/04/2012,0.5
20/04/2012,0.5
21/04/2012,0.5
22/04/2012,0.49
23/04/2012,0.49
24/04/2012,0.48
25/04/2012,0.48
26/04/2012,0.48
27/04/2012,0.48
28/04/2012,0.47
29/04/2012,0.47
30/04/2012,0.47
1/05/2012,0.46
2/05/2012,0.46
3/05/2012,0.46
4/05/2012,0.45
5/05/2012,0.45
6/05/2012,0.45
7/05/2012,0.45
8/05/2012,0.44
9/05/2012,0.44
10/05/2012,0.44
11/05/2012,0.43
12/05/2012,0.43
13/05/2012,0.43
14/05/2012,0.43
15/05/2012,0.42
16/05/2012,0.42
17/05/2012,0.42
18/05/2012,0.42
19/05/2012,0.41
20/05/2012,0.41
21/05/2012,0.41
22/05/2012,0.41
23/05/2012,0.4
24/05/2012,0.4
25/05/2012,0.4
26/05/2012,0.4
27/05/2012,0.39
28/05/2012,0.39
29/05/2012,0.39
30/05/2012,0.39
31/05/2012,0.39
1/06/2012,0.38
2/06/2012,0.38
3/06/2012,0.38
4/06/2012,0.38
5/06/2012,0.37
6/06/2012,0.38
7/06/2012,0.37
8/06/2012,0.44
9/06/2012,0.37
10/06/2012,0.37
11/06/2012,0.37
12/06/2012,0.36
13/06/2012,0.5
14/06/2012,1.04
15/06/2012,0.4
16/06/2012,0.39
17/06/2012,0.39
18/06/2012,0.39
19/06/2012,0.39
20/06/2012,0.39
21/06/2012,0.38
22/06/2012,0.38
23/06/2012,0.38
24/06/2012,0.38
25/06/2012,0.37
26/06/2012,0.37
27/06/2012,0.37
28/06/2012,0.37
29/06/2012,0.37
30/06/2012,1.63
1/07/2012,10.85
2/07/2012,1.29
3/07/2012,84.58
4/07/2012,30.79
5/07/2012,40.02
6/07/2012,38.54
7/07/2012,29.47
8/07/2012,25.39
9/07/2012,22.25
10/07/2012,19.76
11/07/2012,17.74
12/07/2012,28.79
13/07/2012,20.81
14/07/2012,18.39
15/07/2012,16.63
16/07/2012,15.15
17/07/2012,13.95
18/07/2012,12.89
19/07/2012,11.99
20/07/2012,11.18
21/07/2012,11.05
22/07/2012,34.63
23/07/2012,51.77
24/07/2012,32.14
25/07/2012,114.42
26/07/2012,62.14
27/07/2012,238.53
28/07/2012,144.34
29/07/2012,108.13
30/07/2012,181.61
31/07/2012,569.36
1/08/2012,202.65
2/08/2012,112.1
3/08/2012,92.27
4/08/2012,75.24
5/08/2012,58
6/08/2012,48.52
7/08/2012,166.13
8/08/2012,89.25
9/08/2012,90.95
10/08/2012,64.71
11/08/2012,234.48
12/08/2012,131.74
13/08/2012,86.69
14/08/2012,66.02
15/08/2012,53.61
16/08/2012,45.31
17/08/2012,39.34
18/08/2012,34.85
19/08/2012,73.4
20/08/2012,48.56
21/08/2012,41.18
22/08/2012,35.81
23/08/2012,31.72
24/08/2012,28.48
25/08/2012,25.83
26/08/2012,23.63
27/08/2012,179.9
28/08/2012,95.52
29/08/2012,67.62
30/08/2012,2502.39
31/08/2012,292.35
1/09/2012,145.47
2/09/2012,100.18
3/09/2012,2300.55
4/09/2012,515.39
5/09/2012,1508.38
6/09/2012,682.68
7/09/2012,208.67
8/09/2012,133
9/09/2012,101.04
10/09/2012,84.17
11/09/2012,92.02
12/09/2012,74.41
13/09/2012,65.23
14/09/2012,58.26
15/09/2012,52.68
16/09/2012,48.05
17/09/2012,44.11
18/09/2012,40.69
19/09/2012,37.67
20/09/2012,34.97
21/09/2012,32.55
22/09/2012,30.36
23/09/2012,28.37
24/09/2012,26.54
25/09/2012,24.87
26/09/2012,23.34
27/09/2012,21.92
28/09/2012,20.62
29/09/2012,19.41
30/09/2012,18.29
1/10/2012,21.86
2/10/2012,21.94
3/10/2012,43.04
4/10/2012,97.09
5/10/2012,195.04
6/10/2012,99.11
7/10/2012,70.64
8/10/2012,54.84
9/10/2012,44.8
10/10/2012,37.84
11/10/2012,32.72
12/10/2012,28.78
13/10/2012,25.65
14/10/2012,23.09
15/10/2012,20.96
16/10/2012,19.15
17/10/2012,17.59
18/10/2012,16.24
19/10/2012,15.05
20/10/2012,13.99
21/10/2012,13.05
22/10/2012,12.21
23/10/2012,11.45
24/10/2012,10.76
25/10/2012,10.13
26/10/2012,9.56
27/10/2012,10.95
28/10/2012,9.26
29/10/2012,8.76
30/10/2012,8.3
31/10/2012,7.88
1/11/2012,7.49
2/11/2012,7.13
3/11/2012,6.8
4/11/2012,6.49
5/11/2012,6.21
6/11/2012,5.94
7/11/2012,5.7
8/11/2012,5.46
9/11/2012,5.25
10/11/2012,5.04
11/11/2012,4.85
12/11/2012,4.67
13/11/2012,4.5
14/11/2012,4.34
15/11/2012,4.19
16/11/2012,4.05
17/11/2012,3.92
18/11/2012,3.79
19/11/2012,3.67
20/11/2012,3.55
21/11/2012,3.44
22/11/2012,3.34
23/11/2012,3.24
24/11/2012,3.15
25/11/2012,3.06
26/11/2012,2.97
27/11/2012,2.89
28/11/2012,2.82
29/11/2012,2.74
30/11/2012,2.67
1/12/2012,2.6
2/12/2012,2.54
3/12/2012,2.48
4/12/2012,2.42
5/12/2012,2.36
6/12/2012,2.31
7/12/2012,2.25
8/12/2012,2.2
9/12/2012,2.15
10/12/2012,2.11
11/12/2012,2.06
12/12/2012,2.02
13/12/2012,1.98
14/12/2012,1.94
15/12/2012,1.9
16/12/2012,1.86
17/12/2012,1.82
18/12/2012,1.79
19/12/2012,1.76
20/12/2012,1.72
21/12/2012,1.69
22/12/2012,1.66
23/12/2012,1.63
24/12/2012,1.6
25/12/2012,1.57
26/12/2012,1.55
27/12/2012,1.52
28/12/2012,1.5
29/12/2012,1.47
30/12/2012,1.45
31/12/2012,1.42
1/01/2013,1.4
2/01/2013,1.38
3/01/2013,1.36
4/01/2013,1.34
5/01/2013,1.32
6/01/2013,1.3
7/01/2013,1.28
8/01/2013,1.26
9/01/2013,1.24
10/01/2013,1.22
11/01/2013,1.21
12/01/2013,1.19
13/01/2013,1.17
14/01/2013,1.16
15/01/2013,1.14
16/01/2013,1.13
17/01/2013,1.11
18/01/2013,1.1
19/01/2013,1.08
20/01/2013,1.07
21/01/2013,1.05
22/01/2013,1.04
23/01/2013,1.03
24/01/2013,1.02
25/01/2013,1
26/01/2013,0.99
27/01/2013,0.98
28/01/2013,0.97
29/01/2013,0.96
30/01/2013,0.95
31/01/2013,0.93
1/02/2013,0.92
2/02/2013,0.91
3/02/2013,0.9
4/02/2013,0.89
5/02/2013,0.88
6/02/2013,0.87
7/02/2013,0.86
8/02/2013,0.85
9/02/2013,0.85
10/02/2013,0.84
11/02/2013,1.03
12/02/2013,0.84
13/02/2013,0.83
14/02/2013,0.82
15/02/2013,0.81
16/02/2013,0.8
17/02/2013,0.79
18/02/2013,0.79
19/02/2013,0.78
20/02/2013,0.77
21/02/2013,0.76
22/02/2013,0.76
23/02/2013,0.75
24/02/2013,0.74
25/02/2013,0.73
26/02/2013,0.73
27/02/2013,0.72
28/02/2013,0.71
1/03/2013,0.71
2/03/2013,0.7
3/03/2013,0.69
4/03/2013,0.69
5/03/2013,0.68
6/03/2013,0.68
7/03/2013,0.67
8/03/2013,0.66
9/03/2013,0.66
10/03/2013,0.65
11/03/2013,0.65
12/03/2013,0.64
13/03/2013,0.64
14/03/2013,0.63
15/03/2013,0.63
16/03/2013,0.62
17/03/2013,0.62
18/03/2013,0.61
19/03/2013,0.61
20/03/2013,0.6
21/03/2013,0.6
22/03/2013,0.59
23/03/2013,0.59
24/03/2013,0.58
25/03/2013,0.58
26/03/2013,0.57
27/03/2013,0.57
28/03/2013,0.56
29/03/2013,0.56
30/03/2013,0.56
31/03/2013,0.55
1/04/2013,0.55
2/04/2013,0.54
3/04/2013,0.54
4/04/2013,0.53
5/04/2013,0.53
6/04/2013,0.53
7/04/2013,0.52
8/04/2013,0.52
9/04/2013,0.52
10/04/2013,0.51
11/04/2013,0.51
12/04/2013,0.5
13/04/2013,0.5
14/04/2013,0.5
15/04/2013,0.49
16/04/2013,0.49
17/04/2013,0.49
18/04/2013,0.48
19/04/2013,0.48
20/04/2013,0.48
21/04/2013,0.47
22/04/2013,0.47
23/04/2013,0.47
24/04/2013,0.47
25/04/2013,0.46
26/04/2013,0.46
27/04/2013,0.46
28/04/2013,0.45
29/04/2013,0.45
30/04/2013,0.45
1/05/2013,0.44
2/05/2013,0.44
3/05/2013,0.44
4/05/2013,0.44
5/05/2013,0.43
6/05/2013,0.43
7/05/2013,0.43
8/05/2013,0.43
9/05/2013,0.42
10/05/2013,0.42
11/05/2013,0.42
12/05/2013,0.42
13/05/2013,0.41
14/05/2013,0.41
15/05/2013,0.41
16/05/2013,0.41
17/05/2013,0.4
18/05/2013,0.4
19/05/2013,0.4
20/05/2013,0.4
21/05/2013,0.39
22/05/2013,0.39
23/05/2013,0.39
24/05/2013,0.39
25/05/2013,0.38
26/05/2013,0.38
27/05/2013,0.38
28/05/2013,0.38
29/05/2013,0.38
30/05/2013,0.37
31/05/2013,0.37
1/06/2013,0.37
2/06/2013,2.09
3/06/2013,0.45
4/06/2013,0.45
5/06/2013,0.45
6/06/2013,12.34
7/06/2013,1.52
8/06/2013,10.75
9/06/2013,5.17
10/06/2013,3.86
11/06/2013,3.4
12/06/2013,3.32
13/06/2013,3.23
14/06/2013,13.39
15/06/2013,14.5
16/06/2013,26.36
17/06/2013,56.74
18/06/2013,32.03
19/06/2013,27.2
20/06/2013,23.56
21/06/2013,20.71
22/06/2013,18.43
23/06/2013,16.57
24/06/2013,48.03
25/06/2013,30.34
26/06/2013,39.1
27/06/2013,63.06
28/06/2013,46.53
29/06/2013,36.19
30/06/2013,30.36
1/07/2013,26.08
2/07/2013,38.06
3/07/2013,1132.98
4/07/2013,275.85
5/07/2013,130.73
6/07/2013,86.78
7/07/2013,86.14
8/07/2013,61.93
9/07/2013,50.4
10/07/2013,82.53
11/07/2013,315.89
12/07/2013,330.32
13/07/2013,140.5
14/07/2013,104.4
15/07/2013,391.23
16/07/2013,301.21
17/07/2013,162.95
18/07/2013,102.32
19/07/2013,103.11
20/07/2013,73.67
21/07/2013,76.27
22/07/2013,203.17
23/07/2013,1064.64
24/07/2013,1514.67
25/07/2013,447.27
26/07/2013,200.1
27/07/2013,125.13
28/07/2013,94.46
29/07/2013,77.24
30/07/2013,66.04
31/07/2013,998.05
1/08/2013,1420.37
2/08/2013,895.81
3/08/2013,218.6
4/08/2013,134.47
5/08/2013,100.5
6/08/2013,91.23
7/08/2013,75.7
8/08/2013,74.8
9/08/2013,291.58
10/08/2013,138.23
11/08/2013,98.68
12/08/2013,147.14
13/08/2013,449.33
14/08/2013,168.19
15/08/2013,110.22
16/08/2013,83.72
17/08/2013,68.48
18/08/2013,58.48
19/08/2013,51.32
20/08/2013,45.89
21/08/2013,41.57
22/08/2013,118.81
23/08/2013,1365.18
24/08/2013,340.71
25/08/2013,154.51
26/08/2013,104.22
27/08/2013,80.17
28/08/2013,66
29/08/2013,56.57
30/08/2013,49.77
31/08/2013,44.56
1/09/2013,40.33
2/09/2013,36.81
3/09/2013,33.8
4/09/2013,31.2
5/09/2013,28.91
6/09/2013,26.89
7/09/2013,25.07
8/09/2013,23.42
9/09/2013,58.05
10/09/2013,155.81
11/09/2013,147.84
12/09/2013,88.29
13/09/2013,129.19
14/09/2013,105.79
15/09/2013,154.46
16/09/2013,89.91
17/09/2013,67.36
18/09/2013,59.26
19/09/2013,48.37
20/09/2013,41.6
21/09/2013,123.28
22/09/2013,432.84
23/09/2013,809.98
24/09/2013,330.74
25/09/2013,147.89
26/09/2013,98.55
27/09/2013,74.82
28/09/2013,60.83
29/09/2013,51.53
30/09/2013,44.84
1/10/2013,39.69
2/10/2013,79.4
3/10/2013,116.29
4/10/2013,73.09
5/10/2013,57.76
6/10/2013,47.85
7/10/2013,159.34
8/10/2013,85.97
9/10/2013,64.44
10/10/2013,51.61
11/10/2013,43.06
12/10/2013,36.94
13/10/2013,32.31
14/10/2013,28.68
15/10/2013,25.75
16/10/2013,23.31
17/10/2013,21.26
18/10/2013,19.5
19/10/2013,17.97
20/10/2013,16.63
21/10/2013,15.44
22/10/2013,14.39
23/10/2013,13.44
24/10/2013,12.59
25/10/2013,11.81
26/10/2013,11.11
27/10/2013,10.47
28/10/2013,9.88
29/10/2013,9.34
30/10/2013,8.85
31/10/2013,8.39
1/11/2013,7.97
2/11/2013,7.58
3/11/2013,7.23
4/11/2013,6.9
5/11/2013,6.59
6/11/2013,6.3
7/11/2013,6.03
8/11/2013,5.78
9/11/2013,5.55
10/11/2013,5.33
11/11/2013,5.12
12/11/2013,4.93
13/11/2013,4.75
14/11/2013,4.58
15/11/2013,4.41
16/11/2013,4.26
17/11/2013,4.12
18/11/2013,3.98
19/11/2013,3.85
20/11/2013,3.73
21/11/2013,3.61
22/11/2013,3.5
23/11/2013,3.39
24/11/2013,3.29
25/11/2013,3.2
26/11/2013,6.06
27/11/2013,3.66
28/11/2013,3.54
29/11/2013,3.43
30/11/2013,3.33
1/12/2013,3.23
2/12/2013,3.29
3/12/2013,3.08
4/12/2013,3
5/12/2013,2.92
6/12/2013,2.84
7/12/2013,2.76
8/12/2013,2.69
9/12/2013,2.62
10/12/2013,2.56
11/12/2013,2.5
12/12/2013,2.44
13/12/2013,2.38
14/12/2013,2.32
15/12/2013,2.27
16/12/2013,2.22
17/12/2013,2.17
18/12/2013,2.12
19/12/2013,2.08
20/12/2013,2.03
21/12/2013,1.99
22/12/2013,1.95
23/12/2013,1.91
24/12/2013,1.87
25/12/2013,1.84
26/12/2013,1.8
27/12/2013,1.77
28/12/2013,1.73
29/12/2013,1.7
30/12/2013,1.67
31/12/2013,1.64
