Date,Shell Creek Flow (ML/Day)
11/01/1998,0
12/01/1998,0
13/01/1998,0
14/01/1998,0
15/01/1998,0
16/01/1998,0
17/01/1998,0
18/01/1998,0
19/01/1998,0
20/01/1998,0
21/01/1998,0
22/01/1998,0
23/01/1998,0
24/01/1998,0
25/01/1998,0
26/01/1998,0
27/01/1998,0
28/01/1998,0
29/01/1998,0
30/01/1998,0
31/01/1998,0
1/02/1998,0
2/02/1998,0
3/02/1998,0
4/02/1998,0
5/02/1998,0
6/02/1998,0
7/02/1998,0.01
8/02/1998,0
9/02/1998,0
10/02/1998,0
11/02/1998,0
12/02/1998,0
13/02/1998,0
14/02/1998,0
15/02/1998,0
16/02/1998,0
17/02/1998,0
18/02/1998,0
19/02/1998,0
20/02/1998,0
21/02/1998,0
22/02/1998,0
23/02/1998,0
24/02/1998,0
25/02/1998,0
26/02/1998,0
27/02/1998,0
28/02/1998,0
1/03/1998,0
2/03/1998,0
3/03/1998,0
4/03/1998,0
5/03/1998,0
6/03/1998,0
7/03/1998,0
8/03/1998,0
9/03/1998,0
10/03/1998,0
11/03/1998,0
12/03/1998,0
13/03/1998,0
14/03/1998,0.12
15/03/1998,0
16/03/1998,0
17/03/1998,0
18/03/1998,0.04
19/03/1998,0
20/03/1998,0
21/03/1998,0
22/03/1998,0
23/03/1998,0
24/03/1998,0
25/03/1998,0
26/03/1998,0
27/03/1998,0
28/03/1998,0
29/03/1998,0
30/03/1998,0.1
31/03/1998,0
1/04/1998,0
2/04/1998,0
3/04/1998,0
4/04/1998,0
5/04/1998,0
6/04/1998,0
7/04/1998,0
8/04/1998,0
9/04/1998,0
10/04/1998,0
11/04/1998,0
12/04/1998,0
13/04/1998,0
14/04/1998,0
15/04/1998,0
16/04/1998,0
17/04/1998,0
18/04/1998,0
19/04/1998,0
20/04/1998,0
21/04/1998,0
22/04/1998,0
23/04/1998,0
24/04/1998,0
25/04/1998,0
26/04/1998,0
27/04/1998,0
28/04/1998,0
29/04/1998,0.19
30/04/1998,0
1/05/1998,0
2/05/1998,0
3/05/1998,0
4/05/1998,0
5/05/1998,0
6/05/1998,0
7/05/1998,0
8/05/1998,0.13
9/05/1998,1.57
10/05/1998,0
11/05/1998,0
12/05/1998,0
13/05/1998,0
14/05/1998,0
15/05/1998,0
16/05/1998,0
17/05/1998,0
18/05/1998,0
19/05/1998,0
20/05/1998,0
21/05/1998,0
22/05/1998,0
23/05/1998,0
24/05/1998,0
25/05/1998,0
26/05/1998,0
27/05/1998,0
28/05/1998,0
29/05/1998,0
30/05/1998,0
31/05/1998,0
1/06/1998,0
2/06/1998,0
3/06/1998,0
4/06/1998,0
5/06/1998,0
6/06/1998,0
7/06/1998,0
8/06/1998,0
9/06/1998,0
10/06/1998,0
11/06/1998,0
12/06/1998,0
13/06/1998,0
14/06/1998,0.17
15/06/1998,0.39
16/06/1998,0
17/06/1998,0
18/06/1998,0
19/06/1998,0
20/06/1998,0
21/06/1998,0
22/06/1998,0
23/06/1998,0
24/06/1998,0
25/06/1998,9.34
26/06/1998,0.02
27/06/1998,0.02
28/06/1998,0.02
29/06/1998,0.01
30/06/1998,0.01
1/07/1998,0.01
2/07/1998,0.01
3/07/1998,18.31
4/07/1998,4.44
5/07/1998,0.18
6/07/1998,0.18
7/07/1998,0.17
8/07/1998,0.16
9/07/1998,0.16
10/07/1998,1.95
11/07/1998,33.82
12/07/1998,2.65
13/07/1998,2.63
14/07/1998,2.6
15/07/1998,2.58
16/07/1998,2.55
17/07/1998,2.52
18/07/1998,20.35
19/07/1998,158.64
20/07/1998,70.19
21/07/1998,55.78
22/07/1998,46.15
23/07/1998,39.25
24/07/1998,34.07
25/07/1998,30.04
26/07/1998,26.82
27/07/1998,24.18
28/07/1998,21.98
29/07/1998,20.12
30/07/1998,18.57
31/07/1998,17.24
1/08/1998,16.05
2/08/1998,48.51
3/08/1998,107.14
4/08/1998,61.14
5/08/1998,49.76
6/08/1998,41.87
7/08/1998,41.57
8/08/1998,57.03
9/08/1998,40.78
10/08/1998,35.32
11/08/1998,93.97
12/08/1998,73.47
13/08/1998,54.75
14/08/1998,202.99
15/08/1998,105.33
16/08/1998,77.72
17/08/1998,81.2
18/08/1998,60.05
19/08/1998,53.38
20/08/1998,44.51
21/08/1998,154.97
22/08/1998,86.21
23/08/1998,67.24
24/08/1998,55.04
25/08/1998,46.63
26/08/1998,40.42
27/08/1998,377.31
28/08/1998,313.18
29/08/1998,153.2
30/08/1998,104.21
31/08/1998,78.96
1/09/1998,63.56
2/09/1998,53.29
3/09/1998,45.94
4/09/1998,40.4
5/09/1998,40.88
6/09/1998,34.94
7/09/1998,279.36
8/09/1998,167.81
9/09/1998,107.32
10/09/1998,80.87
11/09/1998,239.3
12/09/1998,556.35
13/09/1998,335.57
14/09/1998,192.91
15/09/1998,124.1
16/09/1998,93.27
17/09/1998,302.95
18/09/1998,148.53
19/09/1998,105.44
20/09/1998,231.43
21/09/1998,162.71
22/09/1998,109.43
23/09/1998,85.05
24/09/1998,95.15
25/09/1998,71.82
26/09/1998,60.88
27/09/1998,52.93
28/09/1998,46.85
29/09/1998,488.3
30/09/1998,185.14
1/10/1998,120.45
2/10/1998,90.09
3/10/1998,72.07
4/10/1998,549.37
5/10/1998,198.29
6/10/1998,126.55
7/10/1998,93.17
8/10/1998,73.92
9/10/1998,61.35
10/10/1998,52.46
11/10/1998,45.9
12/10/1998,40.73
13/10/1998,36.56
14/10/1998,58.2
15/10/1998,49.86
16/10/1998,41.31
17/10/1998,36.81
18/10/1998,77.59
19/10/1998,51.1
20/10/1998,135.63
21/10/1998,1042.39
22/10/1998,249.39
23/10/1998,144.62
24/10/1998,101.88
25/10/1998,78.78
26/10/1998,64.3
27/10/1998,54.35
28/10/1998,47.05
29/10/1998,41.44
30/10/1998,37.18
31/10/1998,44.73
1/11/1998,46.56
2/11/1998,37.83
3/11/1998,34.09
4/11/1998,30.99
5/11/1998,28.38
6/11/1998,26.14
7/11/1998,24.19
8/11/1998,22.48
9/11/1998,20.96
10/11/1998,19.61
11/11/1998,18.39
12/11/1998,17.29
13/11/1998,16.29
14/11/1998,15.37
15/11/1998,14.55
16/11/1998,13.81
17/11/1998,13.12
18/11/1998,12.48
19/11/1998,11.88
20/11/1998,11.32
21/11/1998,10.79
22/11/1998,10.31
23/11/1998,9.85
24/11/1998,9.42
25/11/1998,9.02
26/11/1998,8.65
27/11/1998,8.29
28/11/1998,7.96
29/11/1998,7.65
30/11/1998,7.35
1/12/1998,7.07
2/12/1998,6.81
3/12/1998,6.57
4/12/1998,6.33
5/12/1998,6.11
6/12/1998,5.9
7/12/1998,5.71
8/12/1998,5.52
9/12/1998,5.34
10/12/1998,5.17
11/12/1998,5.01
12/12/1998,4.86
13/12/1998,4.71
14/12/1998,4.57
15/12/1998,4.44
16/12/1998,4.32
17/12/1998,4.19
18/12/1998,4.08
19/12/1998,3.97
20/12/1998,3.86
21/12/1998,3.76
22/12/1998,3.67
23/12/1998,3.57
24/12/1998,3.48
25/12/1998,3.4
26/12/1998,3.32
27/12/1998,3.24
28/12/1998,3.16
29/12/1998,3.09
30/12/1998,3.02
31/12/1998,2.95
1/01/1999,2.89
2/01/1999,2.83
3/01/1999,2.77
4/01/1999,2.71
5/01/1999,2.65
6/01/1999,2.6
7/01/1999,2.55
8/01/1999,2.5
9/01/1999,2.45
10/01/1999,2.4
11/01/1999,2.36
12/01/1999,2.31
13/01/1999,2.27
14/01/1999,2.23
15/01/1999,2.19
16/01/1999,2.15
17/01/1999,2.11
18/01/1999,2.08
19/01/1999,2.04
20/01/1999,2.01
21/01/1999,1.97
22/01/1999,1.94
23/01/1999,1.91
24/01/1999,1.88
25/01/1999,1.85
26/01/1999,1.82
27/01/1999,1.79
28/01/1999,1.77
29/01/1999,1.74
30/01/1999,1.71
31/01/1999,1.69
1/02/1999,1.66
2/02/1999,1.64
3/02/1999,1.62
4/02/1999,1.59
5/02/1999,1.57
6/02/1999,1.55
7/02/1999,1.53
8/02/1999,1.51
9/02/1999,1.49
10/02/1999,1.47
11/02/1999,1.45
12/02/1999,1.43
13/02/1999,1.41
14/02/1999,1.4
15/02/1999,1.38
16/02/1999,1.36
17/02/1999,1.34
18/02/1999,1.33
19/02/1999,1.31
20/02/1999,1.3
21/02/1999,1.28
22/02/1999,1.27
23/02/1999,1.25
24/02/1999,1.24
25/02/1999,1.22
26/02/1999,1.21
27/02/1999,1.2
28/02/1999,1.18
1/03/1999,1.17
2/03/1999,1.16
3/03/1999,1.14
4/03/1999,1.13
5/03/1999,1.12
6/03/1999,1.11
7/03/1999,1.1
8/03/1999,1.09
9/03/1999,1.07
10/03/1999,1.06
11/03/1999,1.05
12/03/1999,1.04
13/03/1999,1.03
14/03/1999,1.02
15/03/1999,1.01
16/03/1999,1
17/03/1999,0.99
18/03/1999,0.98
19/03/1999,0.97
20/03/1999,0.96
21/03/1999,0.96
22/03/1999,0.95
23/03/1999,0.94
24/03/1999,0.93
25/03/1999,0.92
26/03/1999,0.91
27/03/1999,0.9
28/03/1999,0.9
29/03/1999,0.89
30/03/1999,0.88
31/03/1999,0.87
1/04/1999,0.87
2/04/1999,0.86
3/04/1999,0.85
4/04/1999,0.84
5/04/1999,0.84
6/04/1999,0.83
7/04/1999,0.82
8/04/1999,0.82
9/04/1999,0.81
10/04/1999,0.8
11/04/1999,0.8
12/04/1999,0.79
13/04/1999,0.78
14/04/1999,0.78
15/04/1999,0.77
16/04/1999,0.77
17/04/1999,0.76
18/04/1999,0.75
19/04/1999,0.75
20/04/1999,0.74
21/04/1999,0.74
22/04/1999,0.73
23/04/1999,0.73
24/04/1999,0.72
25/04/1999,0.71
26/04/1999,0.71
27/04/1999,0.7
28/04/1999,0.7
29/04/1999,0.69
30/04/1999,0.69
1/05/1999,0.68
2/05/1999,0.68
3/05/1999,0.67
4/05/1999,0.67
5/05/1999,0.67
6/05/1999,0.66
7/05/1999,0.66
8/05/1999,0.65
9/05/1999,0.65
10/05/1999,0.64
11/05/1999,0.64
12/05/1999,0.63
13/05/1999,0.63
14/05/1999,0.63
15/05/1999,0.62
16/05/1999,0.62
17/05/1999,0.61
18/05/1999,0.61
19/05/1999,0.61
20/05/1999,0.6
21/05/1999,0.6
22/05/1999,0.59
23/05/1999,0.59
24/05/1999,1.17
25/05/1999,0.61
26/05/1999,0.61
27/05/1999,0.61
28/05/1999,1.19
29/05/1999,0.85
30/05/1999,0.64
31/05/1999,0.64
1/06/1999,0.63
2/06/1999,0.82
3/06/1999,0.63
4/06/1999,0.63
5/06/1999,0.63
6/06/1999,0.62
7/06/1999,0.62
8/06/1999,0.61
9/06/1999,0.61
10/06/1999,0.61
11/06/1999,3.25
12/06/1999,1.19
13/06/1999,0.78
14/06/1999,0.77
15/06/1999,0.77
16/06/1999,0.76
17/06/1999,0.86
18/06/1999,0.76
19/06/1999,0.75
20/06/1999,4.97
21/06/1999,2.58
22/06/1999,1.98
23/06/1999,1.24
24/06/1999,1.22
25/06/1999,1.21
26/06/1999,1.2
27/06/1999,1.18
28/06/1999,5.58
29/06/1999,1.6
30/06/1999,1.58
1/07/1999,1.56
2/07/1999,1.54
3/07/1999,1.52
4/07/1999,1.5
5/07/1999,6.2
6/07/1999,2.02
7/07/1999,1.99
8/07/1999,1.96
9/07/1999,1.93
10/07/1999,1.9
11/07/1999,1.87
12/07/1999,1.84
13/07/1999,1.81
14/07/1999,38.59
15/07/1999,17.32
16/07/1999,14.91
17/07/1999,12.34
18/07/1999,11.6
19/07/1999,11.33
20/07/1999,10.49
21/07/1999,54.86
22/07/1999,36.53
23/07/1999,28.35
24/07/1999,25.18
25/07/1999,22.61
26/07/1999,66.65
27/07/1999,357.97
28/07/1999,148.46
29/07/1999,98.69
30/07/1999,324.1
31/07/1999,146.22
1/08/1999,203.35
2/08/1999,172.51
3/08/1999,145.67
4/08/1999,117.2
5/08/1999,119.3
6/08/1999,276.19
7/08/1999,883.14
8/08/1999,1723.05
9/08/1999,742.36
10/08/1999,244.72
11/08/1999,153.55
12/08/1999,114.21
13/08/1999,92.25
14/08/1999,78.12
15/08/1999,68.17
16/08/1999,60.69
17/08/1999,54.97
18/08/1999,50.38
19/08/1999,57.97
20/08/1999,54.2
21/08/1999,66.69
22/08/1999,53.81
23/08/1999,48.64
24/08/1999,1452.3
25/08/1999,277.97
26/08/1999,160.83
27/08/1999,114.9
28/08/1999,90.46
29/08/1999,75.88
30/08/1999,71.83
31/08/1999,61.96
1/09/1999,56
2/09/1999,146.26
3/09/1999,218.67
4/09/1999,126.21
5/09/1999,95.19
6/09/1999,86.82
7/09/1999,471.24
8/09/1999,205.66
9/09/1999,183.74
10/09/1999,156.82
11/09/1999,121.14
12/09/1999,392.95
13/09/1999,865.5
14/09/1999,644.39
15/09/1999,2059.73
16/09/1999,308.33
17/09/1999,448.99
18/09/1999,205.8
19/09/1999,143.28
20/09/1999,112.22
21/09/1999,490.66
22/09/1999,204.34
23/09/1999,447.72
24/09/1999,198.27
25/09/1999,138.43
26/09/1999,107.51
27/09/1999,89.01
28/09/1999,77.26
29/09/1999,68.34
30/09/1999,61.36
1/10/1999,102.21
2/10/1999,73.89
3/10/1999,63.83
4/10/1999,56.39
5/10/1999,50.59
6/10/1999,45.77
7/10/1999,41.71
8/10/1999,146.51
9/10/1999,85.66
10/10/1999,69.13
11/10/1999,58
12/10/1999,49.96
13/10/1999,43.85
14/10/1999,39.03
15/10/1999,35.11
16/10/1999,70.89
17/10/1999,89.9
18/10/1999,435.81
19/10/1999,1898.6
20/10/1999,288.65
21/10/1999,162.59
22/10/1999,114.31
23/10/1999,88.82
24/10/1999,72.99
25/10/1999,62.11
26/10/1999,54.11
27/10/1999,47.92
28/10/1999,42.96
29/10/1999,38.97
30/10/1999,132.37
31/10/1999,77.9
1/11/1999,63.41
2/11/1999,86.43
3/11/1999,62.08
4/11/1999,52.51
5/11/1999,45.52
6/11/1999,40.17
7/11/1999,35.92
8/11/1999,32.47
9/11/1999,29.58
10/11/1999,27.14
11/11/1999,25.03
12/11/1999,23.2
13/11/1999,21.58
14/11/1999,20.14
15/11/1999,18.86
16/11/1999,17.7
17/11/1999,16.65
18/11/1999,15.7
19/11/1999,14.83
20/11/1999,14.03
21/11/1999,13.29
22/11/1999,12.61
23/11/1999,11.99
24/11/1999,11.4
25/11/1999,10.86
26/11/1999,10.36
27/11/1999,9.89
28/11/1999,9.45
29/11/1999,9.04
30/11/1999,8.66
1/12/1999,8.3
2/12/1999,7.97
3/12/1999,7.65
4/12/1999,7.36
5/12/1999,7.08
6/12/1999,6.82
7/12/1999,6.57
8/12/1999,6.34
9/12/1999,6.11
10/12/1999,5.91
11/12/1999,5.71
12/12/1999,5.52
13/12/1999,5.34
14/12/1999,5.17
15/12/1999,5.01
16/12/1999,4.86
17/12/1999,4.71
18/12/1999,4.57
19/12/1999,4.44
20/12/1999,4.31
21/12/1999,4.19
22/12/1999,4.08
23/12/1999,3.97
24/12/1999,3.86
25/12/1999,3.76
26/12/1999,3.66
27/12/1999,3.57
28/12/1999,3.48
29/12/1999,3.4
30/12/1999,3.32
31/12/1999,3.24
1/01/2000,3.16
2/01/2000,3.09
3/01/2000,3.02
4/01/2000,2.95
5/01/2000,2.89
6/01/2000,2.82
7/01/2000,2.76
8/01/2000,2.71
9/01/2000,2.65
10/01/2000,2.6
11/01/2000,2.54
12/01/2000,2.49
13/01/2000,2.45
14/01/2000,2.4
15/01/2000,2.35
16/01/2000,2.31
17/01/2000,2.27
18/01/2000,2.23
19/01/2000,2.19
20/01/2000,2.15
21/01/2000,2.11
22/01/2000,2.07
23/01/2000,2.04
24/01/2000,2
25/01/2000,1.97
26/01/2000,1.94
27/01/2000,1.91
28/01/2000,1.88
29/01/2000,1.85
30/01/2000,1.82
31/01/2000,1.79
1/02/2000,1.76
2/02/2000,1.74
3/02/2000,1.71
4/02/2000,1.69
5/02/2000,1.66
6/02/2000,2.48
7/02/2000,1.71
8/02/2000,1.69
9/02/2000,3.74
10/02/2000,1.89
11/02/2000,1.86
12/02/2000,2.71
13/02/2000,1.91
14/02/2000,1.88
15/02/2000,1.85
16/02/2000,1.82
17/02/2000,1.79
18/02/2000,1.76
19/02/2000,1.74
20/02/2000,1.71
21/02/2000,1.95
22/02/2000,1.69
23/02/2000,1.67
24/02/2000,1.64
25/02/2000,1.62
26/02/2000,1.6
27/02/2000,1.58
28/02/2000,1.55
29/02/2000,1.53
1/03/2000,1.51
2/03/2000,1.49
3/03/2000,1.47
4/03/2000,1.45
5/03/2000,1.44
6/03/2000,1.42
7/03/2000,1.4
8/03/2000,1.38
9/03/2000,1.36
10/03/2000,1.35
11/03/2000,1.33
12/03/2000,1.32
13/03/2000,1.3
14/03/2000,1.28
15/03/2000,1.27
16/03/2000,1.25
17/03/2000,1.24
18/03/2000,1.23
19/03/2000,1.21
20/03/2000,1.2
21/03/2000,1.19
22/03/2000,1.17
23/03/2000,1.16
24/03/2000,1.15
25/03/2000,1.13
26/03/2000,1.12
27/03/2000,1.11
28/03/2000,1.1
29/03/2000,1.09
30/03/2000,1.08
31/03/2000,1.07
1/04/2000,1.06
2/04/2000,1.04
3/04/2000,1.03
4/04/2000,1.02
5/04/2000,1.01
6/04/2000,1
7/04/2000,0.99
8/04/2000,0.98
9/04/2000,0.98
10/04/2000,0.97
11/04/2000,0.96
12/04/2000,0.95
13/04/2000,0.94
14/04/2000,0.93
15/04/2000,0.92
16/04/2000,0.91
17/04/2000,0.91
18/04/2000,0.9
19/04/2000,0.89
20/04/2000,0.88
21/04/2000,0.87
22/04/2000,0.87
23/04/2000,0.86
24/04/2000,0.85
25/04/2000,0.85
26/04/2000,0.84
27/04/2000,0.83
28/04/2000,0.82
29/04/2000,0.82
30/04/2000,0.81
1/05/2000,0.8
2/05/2000,0.8
3/05/2000,0.79
4/05/2000,0.81
5/05/2000,0.78
6/05/2000,0.77
7/05/2000,0.77
8/05/2000,0.76
9/05/2000,0.76
10/05/2000,0.75
11/05/2000,0.79
12/05/2000,0.74
13/05/2000,0.74
14/05/2000,0.73
15/05/2000,0.73
16/05/2000,0.72
17/05/2000,0.9
18/05/2000,0.72
19/05/2000,0.72
20/05/2000,0.71
21/05/2000,0.71
22/05/2000,0.7
23/05/2000,0.7
24/05/2000,0.69
25/05/2000,0.69
26/05/2000,0.68
27/05/2000,0.68
28/05/2000,0.67
29/05/2000,0.67
30/05/2000,0.66
31/05/2000,0.66
1/06/2000,0.65
2/06/2000,0.65
3/06/2000,0.64
4/06/2000,0.64
5/06/2000,0.64
6/06/2000,0.74
7/06/2000,0.72
8/06/2000,0.63
9/06/2000,0.63
10/06/2000,0.62
11/06/2000,0.62
12/06/2000,0.62
13/06/2000,0.61
14/06/2000,0.61
15/06/2000,3.16
16/06/2000,5.92
17/06/2000,1.15
18/06/2000,1.13
19/06/2000,1.12
20/06/2000,28.29
21/06/2000,17.46
22/06/2000,8.59
23/06/2000,16.62
24/06/2000,10.49
25/06/2000,9.93
26/06/2000,9.43
27/06/2000,39.88
28/06/2000,19.85
29/06/2000,27.49
30/06/2000,21.77
1/07/2000,19.24
2/07/2000,17.63
3/07/2000,16.25
4/07/2000,15.05
5/07/2000,13.99
6/07/2000,13.06
7/07/2000,12.24
8/07/2000,11.5
9/07/2000,10.83
10/07/2000,72.51
11/07/2000,63.15
12/07/2000,174.22
13/07/2000,94.37
14/07/2000,394.39
15/07/2000,161.87
16/07/2000,246.4
17/07/2000,248.63
18/07/2000,353.11
19/07/2000,165.74
20/07/2000,110.42
21/07/2000,83.01
22/07/2000,66.61
23/07/2000,55.69
24/07/2000,47.88
25/07/2000,42
26/07/2000,37.53
27/07/2000,33.86
28/07/2000,40.18
29/07/2000,32.74
30/07/2000,29.94
31/07/2000,27.5
1/08/2000,87.33
2/08/2000,52.46
3/08/2000,44.85
4/08/2000,39.15
5/08/2000,34.77
6/08/2000,31.24
7/08/2000,28.34
8/08/2000,25.94
9/08/2000,98.49
10/08/2000,341.07
11/08/2000,150.22
12/08/2000,101.9
13/08/2000,76.94
14/08/2000,205.15
15/08/2000,324.56
16/08/2000,182.97
17/08/2000,116.11
18/08/2000,448.98
19/08/2000,244
20/08/2000,148.55
21/08/2000,104.57
22/08/2000,82.27
23/08/2000,73.87
24/08/2000,61.55
25/08/2000,53.77
26/08/2000,47.95
27/08/2000,47.49
28/08/2000,41.79
29/08/2000,112.4
30/08/2000,193.94
31/08/2000,326.66
1/09/2000,156.91
2/09/2000,150.15
3/09/2000,102.62
4/09/2000,80.97
5/09/2000,67.19
6/09/2000,58.77
7/09/2000,51.47
8/09/2000,46.17
9/09/2000,41.77
10/09/2000,49.27
11/09/2000,40.65
12/09/2000,37.02
13/09/2000,33.94
14/09/2000,54.71
15/09/2000,40.46
16/09/2000,37.25
17/09/2000,33.82
18/09/2000,35.83
19/09/2000,266.51
20/09/2000,126.21
21/09/2000,91.15
22/09/2000,71.35
23/09/2000,58.65
24/09/2000,392.43
25/09/2000,163.6
26/09/2000,109.35
27/09/2000,82.08
28/09/2000,65.74
29/09/2000,54.85
30/09/2000,47.07
1/10/2000,41.16
2/10/2000,36.52
3/10/2000,32.76
4/10/2000,29.65
5/10/2000,27.03
6/10/2000,24.79
7/10/2000,22.84
8/10/2000,21.13
9/10/2000,19.63
10/10/2000,18.29
11/10/2000,17.09
12/10/2000,16
13/10/2000,15.03
14/10/2000,14.14
15/10/2000,13.33
16/10/2000,12.58
17/10/2000,11.9
18/10/2000,11.28
19/10/2000,10.7
20/10/2000,10.17
21/10/2000,9.68
22/10/2000,9.22
23/10/2000,8.79
24/10/2000,8.4
25/10/2000,8.03
26/10/2000,7.69
27/10/2000,7.36
28/10/2000,7.06
29/10/2000,6.78
30/10/2000,6.52
31/10/2000,6.27
1/11/2000,6.04
2/11/2000,5.82
3/11/2000,5.61
4/11/2000,5.42
5/11/2000,5.24
6/11/2000,5.06
7/11/2000,4.9
8/11/2000,4.75
9/11/2000,4.6
10/11/2000,4.46
11/11/2000,4.33
12/11/2000,4.2
13/11/2000,4.08
14/11/2000,3.97
15/11/2000,3.86
16/11/2000,3.75
17/11/2000,3.66
18/11/2000,3.56
19/11/2000,3.47
20/11/2000,3.38
21/11/2000,3.3
22/11/2000,3.22
23/11/2000,3.14
24/11/2000,3.07
25/11/2000,3
26/11/2000,2.93
27/11/2000,2.87
28/11/2000,2.81
29/11/2000,2.75
30/11/2000,2.69
1/12/2000,2.63
2/12/2000,2.58
3/12/2000,2.53
4/12/2000,2.48
5/12/2000,2.43
6/12/2000,2.38
7/12/2000,2.34
8/12/2000,2.29
9/12/2000,2.25
10/12/2000,2.21
11/12/2000,2.17
12/12/2000,2.13
13/12/2000,2.1
14/12/2000,2.06
15/12/2000,2.02
16/12/2000,1.99
17/12/2000,1.96
18/12/2000,1.93
19/12/2000,1.9
20/12/2000,1.87
21/12/2000,1.84
22/12/2000,1.81
23/12/2000,1.78
24/12/2000,1.75
25/12/2000,1.73
26/12/2000,1.7
27/12/2000,1.68
28/12/2000,1.65
29/12/2000,1.63
30/12/2000,1.61
31/12/2000,1.58
1/01/2001,1.56
2/01/2001,1.54
3/01/2001,1.52
4/01/2001,1.5
5/01/2001,1.48
6/01/2001,1.46
7/01/2001,1.44
8/01/2001,1.42
9/01/2001,1.4
10/01/2001,1.39
11/01/2001,1.37
12/01/2001,1.35
13/01/2001,1.34
14/01/2001,1.32
15/01/2001,1.3
16/01/2001,1.29
17/01/2001,1.27
18/01/2001,1.26
19/01/2001,1.24
20/01/2001,1.23
21/01/2001,1.22
22/01/2001,1.2
23/01/2001,1.19
24/01/2001,1.18
25/01/2001,1.16
26/01/2001,1.15
27/01/2001,1.14
28/01/2001,1.13
29/01/2001,1.11
30/01/2001,1.1
31/01/2001,1.09
1/02/2001,1.08
2/02/2001,1.07
3/02/2001,1.06
4/02/2001,1.05
5/02/2001,1.04
6/02/2001,1.03
7/02/2001,1.02
8/02/2001,1.01
9/02/2001,1
10/02/2001,0.99
11/02/2001,0.98
12/02/2001,0.97
13/02/2001,0.96
14/02/2001,0.95
15/02/2001,0.94
16/02/2001,0.93
17/02/2001,0.93
18/02/2001,0.92
19/02/2001,0.91
20/02/2001,0.9
21/02/2001,0.89
22/02/2001,0.89
23/02/2001,0.88
24/02/2001,0.87
25/02/2001,0.86
26/02/2001,0.85
27/02/2001,0.85
28/02/2001,0.84
1/03/2001,0.83
2/03/2001,0.83
3/03/2001,0.82
4/03/2001,0.81
5/03/2001,0.81
6/03/2001,0.8
7/03/2001,0.79
8/03/2001,0.79
9/03/2001,0.79
10/03/2001,0.78
11/03/2001,0.77
12/03/2001,0.76
13/03/2001,0.76
14/03/2001,0.75
15/03/2001,0.75
16/03/2001,0.74
17/03/2001,0.73
18/03/2001,0.73
19/03/2001,0.72
20/03/2001,0.72
21/03/2001,0.71
22/03/2001,0.71
23/03/2001,0.7
24/03/2001,0.7
25/03/2001,0.69
26/03/2001,0.77
27/03/2001,0.69
28/03/2001,0.68
29/03/2001,0.68
30/03/2001,0.67
31/03/2001,0.67
1/04/2001,0.66
2/04/2001,0.66
3/04/2001,0.65
4/04/2001,0.65
5/04/2001,0.65
6/04/2001,0.64
7/04/2001,0.64
8/04/2001,0.63
9/04/2001,0.63
10/04/2001,0.62
11/04/2001,0.62
12/04/2001,0.62
13/04/2001,0.61
14/04/2001,0.61
15/04/2001,0.6
16/04/2001,0.6
17/04/2001,0.6
18/04/2001,0.59
19/04/2001,0.59
20/04/2001,0.59
21/04/2001,0.58
22/04/2001,0.58
23/04/2001,0.57
24/04/2001,0.57
25/04/2001,0.57
26/04/2001,0.56
27/04/2001,0.56
28/04/2001,0.56
29/04/2001,0.55
30/04/2001,0.55
1/05/2001,0.55
2/05/2001,0.54
3/05/2001,0.54
4/05/2001,0.54
5/05/2001,0.53
6/05/2001,0.53
7/05/2001,0.53
8/05/2001,0.53
9/05/2001,0.52
10/05/2001,0.52
11/05/2001,0.52
12/05/2001,0.51
13/05/2001,0.51
14/05/2001,0.51
15/05/2001,0.5
16/05/2001,0.5
17/05/2001,0.5
18/05/2001,0.5
19/05/2001,0.49
20/05/2001,0.49
21/05/2001,0.49
22/05/2001,0.49
23/05/2001,0.48
24/05/2001,0.48
25/05/2001,0.48
26/05/2001,0.48
27/05/2001,0.47
28/05/2001,0.47
29/05/2001,0.47
30/05/2001,0.47
31/05/2001,0.46
1/06/2001,0.46
2/06/2001,0.46
3/06/2001,0.46
4/06/2001,0.52
5/06/2001,0.89
6/06/2001,0.47
7/06/2001,0.47
8/06/2001,0.47
9/06/2001,0.46
10/06/2001,0.46
11/06/2001,0.46
12/06/2001,0.46
13/06/2001,0.88
14/06/2001,0.63
15/06/2001,0.48
16/06/2001,1.05
17/06/2001,0.5
18/06/2001,0.5
19/06/2001,0.49
20/06/2001,0.49
21/06/2001,0.49
22/06/2001,1.3
23/06/2001,0.7
24/06/2001,0.53
25/06/2001,0.52
26/06/2001,0.52
27/06/2001,0.52
28/06/2001,0.51
29/06/2001,1.92
30/06/2001,4.5
1/07/2001,0.82
2/07/2001,0.81
3/07/2001,0.81
4/07/2001,10.16
5/07/2001,9.53
6/07/2001,8.07
7/07/2001,3.82
8/07/2001,19.03
9/07/2001,159.44
10/07/2001,77.07
11/07/2001,194.15
12/07/2001,926.03
13/07/2001,255.09
14/07/2001,143.54
15/07/2001,100.33
16/07/2001,87.2
17/07/2001,1634.57
18/07/2001,614.42
19/07/2001,5300.35
20/07/2001,1199.87
21/07/2001,758.17
22/07/2001,265.69
23/07/2001,303.02
24/07/2001,179.19
25/07/2001,309.8
26/07/2001,219.25
27/07/2001,150.31
28/07/2001,318.22
29/07/2001,198.15
30/07/2001,162.25
31/07/2001,190.02
1/08/2001,132.78
2/08/2001,363.05
3/08/2001,231.77
4/08/2001,213
5/08/2001,141.83
6/08/2001,112.18
7/08/2001,94.86
8/08/2001,83.43
9/08/2001,74.97
10/08/2001,460.64
11/08/2001,258.53
12/08/2001,155.03
13/08/2001,115.32
14/08/2001,497.44
15/08/2001,362.21
16/08/2001,182.02
17/08/2001,127.66
18/08/2001,100.57
19/08/2001,2425.37
20/08/2001,1727.59
21/08/2001,1411.01
22/08/2001,321.36
23/08/2001,535.74
24/08/2001,230.78
25/08/2001,160.92
26/08/2001,127.28
27/08/2001,107.24
28/08/2001,867.77
29/08/2001,297.99
30/08/2001,1361.76
31/08/2001,771.86
1/09/2001,261.76
2/09/2001,169.47
3/09/2001,129.59
4/09/2001,248.52
5/09/2001,152.47
6/09/2001,118.9
7/09/2001,385.02
8/09/2001,184.56
9/09/2001,131.39
10/09/2001,103.83
11/09/2001,133.64
12/09/2001,717.24
13/09/2001,236.31
14/09/2001,149.87
15/09/2001,111.71
16/09/2001,90.13
17/09/2001,275.95
18/09/2001,145.1
19/09/2001,106.88
20/09/2001,85.41
21/09/2001,71.56
22/09/2001,61.81
23/09/2001,54.51
24/09/2001,48.77
25/09/2001,44.12
26/09/2001,40.24
27/09/2001,36.94
28/09/2001,34.16
29/09/2001,31.69
30/09/2001,29.7
1/10/2001,109.78
2/10/2001,223.29
3/10/2001,384.4
4/10/2001,170.14
5/10/2001,114.4
6/10/2001,108.4
7/10/2001,79.9
8/10/2001,65.51
9/10/2001,55.56
10/10/2001,48.24
11/10/2001,61.69
12/10/2001,47.51
13/10/2001,41.86
14/10/2001,37.37
15/10/2001,33.69
16/10/2001,30.72
17/10/2001,28.19
18/10/2001,25.97
19/10/2001,24.02
20/10/2001,22.3
21/10/2001,20.76
22/10/2001,19.38
23/10/2001,18.14
24/10/2001,17.01
25/10/2001,15.98
26/10/2001,15.05
27/10/2001,14.19
28/10/2001,13.4
29/10/2001,12.68
30/10/2001,12.01
31/10/2001,11.39
1/11/2001,10.83
2/11/2001,10.31
3/11/2001,9.82
4/11/2001,9.38
5/11/2001,8.96
6/11/2001,8.57
7/11/2001,8.2
8/11/2001,7.86
9/11/2001,7.54
10/11/2001,7.24
11/11/2001,6.96
12/11/2001,6.7
13/11/2001,6.45
14/11/2001,6.22
15/11/2001,6
16/11/2001,5.79
17/11/2001,5.59
18/11/2001,5.4
19/11/2001,5.23
20/11/2001,5.06
21/11/2001,4.9
22/11/2001,4.75
23/11/2001,4.6
24/11/2001,4.47
25/11/2001,4.34
26/11/2001,4.21
27/11/2001,4.09
28/11/2001,3.98
29/11/2001,3.87
30/11/2001,3.77
1/12/2001,3.67
2/12/2001,3.58
3/12/2001,3.49
4/12/2001,3.4
5/12/2001,3.32
6/12/2001,3.24
7/12/2001,3.16
8/12/2001,3.09
9/12/2001,3.02
10/12/2001,2.95
11/12/2001,2.88
12/12/2001,2.82
13/12/2001,2.76
14/12/2001,2.7
15/12/2001,2.65
16/12/2001,2.59
17/12/2001,2.54
18/12/2001,2.49
19/12/2001,2.44
20/12/2001,2.4
21/12/2001,2.35
22/12/2001,2.31
23/12/2001,2.26
24/12/2001,2.22
25/12/2001,2.18
26/12/2001,2.14
27/12/2001,2.11
28/12/2001,2.07
29/12/2001,2.04
30/12/2001,2
31/12/2001,1.97
1/01/2002,1.94
2/01/2002,1.91
3/01/2002,1.88
4/01/2002,1.85
5/01/2002,1.82
6/01/2002,1.79
7/01/2002,1.76
8/01/2002,1.74
9/01/2002,1.71
10/01/2002,1.68
11/01/2002,1.66
12/01/2002,1.64
13/01/2002,1.61
14/01/2002,1.59
15/01/2002,1.57
16/01/2002,1.55
17/01/2002,1.53
18/01/2002,1.51
19/01/2002,1.49
20/01/2002,1.47
21/01/2002,1.45
22/01/2002,1.43
23/01/2002,1.41
24/01/2002,1.39
25/01/2002,1.38
26/01/2002,1.36
27/01/2002,1.34
28/01/2002,1.85
29/01/2002,1.36
30/01/2002,1.54
31/01/2002,1.35
1/02/2002,1.33
2/02/2002,1.31
3/02/2002,1.3
4/02/2002,1.28
5/02/2002,1.27
6/02/2002,1.25
7/02/2002,1.24
8/02/2002,1.23
9/02/2002,1.21
10/02/2002,1.2
11/02/2002,1.18
12/02/2002,1.17
13/02/2002,1.16
14/02/2002,1.15
15/02/2002,1.13
16/02/2002,1.12
17/02/2002,1.11
18/02/2002,1.1
19/02/2002,1.09
20/02/2002,1.08
21/02/2002,1.07
22/02/2002,1.05
23/02/2002,1.04
24/02/2002,1.03
25/02/2002,1.02
26/02/2002,1.01
27/02/2002,1
28/02/2002,0.99
1/03/2002,0.98
2/03/2002,0.98
3/03/2002,0.97
4/03/2002,0.96
5/03/2002,0.95
6/03/2002,0.94
7/03/2002,0.93
8/03/2002,0.92
9/03/2002,0.91
10/03/2002,0.91
11/03/2002,0.9
12/03/2002,0.89
13/03/2002,0.88
14/03/2002,0.87
15/03/2002,0.87
16/03/2002,0.86
17/03/2002,0.85
18/03/2002,0.85
19/03/2002,0.84
20/03/2002,0.83
21/03/2002,0.82
22/03/2002,0.82
23/03/2002,0.81
24/03/2002,0.8
25/03/2002,0.8
26/03/2002,0.79
27/03/2002,0.78
28/03/2002,0.78
29/03/2002,1.3
30/03/2002,0.8
31/03/2002,0.8
1/04/2002,0.79
2/04/2002,0.78
3/04/2002,2.13
4/04/2002,0.86
5/04/2002,0.86
6/04/2002,0.85
7/04/2002,0.84
8/04/2002,0.83
9/04/2002,0.83
10/04/2002,0.82
11/04/2002,0.81
12/04/2002,0.81
13/04/2002,0.8
14/04/2002,0.79
15/04/2002,0.79
16/04/2002,0.78
17/04/2002,0.78
18/04/2002,0.77
19/04/2002,0.76
20/04/2002,0.76
21/04/2002,0.75
22/04/2002,0.75
23/04/2002,0.74
24/04/2002,0.73
25/04/2002,0.73
26/04/2002,0.72
27/04/2002,0.72
28/04/2002,0.71
29/04/2002,0.71
30/04/2002,0.7
1/05/2002,0.7
2/05/2002,0.69
3/05/2002,0.7
4/05/2002,0.74
5/05/2002,0.68
6/05/2002,0.68
7/05/2002,0.67
8/05/2002,0.67
9/05/2002,0.66
10/05/2002,0.66
11/05/2002,0.65
12/05/2002,0.65
13/05/2002,0.64
14/05/2002,0.64
15/05/2002,0.64
16/05/2002,0.63
17/05/2002,0.63
18/05/2002,0.62
19/05/2002,0.62
20/05/2002,0.62
21/05/2002,0.61
22/05/2002,0.61
23/05/2002,0.6
24/05/2002,0.6
25/05/2002,0.6
26/05/2002,0.59
27/05/2002,0.59
28/05/2002,0.58
29/05/2002,0.58
30/05/2002,0.61
31/05/2002,0.58
1/06/2002,0.57
2/06/2002,0.57
3/06/2002,0.56
4/06/2002,0.56
5/06/2002,0.56
6/06/2002,29.09
7/06/2002,4.01
8/06/2002,3.91
9/06/2002,3.81
10/06/2002,39.25
11/06/2002,20.6
12/06/2002,15.5
13/06/2002,30.98
14/06/2002,19.95
15/06/2002,18.21
16/06/2002,16.72
17/06/2002,15.44
18/06/2002,14.32
19/06/2002,13.33
20/06/2002,12.45
21/06/2002,11.67
22/06/2002,10.97
23/06/2002,37.47
24/06/2002,82.1
25/06/2002,45.67
26/06/2002,102.17
27/06/2002,61.81
28/06/2002,49.81
29/06/2002,41.56
30/06/2002,35.5
1/07/2002,30.91
2/07/2002,60.41
3/07/2002,59.7
4/07/2002,43.3
5/07/2002,36.9
6/07/2002,32.06
7/07/2002,28.29
8/07/2002,25.26
9/07/2002,22.77
10/07/2002,20.7
11/07/2002,18.95
12/07/2002,17.44
13/07/2002,16.14
14/07/2002,15
15/07/2002,30.94
16/07/2002,19.75
17/07/2002,38
18/07/2002,127.9
19/07/2002,97.86
20/07/2002,67.37
21/07/2002,121
22/07/2002,74.56
23/07/2002,58.84
24/07/2002,48.41
25/07/2002,41.02
26/07/2002,35.51
27/07/2002,31.26
28/07/2002,27.86
29/07/2002,25.1
30/07/2002,22.8
31/07/2002,20.85
1/08/2002,22.86
2/08/2002,19.37
3/08/2002,17.94
4/08/2002,16.71
5/08/2002,15.62
6/08/2002,31.84
7/08/2002,20.66
8/08/2002,19.02
9/08/2002,46.63
10/08/2002,64.42
11/08/2002,44.45
12/08/2002,37.32
13/08/2002,282.07
14/08/2002,127.47
15/08/2002,172.17
16/08/2002,195.96
17/08/2002,117.88
18/08/2002,84.71
19/08/2002,66.42
20/08/2002,54.6
21/08/2002,46.34
22/08/2002,61.38
23/08/2002,177.51
24/08/2002,97.21
25/08/2002,74.02
26/08/2002,59.72
27/08/2002,50.05
28/08/2002,638.73
29/08/2002,384.48
30/08/2002,175.23
31/08/2002,337.32
1/09/2002,160.71
2/09/2002,110.66
3/09/2002,195.86
4/09/2002,335.81
5/09/2002,407.19
6/09/2002,212.06
7/09/2002,133.25
8/09/2002,824.82
9/09/2002,610.52
10/09/2002,225.9
11/09/2002,236.13
12/09/2002,507.38
13/09/2002,1562.03
14/09/2002,294.59
15/09/2002,173.39
16/09/2002,125.96
17/09/2002,100.54
18/09/2002,84.51
19/09/2002,73.32
20/09/2002,64.94
21/09/2002,58.35
22/09/2002,52.96
23/09/2002,77.96
24/09/2002,101.01
25/09/2002,73.19
26/09/2002,62.57
27/09/2002,737.13
28/09/2002,1244.68
29/09/2002,274.11
30/09/2002,160.71
1/10/2002,115.3
2/10/2002,90.79
3/10/2002,75.33
4/10/2002,64.57
5/10/2002,56.57
6/10/2002,50.33
7/10/2002,45.28
8/10/2002,41.09
9/10/2002,37.53
10/10/2002,34.46
11/10/2002,31.77
12/10/2002,29.4
13/10/2002,27.29
14/10/2002,25.4
15/10/2002,23.7
16/10/2002,22.15
17/10/2002,20.75
18/10/2002,19.5
19/10/2002,18.36
20/10/2002,17.3
21/10/2002,16.32
22/10/2002,15.41
23/10/2002,14.58
24/10/2002,13.8
25/10/2002,13.08
26/10/2002,12.41
27/10/2002,11.78
28/10/2002,11.2
29/10/2002,10.66
30/10/2002,10.16
31/10/2002,9.69
1/11/2002,9.26
2/11/2002,8.85
3/11/2002,8.47
4/11/2002,8.12
5/11/2002,7.79
6/11/2002,7.48
7/11/2002,7.18
8/11/2002,6.91
9/11/2002,6.65
10/11/2002,6.4
11/11/2002,6.17
12/11/2002,5.96
13/11/2002,5.75
14/11/2002,5.55
15/11/2002,5.37
16/11/2002,5.19
17/11/2002,5.03
18/11/2002,4.87
19/11/2002,4.72
20/11/2002,4.58
21/11/2002,4.44
22/11/2002,4.31
23/11/2002,4.19
24/11/2002,4.07
25/11/2002,3.96
26/11/2002,3.85
27/11/2002,3.75
28/11/2002,3.65
29/11/2002,3.56
30/11/2002,3.47
1/12/2002,3.38
2/12/2002,3.3
3/12/2002,3.22
4/12/2002,3.15
5/12/2002,3.07
6/12/2002,3
7/12/2002,2.94
8/12/2002,2.87
9/12/2002,2.81
10/12/2002,2.75
11/12/2002,2.69
12/12/2002,2.64
13/12/2002,2.58
14/12/2002,2.53
15/12/2002,2.48
16/12/2002,2.43
17/12/2002,2.39
18/12/2002,2.34
19/12/2002,2.3
20/12/2002,2.26
21/12/2002,2.22
22/12/2002,2.18
23/12/2002,2.14
24/12/2002,2.1
25/12/2002,2.06
26/12/2002,2.03
27/12/2002,2
28/12/2002,1.96
29/12/2002,1.93
30/12/2002,1.9
31/12/2002,1.87
1/01/2003,1.84
2/01/2003,1.81
3/01/2003,1.78
4/01/2003,1.76
5/01/2003,1.73
6/01/2003,1.71
7/01/2003,1.68
8/01/2003,1.66
9/01/2003,1.63
10/01/2003,1.61
11/01/2003,1.59
12/01/2003,1.56
13/01/2003,1.54
14/01/2003,1.52
15/01/2003,1.5
16/01/2003,1.48
17/01/2003,1.46
18/01/2003,1.44
19/01/2003,1.43
20/01/2003,1.41
21/01/2003,1.39
22/01/2003,1.37
23/01/2003,1.36
24/01/2003,1.34
25/01/2003,1.32
26/01/2003,1.31
27/01/2003,1.29
28/01/2003,1.28
29/01/2003,1.26
30/01/2003,1.25
31/01/2003,1.23
1/02/2003,1.22
2/02/2003,1.2
3/02/2003,1.19
4/02/2003,1.18
5/02/2003,1.17
6/02/2003,1.15
7/02/2003,1.14
8/02/2003,1.13
9/02/2003,1.12
10/02/2003,1.1
11/02/2003,1.09
12/02/2003,1.08
13/02/2003,1.07
14/02/2003,1.21
15/02/2003,1.06
16/02/2003,1.05
17/02/2003,1.04
18/02/2003,1.03
19/02/2003,1.02
20/02/2003,1.01
21/02/2003,1
22/02/2003,0.99
23/02/2003,0.98
24/02/2003,0.97
25/02/2003,0.96
26/02/2003,0.95
27/02/2003,0.95
28/02/2003,0.94
1/03/2003,0.93
2/03/2003,0.92
3/03/2003,0.91
4/03/2003,0.9
5/03/2003,0.9
6/03/2003,0.89
7/03/2003,0.88
8/03/2003,0.87
9/03/2003,0.86
10/03/2003,0.86
11/03/2003,0.85
12/03/2003,0.84
13/03/2003,0.84
14/03/2003,0.83
15/03/2003,0.82
16/03/2003,0.82
17/03/2003,0.81
18/03/2003,0.8
19/03/2003,0.8
20/03/2003,0.79
21/03/2003,0.78
22/03/2003,0.78
23/03/2003,0.77
24/03/2003,0.76
25/03/2003,0.76
26/03/2003,0.75
27/03/2003,0.75
28/03/2003,0.74
29/03/2003,0.74
30/03/2003,0.73
31/03/2003,0.72
1/04/2003,0.72
2/04/2003,0.71
3/04/2003,0.71
4/04/2003,0.7
5/04/2003,0.7
6/04/2003,0.69
7/04/2003,0.69
8/04/2003,0.68
9/04/2003,0.87
10/04/2003,0.69
11/04/2003,0.68
12/04/2003,0.68
13/04/2003,0.67
14/04/2003,0.67
15/04/2003,0.67
16/04/2003,0.66
17/04/2003,0.65
18/04/2003,0.65
19/04/2003,0.64
20/04/2003,0.64
21/04/2003,0.64
22/04/2003,0.63
23/04/2003,0.63
24/04/2003,0.62
25/04/2003,0.62
26/04/2003,0.62
27/04/2003,0.61
28/04/2003,0.61
29/04/2003,0.73
30/04/2003,0.61
1/05/2003,0.6
2/05/2003,0.6
3/05/2003,0.59
4/05/2003,0.59
5/05/2003,0.59
6/05/2003,0.58
7/05/2003,0.58
8/05/2003,0.58
9/05/2003,0.57
10/05/2003,0.57
11/05/2003,0.57
12/05/2003,0.56
13/05/2003,0.56
14/05/2003,0.56
15/05/2003,0.55
16/05/2003,0.55
17/05/2003,0.55
18/05/2003,0.54
19/05/2003,0.54
20/05/2003,0.54
21/05/2003,0.53
22/05/2003,0.53
23/05/2003,0.54
24/05/2003,0.52
25/05/2003,0.52
26/05/2003,0.52
27/05/2003,0.52
28/05/2003,0.51
29/05/2003,0.51
30/05/2003,0.51
31/05/2003,0.5
1/06/2003,0.5
2/06/2003,0.5
3/06/2003,0.5
4/06/2003,0.49
5/06/2003,0.49
6/06/2003,0.61
7/06/2003,0.49
8/06/2003,0.49
9/06/2003,0.49
10/06/2003,0.48
11/06/2003,0.48
12/06/2003,0.48
13/06/2003,0.5
14/06/2003,0.49
15/06/2003,0.47
16/06/2003,0.47
17/06/2003,0.79
18/06/2003,0.65
19/06/2003,0.82
20/06/2003,43.25
21/06/2003,55.78
22/06/2003,25.03
23/06/2003,22.51
24/06/2003,20.41
25/06/2003,27.04
26/06/2003,20.58
27/06/2003,18.77
28/06/2003,82.55
29/06/2003,44.63
30/06/2003,37.64
1/07/2003,32.45
2/07/2003,28.45
3/07/2003,25.28
4/07/2003,179.83
5/07/2003,88.57
6/07/2003,66.72
7/07/2003,53.23
8/07/2003,44.1
9/07/2003,153.05
10/07/2003,1278.67
11/07/2003,259.14
12/07/2003,896.56
13/07/2003,244.11
14/07/2003,145.35
15/07/2003,545.82
16/07/2003,255.93
17/07/2003,179.75
18/07/2003,124.77
19/07/2003,99.79
20/07/2003,81.13
21/07/2003,69.18
22/07/2003,60.53
23/07/2003,54.05
24/07/2003,129.91
25/07/2003,83.32
26/07/2003,461.2
27/07/2003,2040.73
28/07/2003,307.57
29/07/2003,176.28
30/07/2003,1003.24
31/07/2003,276.08
1/08/2003,1193.75
2/08/2003,301.04
3/08/2003,737.37
4/08/2003,967.52
5/08/2003,1121.77
6/08/2003,288.18
7/08/2003,290.91
8/08/2003,262.36
9/08/2003,163.55
10/08/2003,200.99
11/08/2003,148.27
12/08/2003,116.53
13/08/2003,161.98
14/08/2003,115.29
15/08/2003,96.64
16/08/2003,103.35
17/08/2003,85.41
18/08/2003,104.56
19/08/2003,834.23
20/08/2003,991.59
21/08/2003,270.59
22/08/2003,212.39
23/08/2003,1509.85
24/08/2003,297.23
25/08/2003,178.21
26/08/2003,131.78
27/08/2003,460.29
28/08/2003,492.25
29/08/2003,349.09
30/08/2003,313.09
31/08/2003,2569.19
1/09/2003,7027.68
2/09/2003,350.17
3/09/2003,210.08
4/09/2003,1339.79
5/09/2003,620.26
6/09/2003,2497.73
7/09/2003,340.56
8/09/2003,205.45
9/09/2003,154.01
10/09/2003,126.87
11/09/2003,109.71
12/09/2003,97.16
13/09/2003,101.81
14/09/2003,88.84
15/09/2003,80.83
16/09/2003,74.04
17/09/2003,68.15
18/09/2003,124.53
19/09/2003,88.74
20/09/2003,77.03
21/09/2003,68.14
22/09/2003,61.18
23/09/2003,55.51
24/09/2003,50.75
25/09/2003,46.97
26/09/2003,70.87
27/09/2003,54.3
28/09/2003,48.9
29/09/2003,44.42
30/09/2003,52.82
1/10/2003,43.6
2/10/2003,39.65
3/10/2003,91.41
4/10/2003,59.9
5/10/2003,79.3
6/10/2003,81.74
7/10/2003,370.7
8/10/2003,1045.98
9/10/2003,390.42
10/10/2003,185.02
11/10/2003,124.61
12/10/2003,94.75
13/10/2003,76.88
14/10/2003,64.89
15/10/2003,56.21
16/10/2003,49.59
17/10/2003,44.32
18/10/2003,40.01
19/10/2003,36.4
20/10/2003,234.51
21/10/2003,116.27
22/10/2003,85.81
23/10/2003,68.31
24/10/2003,56.99
25/10/2003,175.52
26/10/2003,98.68
27/10/2003,75.88
28/10/2003,65.29
29/10/2003,53.97
30/10/2003,46.5
31/10/2003,40.8
1/11/2003,36.34
2/11/2003,32.79
3/11/2003,29.82
4/11/2003,27.32
5/11/2003,25.17
6/11/2003,23.3
7/11/2003,21.65
8/11/2003,20.2
9/11/2003,18.89
10/11/2003,17.72
11/11/2003,16.67
12/11/2003,15.71
13/11/2003,14.83
14/11/2003,14.02
15/11/2003,13.28
16/11/2003,12.6
17/11/2003,11.97
18/11/2003,11.39
19/11/2003,10.85
20/11/2003,10.35
21/11/2003,9.88
22/11/2003,9.44
23/11/2003,9.03
24/11/2003,8.64
25/11/2003,8.28
26/11/2003,7.95
27/11/2003,7.63
28/11/2003,7.33
29/11/2003,7.05
30/11/2003,6.79
1/12/2003,6.54
2/12/2003,6.3
3/12/2003,6.08
4/12/2003,5.87
5/12/2003,5.67
6/12/2003,5.49
7/12/2003,5.31
8/12/2003,5.14
9/12/2003,4.98
10/12/2003,4.83
11/12/2003,4.68
12/12/2003,4.54
13/12/2003,4.41
14/12/2003,4.28
15/12/2003,4.16
16/12/2003,4.05
17/12/2003,7.47
18/12/2003,4.57
19/12/2003,4.44
20/12/2003,4.31
21/12/2003,4.19
22/12/2003,4.07
23/12/2003,3.96
24/12/2003,3.85
25/12/2003,3.75
26/12/2003,3.65
27/12/2003,3.56
28/12/2003,3.47
29/12/2003,3.66
30/12/2003,3.36
31/12/2003,3.28
1/01/2004,3.2
2/01/2004,3.12
3/01/2004,3.05
4/01/2004,2.98
5/01/2004,2.92
6/01/2004,2.85
7/01/2004,2.79
8/01/2004,2.73
9/01/2004,2.68
10/01/2004,2.62
11/01/2004,2.57
12/01/2004,2.52
13/01/2004,2.47
14/01/2004,2.42
15/01/2004,2.37
16/01/2004,2.33
17/01/2004,2.29
18/01/2004,2.25
19/01/2004,2.2
20/01/2004,2.17
21/01/2004,2.13
22/01/2004,2.09
23/01/2004,2.05
24/01/2004,2.02
25/01/2004,1.99
26/01/2004,1.95
27/01/2004,1.92
28/01/2004,1.89
29/01/2004,1.86
30/01/2004,1.83
31/01/2004,1.8
1/02/2004,2.51
2/02/2004,1.84
3/02/2004,1.81
4/02/2004,1.78
5/02/2004,1.75
6/02/2004,1.73
7/02/2004,1.7
8/02/2004,1.68
9/02/2004,1.65
10/02/2004,1.63
11/02/2004,1.61
12/02/2004,1.58
13/02/2004,1.56
14/02/2004,1.54
15/02/2004,1.52
16/02/2004,1.5
17/02/2004,1.48
18/02/2004,1.46
19/02/2004,1.44
20/02/2004,1.42
21/02/2004,1.41
22/02/2004,1.39
23/02/2004,1.37
24/02/2004,1.35
25/02/2004,1.34
26/02/2004,1.32
27/02/2004,1.31
28/02/2004,1.29
29/02/2004,1.27
1/03/2004,1.26
2/03/2004,1.25
3/03/2004,1.23
4/03/2004,1.22
5/03/2004,1.2
6/03/2004,1.19
7/03/2004,1.18
8/03/2004,1.16
9/03/2004,1.15
10/03/2004,1.14
11/03/2004,1.13
12/03/2004,1.12
13/03/2004,1.1
14/03/2004,1.09
15/03/2004,1.08
16/03/2004,1.07
17/03/2004,1.06
18/03/2004,1.05
19/03/2004,1.04
20/03/2004,1.03
21/03/2004,1.02
22/03/2004,1.01
23/03/2004,1
24/03/2004,0.99
25/03/2004,0.98
26/03/2004,0.97
27/03/2004,0.96
28/03/2004,0.95
29/03/2004,0.94
30/03/2004,0.93
31/03/2004,0.93
1/04/2004,0.92
2/04/2004,0.91
3/04/2004,0.9
4/04/2004,0.89
5/04/2004,0.89
6/04/2004,0.88
7/04/2004,0.87
8/04/2004,0.86
9/04/2004,0.86
10/04/2004,0.85
11/04/2004,0.84
12/04/2004,0.83
13/04/2004,0.83
14/04/2004,0.82
15/04/2004,0.81
16/04/2004,0.81
17/04/2004,0.8
18/04/2004,0.79
19/04/2004,0.79
20/04/2004,0.78
21/04/2004,0.78
22/04/2004,0.77
23/04/2004,0.76
24/04/2004,0.76
25/04/2004,0.75
26/04/2004,0.75
27/04/2004,0.76
28/04/2004,0.74
29/04/2004,0.77
30/04/2004,0.77
1/05/2004,0.72
2/05/2004,0.72
3/05/2004,0.71
4/05/2004,0.71
5/05/2004,0.7
6/05/2004,0.7
7/05/2004,0.69
8/05/2004,0.69
9/05/2004,0.68
10/05/2004,0.68
11/05/2004,0.67
12/05/2004,0.67
13/05/2004,0.66
14/05/2004,0.66
15/05/2004,0.66
16/05/2004,0.91
17/05/2004,0.66
18/05/2004,0.66
19/05/2004,0.65
20/05/2004,0.65
21/05/2004,0.64
22/05/2004,0.64
23/05/2004,0.63
24/05/2004,0.63
25/05/2004,0.63
26/05/2004,0.72
27/05/2004,0.62
28/05/2004,0.95
29/05/2004,0.63
30/05/2004,0.63
31/05/2004,0.63
1/06/2004,0.62
2/06/2004,0.62
3/06/2004,1.12
4/06/2004,0.64
5/06/2004,0.63
6/06/2004,0.63
7/06/2004,0.62
8/06/2004,0.62
9/06/2004,0.62
10/06/2004,0.61
11/06/2004,0.89
12/06/2004,1.61
13/06/2004,0.67
14/06/2004,2.73
15/06/2004,0.8
16/06/2004,0.79
17/06/2004,0.78
18/06/2004,0.78
19/06/2004,2.33
20/06/2004,0.87
21/06/2004,0.86
22/06/2004,0.86
23/06/2004,0.85
24/06/2004,0.84
25/06/2004,0.84
26/06/2004,0.83
27/06/2004,0.82
28/06/2004,0.81
29/06/2004,0.81
30/06/2004,5.14
1/07/2004,1.13
2/07/2004,1.12
3/07/2004,1.11
4/07/2004,2.31
5/07/2004,1.19
6/07/2004,1.18
7/07/2004,1.17
8/07/2004,1.94
9/07/2004,11.95
10/07/2004,2.5
11/07/2004,50.59
12/07/2004,15.96
13/07/2004,72.96
14/07/2004,38.87
15/07/2004,39.44
16/07/2004,49.19
17/07/2004,36.05
18/07/2004,65.35
19/07/2004,99.93
20/07/2004,68.54
21/07/2004,106.56
22/07/2004,85.32
23/07/2004,62.62
24/07/2004,51.27
25/07/2004,43.33
26/07/2004,37.45
27/07/2004,129.73
28/07/2004,137.73
29/07/2004,982.09
30/07/2004,434.29
31/07/2004,899.82
1/08/2004,246.89
2/08/2004,147.89
3/08/2004,713.96
4/08/2004,242.62
5/08/2004,149.34
6/08/2004,477.28
7/08/2004,1205.08
8/08/2004,537.91
9/08/2004,223.06
10/08/2004,148.78
11/08/2004,904.18
12/08/2004,1093.64
13/08/2004,279.25
14/08/2004,1717.34
15/08/2004,307.43
16/08/2004,184.31
17/08/2004,180.03
18/08/2004,279.23
19/08/2004,163.11
20/08/2004,180.66
21/08/2004,216.58
22/08/2004,140.64
23/08/2004,243.83
24/08/2004,146.43
25/08/2004,113.23
26/08/2004,93.72
27/08/2004,80.73
28/08/2004,71.56
29/08/2004,64.63
30/08/2004,59.16
31/08/2004,54.47
1/09/2004,50.51
2/09/2004,46.91
3/09/2004,111.75
4/09/2004,224.36
5/09/2004,125.4
6/09/2004,429.69
7/09/2004,213.69
8/09/2004,134.06
9/09/2004,100.1
10/09/2004,80.67
11/09/2004,67.87
12/09/2004,58.91
13/09/2004,73.64
14/09/2004,57.58
15/09/2004,51.91
16/09/2004,46.42
17/09/2004,42.32
18/09/2004,38.77
19/09/2004,35.72
20/09/2004,33.21
21/09/2004,30.91
22/09/2004,28.85
23/09/2004,26.99
24/09/2004,25.29
25/09/2004,23.75
26/09/2004,22.33
27/09/2004,21.03
28/09/2004,577.58
29/09/2004,193.55
30/09/2004,121.32
1/10/2004,88.01
2/10/2004,68.95
3/10/2004,56.8
4/10/2004,78.41
5/10/2004,89.56
6/10/2004,63.69
7/10/2004,67.47
8/10/2004,52.62
9/10/2004,45.24
10/10/2004,39.63
11/10/2004,35.2
12/10/2004,31.61
13/10/2004,28.63
14/10/2004,26.11
15/10/2004,23.95
16/10/2004,22.08
17/10/2004,20.44
18/10/2004,18.99
19/10/2004,17.7
20/10/2004,16.54
21/10/2004,15.5
22/10/2004,14.56
23/10/2004,13.71
24/10/2004,12.93
25/10/2004,12.21
26/10/2004,11.56
27/10/2004,10.96
28/10/2004,10.4
29/10/2004,9.89
30/10/2004,9.41
31/10/2004,8.97
1/11/2004,8.57
2/11/2004,8.19
3/11/2004,7.84
4/11/2004,7.51
5/11/2004,7.21
6/11/2004,6.92
7/11/2004,6.65
8/11/2004,6.4
9/11/2004,6.16
10/11/2004,5.94
11/11/2004,5.73
12/11/2004,5.53
13/11/2004,5.34
14/11/2004,5.17
15/11/2004,5
16/11/2004,4.84
17/11/2004,4.69
18/11/2004,4.55
19/11/2004,4.41
20/11/2004,4.28
21/11/2004,4.16
22/11/2004,4.04
23/11/2004,3.93
24/11/2004,3.82
25/11/2004,3.72
26/11/2004,3.62
27/11/2004,3.53
28/11/2004,3.44
29/11/2004,3.36
30/11/2004,3.27
1/12/2004,3.2
2/12/2004,3.12
3/12/2004,3.05
4/12/2004,2.98
5/12/2004,2.91
6/12/2004,2.85
7/12/2004,2.79
8/12/2004,2.73
9/12/2004,2.67
10/12/2004,2.62
11/12/2004,2.56
12/12/2004,2.51
13/12/2004,2.46
14/12/2004,2.42
15/12/2004,2.37
16/12/2004,2.32
17/12/2004,2.28
18/12/2004,2.24
19/12/2004,2.2
20/12/2004,2.16
21/12/2004,2.12
22/12/2004,2.09
23/12/2004,2.05
24/12/2004,2.02
25/12/2004,1.98
26/12/2004,1.95
27/12/2004,1.92
28/12/2004,1.89
29/12/2004,1.86
30/12/2004,1.83
31/12/2004,1.8
1/01/2005,1.77
2/01/2005,1.75
3/01/2005,1.72
4/01/2005,1.69
5/01/2005,1.67
6/01/2005,1.65
7/01/2005,1.62
8/01/2005,1.6
9/01/2005,1.58
10/01/2005,1.56
11/01/2005,1.53
12/01/2005,1.51
13/01/2005,1.49
14/01/2005,1.47
15/01/2005,1.45
16/01/2005,1.44
17/01/2005,1.42
18/01/2005,1.4
19/01/2005,1.38
20/01/2005,1.37
21/01/2005,1.35
22/01/2005,1.33
23/01/2005,1.32
24/01/2005,1.3
25/01/2005,1.28
26/01/2005,1.27
27/01/2005,1.26
28/01/2005,1.24
29/01/2005,1.63
30/01/2005,4.12
31/01/2005,1.62
1/02/2005,1.51
2/02/2005,1.49
3/02/2005,1.47
4/02/2005,1.45
5/02/2005,1.44
6/02/2005,1.42
7/02/2005,1.4
8/02/2005,1.38
9/02/2005,1.37
10/02/2005,1.35
11/02/2005,1.33
12/02/2005,1.32
13/02/2005,1.3
14/02/2005,1.28
15/02/2005,1.27
16/02/2005,1.26
17/02/2005,1.24
18/02/2005,1.23
19/02/2005,1.21
20/02/2005,1.2
21/02/2005,1.19
22/02/2005,1.17
23/02/2005,1.16
24/02/2005,1.15
25/02/2005,1.14
26/02/2005,1.12
27/02/2005,1.11
28/02/2005,1.1
1/03/2005,1.09
2/03/2005,1.08
3/03/2005,1.07
4/03/2005,1.06
5/03/2005,1.05
6/03/2005,1.03
7/03/2005,1.02
8/03/2005,1.01
9/03/2005,1
10/03/2005,0.99
11/03/2005,0.99
12/03/2005,1.02
13/03/2005,0.97
14/03/2005,0.96
15/03/2005,0.95
16/03/2005,0.94
17/03/2005,0.94
18/03/2005,0.93
19/03/2005,0.92
20/03/2005,0.91
21/03/2005,0.9
22/03/2005,0.89
23/03/2005,0.89
24/03/2005,0.88
25/03/2005,0.9
26/03/2005,0.87
27/03/2005,0.86
28/03/2005,0.85
29/03/2005,0.84
30/03/2005,0.84
31/03/2005,0.83
1/04/2005,0.82
2/04/2005,0.82
3/04/2005,0.81
4/04/2005,0.8
5/04/2005,0.8
6/04/2005,0.79
7/04/2005,0.78
8/04/2005,0.78
9/04/2005,0.77
10/04/2005,0.76
11/04/2005,0.76
12/04/2005,0.75
13/04/2005,0.75
14/04/2005,0.74
15/04/2005,0.74
16/04/2005,0.73
17/04/2005,0.73
18/04/2005,0.72
19/04/2005,0.71
20/04/2005,0.71
21/04/2005,0.7
22/04/2005,0.7
23/04/2005,0.69
24/04/2005,0.69
25/04/2005,0.68
26/04/2005,0.68
27/04/2005,0.67
28/04/2005,0.67
29/04/2005,0.66
30/04/2005,0.66
1/05/2005,0.67
2/05/2005,1.45
3/05/2005,0.7
4/05/2005,0.69
5/05/2005,0.69
6/05/2005,0.68
7/05/2005,0.68
8/05/2005,0.67
9/05/2005,0.67
10/05/2005,0.66
11/05/2005,0.66
12/05/2005,0.65
13/05/2005,0.65
14/05/2005,0.64
15/05/2005,0.64
16/05/2005,0.63
17/05/2005,0.63
18/05/2005,0.63
19/05/2005,0.62
20/05/2005,0.62
21/05/2005,0.61
22/05/2005,0.61
23/05/2005,0.61
24/05/2005,0.6
25/05/2005,0.6
26/05/2005,0.6
27/05/2005,0.59
28/05/2005,0.59
29/05/2005,0.58
30/05/2005,0.58
31/05/2005,0.58
1/06/2005,0.57
2/06/2005,0.57
3/06/2005,0.57
4/06/2005,0.56
5/06/2005,0.56
6/06/2005,0.56
7/06/2005,0.55
8/06/2005,0.55
9/06/2005,0.55
10/06/2005,0.54
11/06/2005,0.54
12/06/2005,0.54
13/06/2005,0.53
14/06/2005,0.53
15/06/2005,0.53
16/06/2005,0.52
17/06/2005,0.52
18/06/2005,0.52
19/06/2005,0.51
20/06/2005,0.51
21/06/2005,0.51
22/06/2005,0.51
23/06/2005,0.5
24/06/2005,0.5
25/06/2005,2.21
26/06/2005,0.58
27/06/2005,2.27
28/06/2005,158.19
29/06/2005,917.09
30/06/2005,291.87
1/07/2005,185.96
2/07/2005,115.63
3/07/2005,85.35
4/07/2005,67.65
5/07/2005,75.9
6/07/2005,57.47
7/07/2005,50.98
8/07/2005,44.13
9/07/2005,147.68
10/07/2005,118.14
11/07/2005,82.33
12/07/2005,66.01
13/07/2005,63.1
14/07/2005,51.73
15/07/2005,204.6
16/07/2005,158.3
17/07/2005,102.1
18/07/2005,78.29
19/07/2005,63.59
20/07/2005,123.14
21/07/2005,556.22
22/07/2005,230.96
23/07/2005,199.37
24/07/2005,123
25/07/2005,313.78
26/07/2005,1234.27
27/07/2005,296.79
28/07/2005,527.41
29/07/2005,407.1
30/07/2005,6562.39
31/07/2005,7571.88
1/08/2005,376.6
2/08/2005,539.2
3/08/2005,315.09
4/08/2005,466.77
5/08/2005,228.98
6/08/2005,165.84
7/08/2005,135.44
8/08/2005,510.43
9/08/2005,222.8
10/08/2005,155.94
11/08/2005,123.47
12/08/2005,114.34
13/08/2005,97.17
14/08/2005,86.32
15/08/2005,385.05
16/08/2005,182.85
17/08/2005,131.4
18/08/2005,104.57
19/08/2005,88.27
20/08/2005,77.75
21/08/2005,69.85
22/08/2005,63.7
23/08/2005,58.5
24/08/2005,122.12
25/08/2005,83.35
26/08/2005,71.03
27/08/2005,62.18
28/08/2005,75.88
29/08/2005,90.24
30/08/2005,68.61
31/08/2005,59.79
1/09/2005,53.01
2/09/2005,47.63
3/09/2005,43.21
4/09/2005,39.51
5/09/2005,36.33
6/09/2005,33.57
7/09/2005,31.14
8/09/2005,51.56
9/09/2005,37.98
10/09/2005,75.33
11/09/2005,116.38
12/09/2005,175.06
13/09/2005,262.19
14/09/2005,664.06
15/09/2005,250.82
16/09/2005,145.64
17/09/2005,104.13
18/09/2005,181.39
19/09/2005,164.67
20/09/2005,119.35
21/09/2005,89.39
22/09/2005,72.84
23/09/2005,61.67
24/09/2005,53.58
25/09/2005,47.4
26/09/2005,42.5
27/09/2005,60.36
28/09/2005,45.89
29/09/2005,40.93
30/09/2005,36.92
1/10/2005,33.54
2/10/2005,30.67
3/10/2005,284.9
4/10/2005,483.27
5/10/2005,188.68
6/10/2005,120.5
7/10/2005,88.4
8/10/2005,69.82
9/10/2005,57.68
10/10/2005,49.12
11/10/2005,60.49
12/10/2005,46.43
13/10/2005,67.93
14/10/2005,49.16
15/10/2005,42.54
16/10/2005,37.44
17/10/2005,33.38
18/10/2005,616.36
19/10/2005,201.27
20/10/2005,809.57
21/10/2005,421.41
22/10/2005,186.23
23/10/2005,282.91
24/10/2005,279.4
25/10/2005,318.18
26/10/2005,161.35
27/10/2005,112.97
28/10/2005,87.49
29/10/2005,71.7
30/10/2005,60.88
31/10/2005,52.94
1/11/2005,46.9
2/11/2005,42.11
3/11/2005,38.19
4/11/2005,34.91
5/11/2005,32.11
6/11/2005,29.68
7/11/2005,27.55
8/11/2005,25.67
9/11/2005,23.98
10/11/2005,22.47
11/11/2005,21.1
12/11/2005,19.85
13/11/2005,18.71
14/11/2005,17.66
15/11/2005,16.7
16/11/2005,15.81
17/11/2005,14.98
18/11/2005,14.22
19/11/2005,13.51
20/11/2005,12.85
21/11/2005,12.24
22/11/2005,11.67
23/11/2005,11.13
24/11/2005,10.63
25/11/2005,10.16
26/11/2005,9.72
27/11/2005,9.3
28/11/2005,8.91
29/11/2005,8.55
30/11/2005,8.2
1/12/2005,7.88
2/12/2005,7.58
3/12/2005,7.29
4/12/2005,7.02
5/12/2005,6.77
6/12/2005,6.53
7/12/2005,6.3
8/12/2005,6.08
9/12/2005,5.88
10/12/2005,5.68
11/12/2005,5.5
12/12/2005,5.32
13/12/2005,5.15
14/12/2005,4.99
15/12/2005,4.84
16/12/2005,4.7
17/12/2005,4.56
18/12/2005,4.43
19/12/2005,4.31
20/12/2005,4.19
21/12/2005,4.07
22/12/2005,8.9
23/12/2005,7.96
24/12/2005,5.48
25/12/2005,5.29
26/12/2005,5.12
27/12/2005,4.96
28/12/2005,4.8
29/12/2005,4.66
30/12/2005,4.52
31/12/2005,4.39
1/01/2006,4.26
2/01/2006,4.14
3/01/2006,4.02
4/01/2006,3.91
5/01/2006,3.81
6/01/2006,3.71
7/01/2006,3.61
8/01/2006,3.52
9/01/2006,3.43
10/01/2006,3.35
11/01/2006,3.27
12/01/2006,3.19
13/01/2006,3.12
14/01/2006,3.04
15/01/2006,2.98
16/01/2006,2.91
17/01/2006,2.85
18/01/2006,2.79
19/01/2006,2.73
20/01/2006,2.67
21/01/2006,2.61
22/01/2006,2.56
23/01/2006,2.51
24/01/2006,2.46
25/01/2006,2.41
26/01/2006,2.37
27/01/2006,2.32
28/01/2006,2.28
29/01/2006,2.24
30/01/2006,2.2
31/01/2006,2.16
1/02/2006,2.12
2/02/2006,2.08
3/02/2006,2.05
4/02/2006,2.01
5/02/2006,1.98
6/02/2006,1.95
7/02/2006,1.92
8/02/2006,1.89
9/02/2006,1.86
10/02/2006,1.83
11/02/2006,1.8
12/02/2006,1.77
13/02/2006,1.75
14/02/2006,1.72
15/02/2006,1.69
16/02/2006,1.67
17/02/2006,1.65
18/02/2006,1.62
19/02/2006,1.6
20/02/2006,1.58
21/02/2006,1.56
22/02/2006,1.53
23/02/2006,1.51
24/02/2006,1.49
25/02/2006,1.47
26/02/2006,1.45
27/02/2006,1.44
28/02/2006,1.42
1/03/2006,1.4
2/03/2006,1.38
3/03/2006,1.36
4/03/2006,1.35
5/03/2006,1.91
6/03/2006,1.37
7/03/2006,1.36
8/03/2006,1.34
9/03/2006,1.32
10/03/2006,1.31
11/03/2006,1.29
12/03/2006,1.28
13/03/2006,1.26
14/03/2006,1.25
15/03/2006,1.23
16/03/2006,1.22
17/03/2006,1.2
18/03/2006,1.19
19/03/2006,1.18
20/03/2006,1.17
21/03/2006,1.15
22/03/2006,1.14
23/03/2006,1.13
24/03/2006,1.12
25/03/2006,1.1
26/03/2006,1.09
27/03/2006,1.08
28/03/2006,1.07
29/03/2006,1.06
30/03/2006,1.05
31/03/2006,1.04
1/04/2006,1.03
2/04/2006,1.02
3/04/2006,1.01
4/04/2006,1
5/04/2006,0.99
6/04/2006,0.98
7/04/2006,0.97
8/04/2006,0.96
9/04/2006,0.95
10/04/2006,0.94
11/04/2006,0.94
12/04/2006,0.93
13/04/2006,0.92
14/04/2006,0.95
15/04/2006,0.9
16/04/2006,0.9
17/04/2006,0.89
18/04/2006,0.88
19/04/2006,0.87
20/04/2006,0.87
21/04/2006,0.86
22/04/2006,0.85
23/04/2006,0.84
24/04/2006,0.84
25/04/2006,0.83
26/04/2006,0.82
27/04/2006,0.82
28/04/2006,0.81
29/04/2006,0.8
30/04/2006,0.8
1/05/2006,0.79
2/05/2006,0.78
3/05/2006,0.87
4/05/2006,0.9
5/05/2006,0.78
6/05/2006,0.77
7/05/2006,0.77
8/05/2006,0.76
9/05/2006,1.35
10/05/2006,0.79
11/05/2006,0.78
12/05/2006,0.78
13/05/2006,0.77
14/05/2006,0.76
15/05/2006,0.76
16/05/2006,0.75
17/05/2006,0.75
18/05/2006,0.74
19/05/2006,0.74
20/05/2006,2.28
21/05/2006,0.93
22/05/2006,0.83
23/05/2006,0.82
24/05/2006,0.81
25/05/2006,0.81
26/05/2006,0.8
27/05/2006,1.59
28/05/2006,0.84
29/05/2006,0.84
30/05/2006,0.83
31/05/2006,0.82
1/06/2006,0.81
2/06/2006,0.81
3/06/2006,0.8
4/06/2006,0.79
5/06/2006,1.16
6/06/2006,0.87
7/06/2006,1.49
8/06/2006,0.85
9/06/2006,0.84
10/06/2006,0.83
11/06/2006,0.82
12/06/2006,0.82
13/06/2006,0.81
14/06/2006,0.8
15/06/2006,0.8
16/06/2006,0.79
17/06/2006,0.78
18/06/2006,0.78
19/06/2006,0.77
20/06/2006,0.77
21/06/2006,0.76
22/06/2006,0.75
23/06/2006,0.91
24/06/2006,0.75
25/06/2006,0.75
26/06/2006,0.74
27/06/2006,0.74
28/06/2006,0.73
29/06/2006,0.73
30/06/2006,0.72
1/07/2006,0.71
2/07/2006,8.75
3/07/2006,2.36
4/07/2006,1.44
5/07/2006,1.42
6/07/2006,1.4
7/07/2006,1.38
8/07/2006,1.37
9/07/2006,1.35
10/07/2006,1.34
11/07/2006,1.32
12/07/2006,1.3
13/07/2006,1.29
14/07/2006,1.27
15/07/2006,1.26
16/07/2006,1.25
17/07/2006,1.23
18/07/2006,1.22
19/07/2006,1.2
20/07/2006,1.19
21/07/2006,16.45
22/07/2006,3.89
23/07/2006,8.17
24/07/2006,4.11
25/07/2006,4
26/07/2006,60.52
27/07/2006,22.76
28/07/2006,38.56
29/07/2006,29.3
30/07/2006,57.4
31/07/2006,36.97
1/08/2006,44.45
2/08/2006,59.71
3/08/2006,79.97
4/08/2006,53.3
5/08/2006,44.24
6/08/2006,37.71
7/08/2006,32.79
8/08/2006,28.95
9/08/2006,25.88
10/08/2006,23.38
11/08/2006,21.29
12/08/2006,408.29
13/08/2006,1267.39
14/08/2006,261.65
15/08/2006,203.72
16/08/2006,497.72
17/08/2006,1343.24
18/08/2006,429.84
19/08/2006,226.24
20/08/2006,415.33
21/08/2006,719.92
22/08/2006,857.42
23/08/2006,2082.58
24/08/2006,506.79
25/08/2006,226.62
26/08/2006,155.01
27/08/2006,161.6
28/08/2006,119.66
29/08/2006,424.34
30/08/2006,715.64
31/08/2006,247.53
1/09/2006,159.61
2/09/2006,120.75
3/09/2006,98.63
4/09/2006,131.1
5/09/2006,1143.09
6/09/2006,274
7/09/2006,165.09
8/09/2006,120.76
9/09/2006,247.53
10/09/2006,171.87
11/09/2006,120.46
12/09/2006,96.23
13/09/2006,442.65
14/09/2006,451.87
15/09/2006,235.13
16/09/2006,148.32
17/09/2006,111.74
18/09/2006,137.67
19/09/2006,112.17
20/09/2006,350.85
21/09/2006,234.39
22/09/2006,534.81
23/09/2006,212.4
24/09/2006,140.13
25/09/2006,106.28
26/09/2006,86.54
27/09/2006,73.48
28/09/2006,99.85
29/09/2006,76.34
30/09/2006,75.54
1/10/2006,63.44
2/10/2006,56.26
3/10/2006,50.51
4/10/2006,45.76
5/10/2006,98.17
6/10/2006,65.69
7/10/2006,56.08
8/10/2006,48.94
9/10/2006,43.38
10/10/2006,38.9
11/10/2006,35.21
12/10/2006,32.09
13/10/2006,29.42
14/10/2006,27.1
15/10/2006,25.06
16/10/2006,23.26
17/10/2006,21.65
18/10/2006,20.2
19/10/2006,18.9
20/10/2006,17.72
21/10/2006,16.64
22/10/2006,15.66
23/10/2006,14.76
24/10/2006,13.94
25/10/2006,13.18
26/10/2006,12.48
27/10/2006,11.83
28/10/2006,11.23
29/10/2006,10.67
30/10/2006,10.16
31/10/2006,9.68
1/11/2006,9.26
2/11/2006,8.86
3/11/2006,8.48
4/11/2006,8.13
5/11/2006,7.79
6/11/2006,7.48
7/11/2006,7.19
8/11/2006,6.91
9/11/2006,6.65
10/11/2006,8.43
11/11/2006,24.08
12/11/2006,11.85
13/11/2006,11.17
14/11/2006,10.56
15/11/2006,10
16/11/2006,9.49
17/11/2006,9.02
18/11/2006,8.59
19/11/2006,8.19
20/11/2006,7.82
21/11/2006,7.48
22/11/2006,7.17
23/11/2006,6.87
24/11/2006,6.6
25/11/2006,6.34
26/11/2006,6.1
27/11/2006,5.87
28/11/2006,5.66
29/11/2006,5.46
30/11/2006,5.27
1/12/2006,5.1
2/12/2006,4.93
3/12/2006,4.77
4/12/2006,4.62
5/12/2006,4.48
6/12/2006,4.35
7/12/2006,4.22
8/12/2006,4.1
9/12/2006,3.98
10/12/2006,3.87
11/12/2006,3.77
12/12/2006,3.67
13/12/2006,3.57
14/12/2006,3.48
15/12/2006,3.4
16/12/2006,3.31
17/12/2006,3.23
18/12/2006,3.16
19/12/2006,3.08
20/12/2006,3.01
21/12/2006,2.94
22/12/2006,2.88
23/12/2006,2.82
24/12/2006,2.76
25/12/2006,2.7
26/12/2006,2.64
27/12/2006,2.59
28/12/2006,2.53
29/12/2006,2.48
30/12/2006,2.44
31/12/2006,2.39
1/01/2007,2.34
2/01/2007,2.3
3/01/2007,2.26
4/01/2007,2.22
5/01/2007,2.18
6/01/2007,2.14
7/01/2007,2.1
8/01/2007,2.07
9/01/2007,2.03
10/01/2007,2
11/01/2007,1.96
12/01/2007,1.93
13/01/2007,1.9
14/01/2007,1.87
15/01/2007,1.84
16/01/2007,1.81
17/01/2007,1.78
18/01/2007,1.76
19/01/2007,1.73
20/01/2007,1.71
21/01/2007,1.68
22/01/2007,1.66
23/01/2007,1.63
24/01/2007,1.61
25/01/2007,1.59
26/01/2007,1.56
27/01/2007,1.54
28/01/2007,1.52
29/01/2007,1.5
30/01/2007,1.48
31/01/2007,1.46
1/02/2007,1.44
2/02/2007,1.43
3/02/2007,1.41
4/02/2007,1.39
5/02/2007,1.37
6/02/2007,1.36
7/02/2007,1.34
8/02/2007,1.48
9/02/2007,1.32
10/02/2007,1.31
11/02/2007,1.29
12/02/2007,1.28
13/02/2007,1.26
14/02/2007,2.62
15/02/2007,1.36
16/02/2007,1.35
17/02/2007,1.33
18/02/2007,1.32
19/02/2007,1.3
20/02/2007,1.28
21/02/2007,1.27
22/02/2007,1.25
23/02/2007,1.24
24/02/2007,1.23
25/02/2007,1.21
26/02/2007,1.2
27/02/2007,1.19
28/02/2007,1.17
1/03/2007,1.16
2/03/2007,1.15
3/03/2007,1.13
4/03/2007,1.12
5/03/2007,1.11
6/03/2007,1.1
7/03/2007,1.09
8/03/2007,1.08
9/03/2007,1.07
10/03/2007,1.89
11/03/2007,1.34
12/03/2007,1.12
13/03/2007,1.11
14/03/2007,1.1
15/03/2007,1.09
16/03/2007,1.08
17/03/2007,1.07
18/03/2007,1.05
19/03/2007,1.04
20/03/2007,1.03
21/03/2007,1.02
22/03/2007,1.01
23/03/2007,1
24/03/2007,0.99
25/03/2007,0.98
26/03/2007,0.98
27/03/2007,0.97
28/03/2007,0.96
29/03/2007,0.95
30/03/2007,0.94
31/03/2007,0.93
1/04/2007,0.92
2/04/2007,0.91
3/04/2007,0.91
4/04/2007,0.9
5/04/2007,0.89
6/04/2007,0.88
7/04/2007,0.87
8/04/2007,0.87
9/04/2007,0.86
10/04/2007,0.85
11/04/2007,0.84
12/04/2007,0.84
13/04/2007,0.83
14/04/2007,0.82
15/04/2007,0.82
16/04/2007,0.81
17/04/2007,0.8
18/04/2007,0.8
19/04/2007,0.79
20/04/2007,0.78
21/04/2007,0.78
22/04/2007,0.77
23/04/2007,0.77
24/04/2007,0.76
25/04/2007,0.75
26/04/2007,0.75
27/04/2007,0.74
28/04/2007,0.74
29/04/2007,0.73
30/04/2007,0.73
1/05/2007,1.67
2/05/2007,0.78
3/05/2007,0.77
4/05/2007,0.76
5/05/2007,0.76
6/05/2007,0.75
7/05/2007,0.75
8/05/2007,0.74
9/05/2007,0.74
10/05/2007,0.73
11/05/2007,0.72
12/05/2007,0.72
13/05/2007,0.71
14/05/2007,0.71
15/05/2007,0.7
16/05/2007,0.7
17/05/2007,0.69
18/05/2007,0.91
19/05/2007,0.7
20/05/2007,0.69
21/05/2007,0.69
22/05/2007,0.68
23/05/2007,0.68
24/05/2007,0.67
25/05/2007,0.67
26/05/2007,0.66
27/05/2007,0.66
28/05/2007,0.65
29/05/2007,0.65
30/05/2007,0.64
31/05/2007,0.64
1/06/2007,0.64
2/06/2007,0.63
3/06/2007,0.63
4/06/2007,0.62
5/06/2007,0.62
6/06/2007,0.62
7/06/2007,0.61
8/06/2007,0.61
9/06/2007,2.89
10/06/2007,0.73
11/06/2007,0.73
12/06/2007,0.72
13/06/2007,0.72
14/06/2007,0.71
15/06/2007,0.71
16/06/2007,0.7
17/06/2007,1.55
18/06/2007,2.73
19/06/2007,0.88
20/06/2007,0.87
21/06/2007,0.86
22/06/2007,0.85
23/06/2007,1.46
24/06/2007,0.88
25/06/2007,1.55
26/06/2007,1.88
27/06/2007,0.99
28/06/2007,2.02
29/06/2007,1.97
30/06/2007,3.01
1/07/2007,1.28
2/07/2007,6.66
3/07/2007,1.98
4/07/2007,2.4
5/07/2007,24.69
6/07/2007,64.2
7/07/2007,1237.18
8/07/2007,254.01
9/07/2007,143.34
10/07/2007,99.38
11/07/2007,76.01
12/07/2007,61.67
13/07/2007,59.33
14/07/2007,48.75
15/07/2007,44.49
16/07/2007,65.77
17/07/2007,48.07
18/07/2007,42.12
19/07/2007,37.47
20/07/2007,473.05
21/07/2007,178.42
22/07/2007,115.85
23/07/2007,85.73
24/07/2007,68.11
25/07/2007,56.55
26/07/2007,285.68
27/07/2007,148.98
28/07/2007,160.11
29/07/2007,296
30/07/2007,146.99
31/07/2007,102.95
1/08/2007,79.66
2/08/2007,171.86
3/08/2007,101.68
4/08/2007,78.72
5/08/2007,64.56
6/08/2007,141.17
7/08/2007,101.04
8/08/2007,215.16
9/08/2007,268.08
10/08/2007,161.3
11/08/2007,218.77
12/08/2007,580.6
13/08/2007,301.56
14/08/2007,161.5
15/08/2007,113.78
16/08/2007,89.18
17/08/2007,73.85
18/08/2007,63.7
19/08/2007,169.49
20/08/2007,2299.52
21/08/2007,303.09
22/08/2007,173.32
23/08/2007,124.22
24/08/2007,98.42
25/08/2007,82.41
26/08/2007,71.4
27/08/2007,147.26
28/08/2007,96.39
29/08/2007,79.38
30/08/2007,67.92
31/08/2007,59.6
1/09/2007,179.97
2/09/2007,104.91
3/09/2007,92.56
4/09/2007,73.65
5/09/2007,94.75
6/09/2007,657.73
7/09/2007,596.56
8/09/2007,221.96
9/09/2007,197.63
10/09/2007,128.07
11/09/2007,111.6
12/09/2007,88.1
13/09/2007,75.05
14/09/2007,343.55
15/09/2007,303.31
16/09/2007,304.09
17/09/2007,223.4
18/09/2007,138.83
19/09/2007,104.77
20/09/2007,85.23
21/09/2007,154.2
22/09/2007,101.13
23/09/2007,1923.53
24/09/2007,678.92
25/09/2007,323.95
26/09/2007,178.66
27/09/2007,174.01
28/09/2007,122.74
29/09/2007,99.72
30/09/2007,84.75
1/10/2007,183.71
2/10/2007,114.88
3/10/2007,92.75
4/10/2007,344.18
5/10/2007,165.97
6/10/2007,117.93
7/10/2007,92.41
8/10/2007,76.45
9/10/2007,65.41
10/10/2007,57.24
11/10/2007,50.88
12/10/2007,45.75
13/10/2007,41.49
14/10/2007,37.88
15/10/2007,34.77
16/10/2007,32.05
17/10/2007,29.66
18/10/2007,27.52
19/10/2007,25.61
20/10/2007,23.89
21/10/2007,22.33
22/10/2007,20.91
23/10/2007,19.61
24/10/2007,18.43
25/10/2007,17.34
26/10/2007,16.34
27/10/2007,15.42
28/10/2007,14.57
29/10/2007,13.78
30/10/2007,13.05
31/10/2007,12.38
1/11/2007,11.76
2/11/2007,11.19
3/11/2007,14.2
4/11/2007,11.4
5/11/2007,10.84
6/11/2007,10.32
7/11/2007,9.85
8/11/2007,9.4
9/11/2007,8.99
10/11/2007,8.6
11/11/2007,8.24
12/11/2007,7.9
13/11/2007,7.58
14/11/2007,7.28
15/11/2007,7
16/11/2007,6.73
17/11/2007,6.48
18/11/2007,6.25
19/11/2007,6.03
20/11/2007,5.82
21/11/2007,5.62
22/11/2007,5.43
23/11/2007,5.25
24/11/2007,5.08
25/11/2007,4.92
26/11/2007,4.77
27/11/2007,4.62
28/11/2007,4.49
29/11/2007,4.35
30/11/2007,4.23
1/12/2007,4.11
2/12/2007,4
3/12/2007,3.89
4/12/2007,3.79
5/12/2007,3.69
6/12/2007,3.59
7/12/2007,3.5
8/12/2007,3.41
9/12/2007,3.33
10/12/2007,3.25
11/12/2007,3.17
12/12/2007,3.1
13/12/2007,3.03
14/12/2007,2.96
15/12/2007,2.9
16/12/2007,2.83
17/12/2007,2.77
18/12/2007,2.71
19/12/2007,2.66
20/12/2007,2.6
21/12/2007,2.55
22/12/2007,2.5
23/12/2007,2.45
24/12/2007,2.41
25/12/2007,2.36
26/12/2007,2.32
27/12/2007,2.27
28/12/2007,2.23
29/12/2007,2.19
30/12/2007,2.15
31/12/2007,2.11
1/01/2008,2.08
2/01/2008,2.04
3/01/2008,2.01
4/01/2008,1.98
5/01/2008,1.94
6/01/2008,1.91
7/01/2008,1.88
8/01/2008,1.85
9/01/2008,1.82
10/01/2008,1.79
11/01/2008,1.77
12/01/2008,1.74
13/01/2008,1.71
14/01/2008,1.69
15/01/2008,1.67
16/01/2008,1.64
17/01/2008,1.62
18/01/2008,1.6
19/01/2008,1.57
20/01/2008,1.55
21/01/2008,1.53
22/01/2008,1.51
23/01/2008,1.49
24/01/2008,1.47
25/01/2008,2.12
26/01/2008,4.36
27/01/2008,1.81
28/01/2008,1.78
29/01/2008,1.75
30/01/2008,1.73
31/01/2008,1.7
1/02/2008,1.68
2/02/2008,1.65
3/02/2008,1.63
4/02/2008,1.61
5/02/2008,1.58
6/02/2008,1.56
7/02/2008,1.54
8/02/2008,1.52
9/02/2008,1.5
10/02/2008,1.69
11/02/2008,1.48
12/02/2008,1.46
13/02/2008,1.44
14/02/2008,1.43
15/02/2008,1.41
16/02/2008,1.39
17/02/2008,1.37
18/02/2008,1.36
19/02/2008,1.34
20/02/2008,1.32
21/02/2008,1.31
22/02/2008,1.29
23/02/2008,1.28
24/02/2008,1.26
25/02/2008,1.25
26/02/2008,1.23
27/02/2008,1.22
28/02/2008,1.21
29/02/2008,1.19
1/03/2008,1.18
2/03/2008,1.17
3/03/2008,1.15
4/03/2008,1.14
5/03/2008,1.13
6/03/2008,1.12
7/03/2008,1.1
8/03/2008,1.09
9/03/2008,1.08
10/03/2008,1.07
11/03/2008,1.06
12/03/2008,1.05
13/03/2008,1.04
14/03/2008,1.03
15/03/2008,1.02
16/03/2008,1.01
17/03/2008,1
18/03/2008,0.99
19/03/2008,0.98
20/03/2008,0.97
21/03/2008,0.96
22/03/2008,0.95
23/03/2008,1.54
24/03/2008,1.08
25/03/2008,0.98
26/03/2008,0.97
27/03/2008,0.96
28/03/2008,0.95
29/03/2008,0.94
30/03/2008,0.94
31/03/2008,0.93
1/04/2008,0.92
2/04/2008,0.91
3/04/2008,0.9
4/04/2008,0.89
5/04/2008,3.57
6/04/2008,1.09
7/04/2008,1.08
8/04/2008,1.07
9/04/2008,1.06
10/04/2008,1.05
11/04/2008,1.03
12/04/2008,1.02
13/04/2008,1.01
14/04/2008,1
15/04/2008,1
16/04/2008,0.99
17/04/2008,0.98
18/04/2008,0.97
19/04/2008,0.96
20/04/2008,0.95
21/04/2008,0.94
22/04/2008,0.93
23/04/2008,0.92
24/04/2008,0.91
25/04/2008,0.91
26/04/2008,0.9
27/04/2008,0.89
28/04/2008,0.88
29/04/2008,0.88
30/04/2008,0.87
1/05/2008,0.86
2/05/2008,0.85
3/05/2008,0.85
4/05/2008,0.84
5/05/2008,0.83
6/05/2008,0.82
7/05/2008,0.82
8/05/2008,0.81
9/05/2008,0.8
10/05/2008,0.8
11/05/2008,0.79
12/05/2008,0.79
13/05/2008,0.78
14/05/2008,0.77
15/05/2008,0.77
16/05/2008,0.76
17/05/2008,0.76
18/05/2008,0.75
19/05/2008,0.74
20/05/2008,0.74
21/05/2008,0.73
22/05/2008,0.73
23/05/2008,0.72
24/05/2008,0.72
25/05/2008,0.75
26/05/2008,0.71
27/05/2008,0.7
28/05/2008,0.7
29/05/2008,0.69
30/05/2008,0.69
31/05/2008,0.68
1/06/2008,0.68
2/06/2008,0.67
3/06/2008,0.78
4/06/2008,0.67
5/06/2008,0.67
6/06/2008,0.66
7/06/2008,0.66
8/06/2008,0.65
9/06/2008,0.65
10/06/2008,0.64
11/06/2008,1.93
12/06/2008,0.96
13/06/2008,0.72
14/06/2008,0.72
15/06/2008,7.28
16/06/2008,12.44
17/06/2008,30.81
18/06/2008,201.59
19/06/2008,109.52
20/06/2008,75.94
21/06/2008,59.17
22/06/2008,48.2
23/06/2008,40.57
24/06/2008,34.97
25/06/2008,30.61
26/06/2008,835.76
27/06/2008,500.76
28/06/2008,351.66
29/06/2008,165.92
30/06/2008,118.13
1/07/2008,98.16
2/07/2008,155.65
3/07/2008,97.25
4/07/2008,76.17
5/07/2008,72.02
6/07/2008,58.61
7/07/2008,141.44
8/07/2008,106.05
9/07/2008,543.59
10/07/2008,1289.16
11/07/2008,974.35
12/07/2008,261.86
13/07/2008,158.12
14/07/2008,199.55
15/07/2008,127.06
16/07/2008,475.78
17/07/2008,540.81
18/07/2008,217.01
19/07/2008,479.05
20/07/2008,643.05
21/07/2008,522.57
22/07/2008,1743.25
23/07/2008,825.17
24/07/2008,264.66
25/07/2008,168.5
26/07/2008,211.84
27/07/2008,145.61
28/07/2008,162.97
29/07/2008,414.22
30/07/2008,296.19
31/07/2008,897.89
1/08/2008,267.08
2/08/2008,578.44
3/08/2008,496.56
4/08/2008,562.25
5/08/2008,232.73
6/08/2008,157.54
7/08/2008,163.32
8/08/2008,120.64
9/08/2008,1688.5
10/08/2008,390.72
11/08/2008,1305.02
12/08/2008,296.86
13/08/2008,181.93
14/08/2008,135.92
15/08/2008,391.21
16/08/2008,259.75
17/08/2008,344.55
18/08/2008,376.02
19/08/2008,191.43
20/08/2008,482.21
21/08/2008,1049.76
22/08/2008,1467.18
23/08/2008,303.16
24/08/2008,184.36
25/08/2008,165.45
26/08/2008,125.03
27/08/2008,105.03
28/08/2008,91.47
29/08/2008,90.03
30/08/2008,78.85
31/08/2008,146.74
1/09/2008,101.33
2/09/2008,85.17
3/09/2008,73.9
4/09/2008,65.68
5/09/2008,206.75
6/09/2008,118.65
7/09/2008,92.22
8/09/2008,75.97
9/09/2008,90.47
10/09/2008,70.08
11/09/2008,62.17
12/09/2008,94.55
13/09/2008,214.31
14/09/2008,120.83
15/09/2008,154.09
16/09/2008,1466.27
17/09/2008,1417.04
18/09/2008,3071.86
19/09/2008,323.93
20/09/2008,188.86
21/09/2008,138.9
22/09/2008,112.54
23/09/2008,149.8
24/09/2008,109.4
25/09/2008,92.54
26/09/2008,80.67
27/09/2008,71.74
28/09/2008,64.67
29/09/2008,59.26
30/09/2008,54.49
1/10/2008,50.23
2/10/2008,46.43
3/10/2008,43.02
4/10/2008,39.93
5/10/2008,37.13
6/10/2008,34.58
7/10/2008,32.34
8/10/2008,30.24
9/10/2008,28.3
10/10/2008,26.52
11/10/2008,24.87
12/10/2008,23.35
13/10/2008,21.95
14/10/2008,20.65
15/10/2008,19.45
16/10/2008,18.34
17/10/2008,17.31
18/10/2008,16.35
19/10/2008,15.46
20/10/2008,14.63
21/10/2008,13.86
22/10/2008,13.15
23/10/2008,12.48
24/10/2008,11.86
25/10/2008,11.28
26/10/2008,10.74
27/10/2008,10.24
28/10/2008,9.77
29/10/2008,9.32
30/10/2008,8.91
31/10/2008,8.52
1/11/2008,8.16
2/11/2008,7.83
3/11/2008,7.51
4/11/2008,7.22
5/11/2008,6.94
6/11/2008,6.68
7/11/2008,6.43
8/11/2008,6.2
9/11/2008,5.98
10/11/2008,5.77
11/11/2008,5.57
12/11/2008,5.39
13/11/2008,5.21
14/11/2008,5.04
15/11/2008,4.89
16/11/2008,4.73
17/11/2008,4.59
18/11/2008,4.46
19/11/2008,4.33
20/11/2008,4.2
21/11/2008,4.08
22/11/2008,3.97
23/11/2008,3.86
24/11/2008,3.76
25/11/2008,3.66
26/11/2008,3.57
27/11/2008,3.48
28/11/2008,3.39
29/11/2008,3.31
30/11/2008,3.23
1/12/2008,3.15
2/12/2008,3.08
3/12/2008,3.01
4/12/2008,2.94
5/12/2008,2.88
6/12/2008,2.82
7/12/2008,2.76
8/12/2008,2.7
9/12/2008,2.64
10/12/2008,2.59
11/12/2008,2.54
12/12/2008,2.49
13/12/2008,2.44
14/12/2008,2.39
15/12/2008,2.35
16/12/2008,2.3
17/12/2008,2.26
18/12/2008,2.22
19/12/2008,2.18
20/12/2008,2.14
21/12/2008,2.1
22/12/2008,2.07
23/12/2008,2.03
24/12/2008,2
25/12/2008,1.97
26/12/2008,1.93
27/12/2008,1.9
28/12/2008,1.87
29/12/2008,1.84
30/12/2008,1.81
31/12/2008,1.79
1/01/2009,1.76
2/01/2009,1.73
3/01/2009,1.71
4/01/2009,1.68
5/01/2009,1.66
6/01/2009,1.63
7/01/2009,1.61
8/01/2009,1.59
9/01/2009,1.57
10/01/2009,1.55
11/01/2009,1.52
12/01/2009,1.5
13/01/2009,1.48
14/01/2009,1.46
15/01/2009,1.45
16/01/2009,1.43
17/01/2009,1.41
18/01/2009,1.39
19/01/2009,1.37
20/01/2009,1.36
21/01/2009,1.34
22/01/2009,1.32
23/01/2009,1.31
24/01/2009,1.29
25/01/2009,1.28
26/01/2009,1.26
27/01/2009,1.25
28/01/2009,1.23
29/01/2009,1.22
30/01/2009,1.21
31/01/2009,1.19
1/02/2009,1.18
2/02/2009,1.17
3/02/2009,1.15
4/02/2009,1.14
5/02/2009,1.13
6/02/2009,1.12
7/02/2009,1.11
8/02/2009,1.09
9/02/2009,1.08
10/02/2009,1.07
11/02/2009,1.06
12/02/2009,1.05
13/02/2009,1.04
14/02/2009,1.03
15/02/2009,1.02
16/02/2009,1.01
17/02/2009,1
18/02/2009,0.99
19/02/2009,0.98
20/02/2009,0.97
21/02/2009,0.96
22/02/2009,0.95
23/02/2009,0.94
24/02/2009,0.94
25/02/2009,0.93
26/02/2009,0.92
27/02/2009,0.91
28/02/2009,0.9
1/03/2009,0.89
2/03/2009,0.89
3/03/2009,0.88
4/03/2009,0.87
5/03/2009,0.86
6/03/2009,0.86
7/03/2009,0.85
8/03/2009,0.84
9/03/2009,0.84
10/03/2009,0.83
11/03/2009,0.82
12/03/2009,0.81
13/03/2009,0.81
14/03/2009,0.8
15/03/2009,0.8
16/03/2009,0.79
17/03/2009,0.78
18/03/2009,0.78
19/03/2009,0.77
20/03/2009,0.76
21/03/2009,0.76
22/03/2009,0.75
23/03/2009,0.75
24/03/2009,0.74
25/03/2009,0.74
26/03/2009,0.73
27/03/2009,0.72
28/03/2009,0.72
29/03/2009,0.71
30/03/2009,0.71
31/03/2009,0.7
1/04/2009,0.7
2/04/2009,0.69
3/04/2009,0.69
4/04/2009,0.68
5/04/2009,0.68
6/04/2009,0.67
7/04/2009,0.67
8/04/2009,0.66
9/04/2009,0.66
10/04/2009,0.66
11/04/2009,0.65
12/04/2009,0.65
13/04/2009,0.64
14/04/2009,0.64
15/04/2009,0.63
16/04/2009,0.63
17/04/2009,0.62
18/04/2009,0.62
19/04/2009,0.62
20/04/2009,0.61
21/04/2009,0.61
22/04/2009,0.6
23/04/2009,0.6
24/04/2009,0.6
25/04/2009,0.59
26/04/2009,0.59
27/04/2009,0.59
28/04/2009,0.58
29/04/2009,0.58
30/04/2009,0.57
1/05/2009,0.57
2/05/2009,0.57
3/05/2009,0.56
4/05/2009,0.56
5/05/2009,0.56
6/05/2009,0.55
7/05/2009,0.55
8/05/2009,0.55
9/05/2009,0.54
10/05/2009,0.54
11/05/2009,0.54
12/05/2009,0.53
13/05/2009,0.53
14/05/2009,0.53
15/05/2009,0.53
16/05/2009,0.52
17/05/2009,0.52
18/05/2009,0.52
19/05/2009,0.51
20/05/2009,0.51
21/05/2009,0.51
22/05/2009,0.5
23/05/2009,0.5
24/05/2009,0.5
25/05/2009,0.5
26/05/2009,0.49
27/05/2009,0.49
28/05/2009,0.49
29/05/2009,0.49
30/05/2009,0.51
31/05/2009,0.48
1/06/2009,0.48
2/06/2009,0.48
3/06/2009,0.47
4/06/2009,0.47
5/06/2009,0.47
6/06/2009,1.65
7/06/2009,0.52
8/06/2009,0.52
9/06/2009,0.51
10/06/2009,0.51
11/06/2009,0.51
12/06/2009,3.07
13/06/2009,0.64
14/06/2009,0.63
15/06/2009,0.63
16/06/2009,2.88
17/06/2009,0.76
18/06/2009,0.75
19/06/2009,0.75
20/06/2009,0.74
21/06/2009,0.73
22/06/2009,0.73
23/06/2009,0.72
24/06/2009,0.72
25/06/2009,0.71
26/06/2009,0.71
27/06/2009,0.7
28/06/2009,1.02
29/06/2009,0.71
30/06/2009,0.71
1/07/2009,1.35
2/07/2009,2
3/07/2009,3.11
4/07/2009,33.95
5/07/2009,6.59
6/07/2009,15.49
7/07/2009,70.14
8/07/2009,32.93
9/07/2009,28.84
10/07/2009,333.4
11/07/2009,950.23
12/07/2009,682.79
13/07/2009,378.13
14/07/2009,176.57
15/07/2009,256.16
16/07/2009,292.63
17/07/2009,152.65
18/07/2009,108.16
19/07/2009,301.14
20/07/2009,492.55
21/07/2009,3433.36
22/07/2009,1176.45
23/07/2009,287.49
24/07/2009,175.64
25/07/2009,130.37
26/07/2009,105.67
27/07/2009,89.88
28/07/2009,78.72
29/07/2009,70.27
30/07/2009,63.55
31/07/2009,58.01
1/08/2009,53.37
2/08/2009,49.39
3/08/2009,46.36
4/08/2009,43.44
5/08/2009,40.79
6/08/2009,38.35
7/08/2009,36.11
8/08/2009,34.04
9/08/2009,32.22
10/08/2009,30.73
11/08/2009,29.36
12/08/2009,28.12
13/08/2009,26.84
14/08/2009,164.59
15/08/2009,118.61
16/08/2009,83.94
17/08/2009,67.74
18/08/2009,56.93
19/08/2009,49.18
20/08/2009,260.4
21/08/2009,186.4
22/08/2009,114.85
23/08/2009,116.55
24/08/2009,140.36
25/08/2009,144.34
26/08/2009,269.4
27/08/2009,698.82
28/08/2009,594.18
29/08/2009,218.22
30/08/2009,139.15
31/08/2009,104
1/09/2009,83.96
2/09/2009,98.44
3/09/2009,75.11
4/09/2009,64.39
5/09/2009,615.41
6/09/2009,277.37
7/09/2009,155.21
8/09/2009,110.66
9/09/2009,313.3
10/09/2009,154.6
11/09/2009,109.78
12/09/2009,85.76
13/09/2009,70.75
14/09/2009,60.42
15/09/2009,52.81
16/09/2009,46.93
17/09/2009,42.23
18/09/2009,38.35
19/09/2009,60.95
20/09/2009,44.86
21/09/2009,67.06
22/09/2009,49.33
23/09/2009,43.31
24/09/2009,38.58
25/09/2009,34.75
26/09/2009,31.58
27/09/2009,28.9
28/09/2009,26.6
29/09/2009,24.64
30/09/2009,108.31
1/10/2009,173.12
2/10/2009,1183.72
3/10/2009,258.53
4/10/2009,166.79
5/10/2009,112.48
6/10/2009,86.35
7/10/2009,70.28
8/10/2009,59.37
9/10/2009,51.41
10/10/2009,45.32
11/10/2009,40.48
12/10/2009,36.51
13/10/2009,33.19
14/10/2009,30.37
15/10/2009,27.92
16/10/2009,25.79
17/10/2009,23.9
18/10/2009,22.22
19/10/2009,20.72
20/10/2009,19.36
21/10/2009,18.14
22/10/2009,17.03
23/10/2009,16.01
24/10/2009,15.08
25/10/2009,14.23
26/10/2009,13.45
27/10/2009,12.72
28/10/2009,12.06
29/10/2009,11.44
30/10/2009,10.87
31/10/2009,10.34
1/11/2009,9.85
2/11/2009,9.4
3/11/2009,8.98
4/11/2009,8.59
5/11/2009,8.22
6/11/2009,7.88
7/11/2009,7.56
8/11/2009,7.26
9/11/2009,6.98
10/11/2009,6.71
11/11/2009,6.46
12/11/2009,6.22
13/11/2009,6
14/11/2009,5.79
15/11/2009,5.59
16/11/2009,9.23
17/11/2009,6.18
18/11/2009,58.61
19/11/2009,24.8
20/11/2009,22.26
21/11/2009,20.15
22/11/2009,18.38
23/11/2009,16.87
24/11/2009,15.56
25/11/2009,14.43
26/11/2009,13.44
27/11/2009,12.56
28/11/2009,11.77
29/11/2009,11.07
30/11/2009,10.44
1/12/2009,9.87
2/12/2009,9.35
3/12/2009,8.88
4/12/2009,8.44
5/12/2009,8.05
6/12/2009,7.68
7/12/2009,7.34
8/12/2009,7.03
9/12/2009,6.74
10/12/2009,6.47
11/12/2009,6.22
12/12/2009,5.98
13/12/2009,5.76
14/12/2009,5.55
15/12/2009,5.36
16/12/2009,5.17
17/12/2009,5
18/12/2009,4.84
19/12/2009,4.68
20/12/2009,4.54
21/12/2009,4.4
22/12/2009,4.27
23/12/2009,4.14
24/12/2009,4.03
25/12/2009,3.91
26/12/2009,3.81
27/12/2009,3.7
28/12/2009,3.61
29/12/2009,3.51
30/12/2009,3.42
31/12/2009,3.34
1/01/2010,3.26
2/01/2010,3.18
3/01/2010,3.11
4/01/2010,3.03
5/01/2010,2.96
6/01/2010,2.9
7/01/2010,2.83
8/01/2010,2.77
9/01/2010,2.71
10/01/2010,2.66
11/01/2010,2.6
12/01/2010,2.55
13/01/2010,2.5
14/01/2010,2.45
15/01/2010,2.4
16/01/2010,2.36
17/01/2010,2.31
18/01/2010,2.27
19/01/2010,2.23
20/01/2010,2.19
21/01/2010,2.15
22/01/2010,2.11
23/01/2010,2.08
24/01/2010,2.04
25/01/2010,2.01
26/01/2010,1.97
27/01/2010,1.94
28/01/2010,1.91
29/01/2010,1.88
30/01/2010,1.85
31/01/2010,1.82
1/02/2010,1.79
2/02/2010,1.76
3/02/2010,1.74
4/02/2010,1.71
5/02/2010,1.69
6/02/2010,1.66
7/02/2010,1.64
8/02/2010,1.62
9/02/2010,1.59
10/02/2010,1.57
11/02/2010,1.55
12/02/2010,1.53
13/02/2010,1.51
14/02/2010,1.49
15/02/2010,1.47
16/02/2010,1.45
17/02/2010,1.43
18/02/2010,1.41
19/02/2010,1.39
20/02/2010,1.38
21/02/2010,1.36
22/02/2010,1.34
23/02/2010,1.33
24/02/2010,1.31
25/02/2010,1.3
26/02/2010,1.28
27/02/2010,1.27
28/02/2010,1.25
1/03/2010,1.24
2/03/2010,1.22
3/03/2010,1.21
4/03/2010,1.2
5/03/2010,1.18
6/03/2010,1.17
7/03/2010,1.16
8/03/2010,1.14
9/03/2010,1.13
10/03/2010,1.12
11/03/2010,1.11
12/03/2010,1.1
13/03/2010,1.09
14/03/2010,1.07
15/03/2010,1.06
16/03/2010,1.05
17/03/2010,1.04
18/03/2010,1.03
19/03/2010,1.02
20/03/2010,1.01
21/03/2010,1
22/03/2010,0.99
23/03/2010,0.98
24/03/2010,0.97
25/03/2010,0.96
26/03/2010,0.96
27/03/2010,0.95
28/03/2010,0.94
29/03/2010,0.93
30/03/2010,0.92
31/03/2010,0.91
1/04/2010,0.9
2/04/2010,0.9
3/04/2010,0.89
4/04/2010,0.88
5/04/2010,0.87
6/04/2010,0.87
7/04/2010,0.86
8/04/2010,0.85
9/04/2010,0.84
10/04/2010,0.84
11/04/2010,0.83
12/04/2010,0.82
13/04/2010,0.82
14/04/2010,0.81
15/04/2010,0.8
16/04/2010,0.8
17/04/2010,0.79
18/04/2010,0.78
19/04/2010,0.78
20/04/2010,0.77
21/04/2010,0.77
22/04/2010,0.76
23/04/2010,0.75
24/04/2010,0.75
25/04/2010,0.74
26/04/2010,0.74
27/04/2010,0.73
28/04/2010,0.73
29/04/2010,0.72
30/04/2010,0.72
1/05/2010,0.71
2/05/2010,0.7
3/05/2010,0.7
4/05/2010,0.69
5/05/2010,0.69
6/05/2010,0.68
7/05/2010,0.68
8/05/2010,0.67
9/05/2010,1.29
10/05/2010,0.7
11/05/2010,0.7
12/05/2010,0.69
13/05/2010,0.69
14/05/2010,0.68
15/05/2010,0.68
16/05/2010,0.67
17/05/2010,0.67
18/05/2010,0.66
19/05/2010,0.66
20/05/2010,0.65
21/05/2010,0.65
22/05/2010,0.65
23/05/2010,1.52
24/05/2010,1.27
25/05/2010,0.72
26/05/2010,0.9
27/05/2010,0.72
28/05/2010,0.71
29/05/2010,2.24
30/05/2010,0.8
31/05/2010,0.8
1/06/2010,0.79
2/06/2010,0.78
3/06/2010,0.78
4/06/2010,0.77
5/06/2010,0.77
6/06/2010,0.76
7/06/2010,0.75
8/06/2010,0.75
9/06/2010,0.74
10/06/2010,0.74
11/06/2010,0.73
12/06/2010,1.24
13/06/2010,0.75
14/06/2010,0.75
15/06/2010,0.74
16/06/2010,0.74
17/06/2010,0.73
18/06/2010,0.73
19/06/2010,0.72
20/06/2010,0.71
21/06/2010,0.71
22/06/2010,0.7
23/06/2010,0.7
24/06/2010,0.69
25/06/2010,0.69
26/06/2010,0.68
27/06/2010,0.68
28/06/2010,0.75
29/06/2010,0.67
30/06/2010,0.67
1/07/2010,33.71
2/07/2010,5.45
3/07/2010,7.13
4/07/2010,5.58
5/07/2010,5.4
6/07/2010,5.23
7/07/2010,5.07
8/07/2010,14.7
9/07/2010,7.25
10/07/2010,6.97
11/07/2010,6.7
12/07/2010,6.44
13/07/2010,17.1
14/07/2010,9.08
15/07/2010,8.65
16/07/2010,8.25
17/07/2010,7.88
18/07/2010,7.54
19/07/2010,7.22
20/07/2010,6.92
21/07/2010,6.65
22/07/2010,6.39
23/07/2010,7.77
24/07/2010,6.34
25/07/2010,45.07
26/07/2010,116.23
27/07/2010,60.63
28/07/2010,48.87
29/07/2010,53.6
30/07/2010,67.81
31/07/2010,58.94
1/08/2010,45.29
2/08/2010,60.9
3/08/2010,56.99
4/08/2010,43.58
5/08/2010,37.43
6/08/2010,62.25
7/08/2010,92.4
8/08/2010,59.61
9/08/2010,73.73
10/08/2010,53
11/08/2010,44.45
12/08/2010,38.2
13/08/2010,33.52
14/08/2010,35.13
15/08/2010,29.29
16/08/2010,26.47
17/08/2010,24.13
18/08/2010,22.13
19/08/2010,20.42
20/08/2010,18.93
21/08/2010,25.96
22/08/2010,72.64
23/08/2010,42.1
24/08/2010,68.31
25/08/2010,57.59
26/08/2010,104.04
27/08/2010,65.59
28/08/2010,85.52
29/08/2010,59.6
30/08/2010,49.35
31/08/2010,140.29
1/09/2010,99.97
2/09/2010,71.87
3/09/2010,57.74
4/09/2010,48.16
5/09/2010,45.84
6/09/2010,585.71
7/09/2010,210.17
8/09/2010,127.57
9/09/2010,420.5
10/09/2010,175.11
11/09/2010,115.36
12/09/2010,86.12
13/09/2010,76.8
14/09/2010,61.65
15/09/2010,52.72
16/09/2010,805.74
17/09/2010,230.11
18/09/2010,138.64
19/09/2010,160.38
20/09/2010,103.64
21/09/2010,80.77
22/09/2010,74.74
23/09/2010,60.89
24/09/2010,52.67
25/09/2010,46.43
26/09/2010,41.51
27/09/2010,37.51
28/09/2010,34.17
29/09/2010,367.08
30/09/2010,154.51
1/10/2010,105
2/10/2010,79.42
3/10/2010,63.83
4/10/2010,53.32
5/10/2010,45.75
6/10/2010,40
7/10/2010,35.6
8/10/2010,31.99
9/10/2010,29.12
10/10/2010,26.71
11/10/2010,24.59
12/10/2010,22.73
13/10/2010,21.09
14/10/2010,19.63
15/10/2010,18.38
16/10/2010,17.28
17/10/2010,16.27
18/10/2010,15.41
19/10/2010,14.63
20/10/2010,13.87
21/10/2010,13.15
22/10/2010,12.49
23/10/2010,11.87
24/10/2010,41.79
25/10/2010,22.69
26/10/2010,20.72
27/10/2010,19.03
28/10/2010,17.57
29/10/2010,16.28
30/10/2010,15.15
31/10/2010,14.15
1/11/2010,13.26
2/11/2010,12.46
3/11/2010,11.74
4/11/2010,11.09
5/11/2010,10.49
6/11/2010,9.95
7/11/2010,9.45
8/11/2010,9
9/11/2010,8.57
10/11/2010,8.18
11/11/2010,7.82
12/11/2010,7.49
13/11/2010,7.18
14/11/2010,6.89
15/11/2010,6.62
16/11/2010,6.37
17/11/2010,6.13
18/11/2010,5.91
19/11/2010,5.7
20/11/2010,5.5
21/11/2010,5.31
22/11/2010,5.13
23/11/2010,4.97
24/11/2010,4.81
25/11/2010,4.66
26/11/2010,4.52
27/11/2010,4.38
28/11/2010,4.25
29/11/2010,4.13
30/11/2010,4.01
1/12/2010,3.9
2/12/2010,3.8
3/12/2010,3.7
4/12/2010,3.6
5/12/2010,3.51
6/12/2010,3.42
7/12/2010,3.33
8/12/2010,5.48
9/12/2010,4.97
10/12/2010,5.26
11/12/2010,4.69
12/12/2010,4
13/12/2010,3.89
14/12/2010,3.78
15/12/2010,3.68
16/12/2010,3.59
17/12/2010,3.5
18/12/2010,3.41
19/12/2010,3.33
20/12/2010,3.25
21/12/2010,3.17
22/12/2010,3.1
23/12/2010,3.03
24/12/2010,2.96
25/12/2010,2.89
26/12/2010,2.83
27/12/2010,2.77
28/12/2010,2.71
29/12/2010,2.65
30/12/2010,2.6
31/12/2010,2.55
1/01/2011,2.5
2/01/2011,2.45
3/01/2011,2.4
4/01/2011,2.36
5/01/2011,2.31
6/01/2011,2.27
7/01/2011,2.23
8/01/2011,2.19
9/01/2011,2.15
10/01/2011,2.11
11/01/2011,2.07
12/01/2011,2.04
13/01/2011,2
14/01/2011,1.97
15/01/2011,1.94
16/01/2011,1.91
17/01/2011,1.88
18/01/2011,1.85
19/01/2011,1.82
20/01/2011,1.79
21/01/2011,1.76
22/01/2011,1.74
23/01/2011,1.71
24/01/2011,1.69
25/01/2011,1.66
26/01/2011,1.64
27/01/2011,1.62
28/01/2011,1.59
29/01/2011,1.57
30/01/2011,1.55
31/01/2011,1.53
1/02/2011,1.51
2/02/2011,1.49
3/02/2011,1.47
4/02/2011,1.45
5/02/2011,1.43
6/02/2011,1.41
7/02/2011,1.39
8/02/2011,1.38
9/02/2011,1.36
10/02/2011,1.34
11/02/2011,1.33
12/02/2011,1.31
13/02/2011,1.3
14/02/2011,1.28
15/02/2011,1.27
16/02/2011,1.25
17/02/2011,1.24
18/02/2011,1.22
19/02/2011,1.21
20/02/2011,1.2
21/02/2011,1.18
22/02/2011,1.17
23/02/2011,1.16
24/02/2011,1.14
25/02/2011,1.13
26/02/2011,1.12
27/02/2011,1.11
28/02/2011,1.1
1/03/2011,1.09
2/03/2011,1.07
3/03/2011,1.06
4/03/2011,1.05
5/03/2011,1.04
6/03/2011,1.03
7/03/2011,1.02
8/03/2011,1.01
9/03/2011,1
10/03/2011,0.99
11/03/2011,0.98
12/03/2011,0.97
13/03/2011,0.96
14/03/2011,0.96
15/03/2011,0.95
16/03/2011,0.94
17/03/2011,0.93
18/03/2011,0.92
19/03/2011,0.91
20/03/2011,0.9
21/03/2011,0.9
22/03/2011,0.89
23/03/2011,0.88
24/03/2011,0.87
25/03/2011,0.87
26/03/2011,0.86
27/03/2011,0.86
28/03/2011,0.84
29/03/2011,0.84
30/03/2011,0.83
31/03/2011,0.82
1/04/2011,0.82
2/04/2011,0.81
3/04/2011,0.8
4/04/2011,0.8
5/04/2011,0.79
6/04/2011,0.78
7/04/2011,0.78
8/04/2011,0.77
9/04/2011,0.77
10/04/2011,0.76
11/04/2011,0.75
12/04/2011,0.75
13/04/2011,0.74
14/04/2011,0.74
15/04/2011,0.73
16/04/2011,0.83
17/04/2011,0.73
18/04/2011,0.72
19/04/2011,0.72
20/04/2011,0.71
21/04/2011,0.71
22/04/2011,0.7
23/04/2011,0.7
24/04/2011,0.69
25/04/2011,0.69
26/04/2011,0.68
27/04/2011,0.68
28/04/2011,0.79
29/04/2011,0.67
30/04/2011,0.67
1/05/2011,0.66
2/05/2011,0.66
3/05/2011,0.65
4/05/2011,0.65
5/05/2011,0.65
6/05/2011,0.64
7/05/2011,0.64
8/05/2011,0.67
9/05/2011,0.63
10/05/2011,0.63
11/05/2011,0.62
12/05/2011,0.62
13/05/2011,0.61
14/05/2011,0.61
15/05/2011,0.61
16/05/2011,0.6
17/05/2011,0.6
18/05/2011,0.59
19/05/2011,0.59
20/05/2011,0.59
21/05/2011,0.58
22/05/2011,1.74
23/05/2011,0.64
24/05/2011,0.64
25/05/2011,0.63
26/05/2011,0.63
27/05/2011,0.68
28/05/2011,1.68
29/05/2011,0.68
30/05/2011,0.67
31/05/2011,0.67
1/06/2011,0.66
2/06/2011,0.66
3/06/2011,0.66
4/06/2011,0.65
5/06/2011,0.65
6/06/2011,0.64
7/06/2011,2.69
8/06/2011,0.76
9/06/2011,0.75
10/06/2011,0.75
11/06/2011,0.74
12/06/2011,0.74
13/06/2011,5.83
14/06/2011,1.11
15/06/2011,1.09
16/06/2011,1.08
17/06/2011,1.07
18/06/2011,5.11
19/06/2011,3.32
20/06/2011,4.17
21/06/2011,3.48
22/06/2011,2.08
23/06/2011,2.04
24/06/2011,2.01
25/06/2011,1.98
26/06/2011,1.95
27/06/2011,1.91
28/06/2011,1.88
29/06/2011,1.86
30/06/2011,1.83
1/07/2011,3.35
2/07/2011,9
3/07/2011,5.6
4/07/2011,3.37
5/07/2011,9.03
6/07/2011,4.34
7/07/2011,73.94
8/07/2011,29.15
9/07/2011,25.8
10/07/2011,23.09
11/07/2011,20.85
12/07/2011,18.98
13/07/2011,17.4
14/07/2011,16.03
15/07/2011,23.86
16/07/2011,17.32
17/07/2011,15.98
18/07/2011,64.96
19/07/2011,43.7
20/07/2011,101.83
21/07/2011,358.64
22/07/2011,179.6
23/07/2011,127.39
24/07/2011,170.68
25/07/2011,226.08
26/07/2011,211.33
27/07/2011,120.76
28/07/2011,87.55
29/07/2011,68.62
30/07/2011,56.41
31/07/2011,47.89
1/08/2011,41.61
2/08/2011,36.78
3/08/2011,32.94
4/08/2011,161.46
5/08/2011,91.18
6/08/2011,128.67
7/08/2011,82.9
8/08/2011,65.79
9/08/2011,58.51
10/08/2011,48.76
11/08/2011,238.08
12/08/2011,225.95
13/08/2011,126.2
14/08/2011,1144.92
15/08/2011,1208.07
16/08/2011,271.19
17/08/2011,349.23
18/08/2011,336.16
19/08/2011,933.35
20/08/2011,464.98
21/08/2011,444.28
22/08/2011,216.75
23/08/2011,145.13
24/08/2011,112.17
25/08/2011,92.79
26/08/2011,80.43
27/08/2011,615.54
28/08/2011,1082.67
29/08/2011,288.74
30/08/2011,916.42
31/08/2011,264.24
1/09/2011,235.01
2/09/2011,199.34
3/09/2011,688.38
4/09/2011,463.25
5/09/2011,602.51
6/09/2011,319.77
7/09/2011,723.36
8/09/2011,2280.63
9/09/2011,322.14
10/09/2011,195.61
11/09/2011,1432.16
12/09/2011,303.4
13/09/2011,187.04
14/09/2011,140.16
15/09/2011,161.29
16/09/2011,120.28
17/09/2011,1181.48
18/09/2011,288.38
19/09/2011,176.41
20/09/2011,131.07
21/09/2011,338.73
22/09/2011,173.96
23/09/2011,1385.95
24/09/2011,2527.57
25/09/2011,2174.16
26/09/2011,355.02
27/09/2011,203.72
28/09/2011,149.79
29/09/2011,121.4
30/09/2011,103.48
1/10/2011,90.61
2/10/2011,80.74
3/10/2011,72.77
4/10/2011,66.12
5/10/2011,60.43
6/10/2011,55.47
7/10/2011,51.1
8/10/2011,47.2
9/10/2011,43.71
10/10/2011,41.05
11/10/2011,38.36
12/10/2011,35.87
13/10/2011,33.56
14/10/2011,31.41
15/10/2011,29.43
16/10/2011,27.59
17/10/2011,25.89
18/10/2011,24.31
19/10/2011,22.85
20/10/2011,21.5
21/10/2011,20.24
22/10/2011,19.08
23/10/2011,22.2
24/10/2011,18.83
25/10/2011,17.73
26/10/2011,16.72
27/10/2011,15.79
28/10/2011,14.92
29/10/2011,14.12
30/10/2011,13.37
31/10/2011,12.68
1/11/2011,12.05
2/11/2011,11.47
3/11/2011,10.92
4/11/2011,10.42
5/11/2011,9.94
6/11/2011,9.5
7/11/2011,9.09
8/11/2011,8.7
9/11/2011,8.34
10/11/2011,8
11/11/2011,7.68
12/11/2011,7.38
13/11/2011,7.1
14/11/2011,6.83
15/11/2011,6.58
16/11/2011,6.34
17/11/2011,6.12
18/11/2011,5.9
19/11/2011,5.7
20/11/2011,5.51
21/11/2011,5.33
22/11/2011,5.16
23/11/2011,5
24/11/2011,4.84
25/11/2011,4.69
26/11/2011,4.55
27/11/2011,4.42
28/11/2011,4.29
29/11/2011,4.17
30/11/2011,4.05
1/12/2011,3.94
2/12/2011,3.84
3/12/2011,3.74
4/12/2011,3.64
5/12/2011,3.55
6/12/2011,3.46
7/12/2011,3.37
8/12/2011,3.29
9/12/2011,3.21
10/12/2011,3.14
11/12/2011,3.07
12/12/2011,3
13/12/2011,2.93
14/12/2011,2.87
15/12/2011,2.8
16/12/2011,2.75
17/12/2011,2.69
18/12/2011,2.63
19/12/2011,2.58
20/12/2011,2.53
21/12/2011,2.48
22/12/2011,2.43
23/12/2011,2.38
24/12/2011,2.34
25/12/2011,2.3
26/12/2011,2.25
27/12/2011,2.21
28/12/2011,2.17
29/12/2011,2.13
30/12/2011,2.1
31/12/2011,2.06
1/01/2012,2.03
2/01/2012,1.99
3/01/2012,1.96
4/01/2012,1.93
5/01/2012,1.9
6/01/2012,1.87
7/01/2012,50.57
8/01/2012,15.18
9/01/2012,49.68
10/01/2012,59.57
11/01/2012,84.96
12/01/2012,54.34
13/01/2012,44.63
14/01/2012,37.73
15/01/2012,32.58
16/01/2012,28.6
17/01/2012,25.44
18/01/2012,22.86
19/01/2012,20.73
20/01/2012,18.93
21/01/2012,17.4
22/01/2012,16.07
23/01/2012,14.92
24/01/2012,13.9
25/01/2012,13
26/01/2012,12.2
27/01/2012,11.48
28/01/2012,10.83
29/01/2012,23.05
30/01/2012,14.19
31/01/2012,13.25
1/02/2012,12.4
2/02/2012,11.65
3/02/2012,10.97
4/02/2012,10.35
5/02/2012,9.79
6/02/2012,9.28
7/02/2012,8.82
8/02/2012,8.39
9/02/2012,8
10/02/2012,7.63
11/02/2012,7.3
12/02/2012,6.98
13/02/2012,6.7
14/02/2012,6.43
15/02/2012,6.17
16/02/2012,11.31
17/02/2012,7.13
18/02/2012,6.83
19/02/2012,6.55
20/02/2012,6.29
21/02/2012,6.04
22/02/2012,5.82
23/02/2012,5.6
24/02/2012,5.4
25/02/2012,5.21
26/02/2012,5.03
27/02/2012,4.87
28/02/2012,4.71
29/02/2012,4.56
1/03/2012,4.42
2/03/2012,4.28
3/03/2012,4.16
4/03/2012,4.04
5/03/2012,3.92
6/03/2012,3.81
7/03/2012,3.71
8/03/2012,3.61
9/03/2012,3.51
10/03/2012,3.42
11/03/2012,3.34
12/03/2012,3.26
13/03/2012,3.18
14/03/2012,3.1
15/03/2012,3.03
16/03/2012,2.96
17/03/2012,2.89
18/03/2012,2.83
19/03/2012,2.77
20/03/2012,2.71
21/03/2012,2.65
22/03/2012,2.6
23/03/2012,2.54
24/03/2012,2.49
25/03/2012,2.44
26/03/2012,2.4
27/03/2012,2.35
28/03/2012,2.31
29/03/2012,2.26
30/03/2012,2.22
31/03/2012,2.18
1/04/2012,2.14
2/04/2012,2.1
3/04/2012,2.07
4/04/2012,2.03
5/04/2012,2
6/04/2012,1.99
7/04/2012,1.94
8/04/2012,1.91
9/04/2012,1.88
10/04/2012,1.85
11/04/2012,1.82
12/04/2012,1.79
13/04/2012,1.76
14/04/2012,1.74
15/04/2012,1.71
16/04/2012,1.68
17/04/2012,1.66
18/04/2012,1.64
19/04/2012,1.61
20/04/2012,1.59
21/04/2012,1.57
22/04/2012,1.55
23/04/2012,1.53
24/04/2012,1.51
25/04/2012,1.49
26/04/2012,1.47
27/04/2012,1.45
28/04/2012,1.43
29/04/2012,1.41
30/04/2012,1.39
1/05/2012,1.38
2/05/2012,1.36
3/05/2012,1.34
4/05/2012,1.33
5/05/2012,1.31
6/05/2012,1.29
7/05/2012,1.28
8/05/2012,1.26
9/05/2012,1.25
10/05/2012,1.23
11/05/2012,1.22
12/05/2012,1.21
13/05/2012,1.19
14/05/2012,1.18
15/05/2012,1.17
16/05/2012,1.15
17/05/2012,1.14
18/05/2012,1.13
19/05/2012,1.12
20/05/2012,1.11
21/05/2012,1.1
22/05/2012,1.08
23/05/2012,1.07
24/05/2012,1.06
25/05/2012,1.05
26/05/2012,1.04
27/05/2012,1.03
28/05/2012,1.02
29/05/2012,1.01
30/05/2012,1
31/05/2012,0.99
1/06/2012,0.98
2/06/2012,0.97
3/06/2012,0.96
4/06/2012,0.96
5/06/2012,0.95
6/06/2012,0.94
7/06/2012,0.93
8/06/2012,0.92
9/06/2012,0.91
10/06/2012,0.9
11/06/2012,0.9
12/06/2012,0.89
13/06/2012,0.88
14/06/2012,0.87
15/06/2012,0.87
16/06/2012,0.86
17/06/2012,1.06
18/06/2012,0.86
19/06/2012,2.75
20/06/2012,0.99
21/06/2012,1.29
22/06/2012,11.24
23/06/2012,10.92
24/06/2012,5.03
25/06/2012,3.65
26/06/2012,3.56
27/06/2012,3.47
28/06/2012,3.39
29/06/2012,3.31
30/06/2012,3.23
1/07/2012,3.16
2/07/2012,14.97
3/07/2012,9.97
4/07/2012,13.28
5/07/2012,35.25
6/07/2012,90.13
7/07/2012,72.52
8/07/2012,52.52
9/07/2012,43.26
10/07/2012,104.49
11/07/2012,62.7
12/07/2012,50.61
13/07/2012,42.27
14/07/2012,36.19
15/07/2012,74.84
16/07/2012,393.48
17/07/2012,159.39
18/07/2012,104.63
19/07/2012,217.93
20/07/2012,135.67
21/07/2012,298.27
22/07/2012,157.43
23/07/2012,173.02
24/07/2012,107.07
25/07/2012,81.22
26/07/2012,828.48
27/07/2012,233.67
28/07/2012,140.23
29/07/2012,100.99
30/07/2012,252.22
31/07/2012,848.21
1/08/2012,242.86
2/08/2012,321.28
3/08/2012,163.41
4/08/2012,241.47
5/08/2012,402.08
6/08/2012,290.8
7/08/2012,279.51
8/08/2012,407.48
9/08/2012,188.62
10/08/2012,2273.07
11/08/2012,571.01
12/08/2012,496.79
13/08/2012,903.16
14/08/2012,376.81
15/08/2012,252.59
16/08/2012,689.51
17/08/2012,247.24
18/08/2012,164.08
19/08/2012,1236.17
20/08/2012,289.06
21/08/2012,1611.04
22/08/2012,887.77
23/08/2012,274.67
24/08/2012,175.37
25/08/2012,288.35
26/08/2012,584.63
27/08/2012,248.61
28/08/2012,163.56
29/08/2012,126.23
30/08/2012,104.75
31/08/2012,164.47
1/09/2012,114.84
2/09/2012,273.5
3/09/2012,930.56
4/09/2012,329.4
5/09/2012,182.88
6/09/2012,474.07
7/09/2012,483.37
8/09/2012,213.24
9/09/2012,265.29
10/09/2012,475.9
11/09/2012,930.4
12/09/2012,336.27
13/09/2012,441.33
14/09/2012,206.25
15/09/2012,144.17
16/09/2012,129.18
17/09/2012,103.67
18/09/2012,89.29
19/09/2012,78.76
20/09/2012,81.98
21/09/2012,370.9
22/09/2012,173.71
23/09/2012,123.08
24/09/2012,96.62
25/09/2012,80.25
26/09/2012,68.99
27/09/2012,60.68
28/09/2012,54.22
29/09/2012,49.15
30/09/2012,44.87
1/10/2012,41.5
2/10/2012,38.59
3/10/2012,36.06
4/10/2012,34.03
5/10/2012,49.8
6/10/2012,38.83
7/10/2012,35.62
8/10/2012,32.83
9/10/2012,37.12
10/10/2012,91.84
11/10/2012,167.96
12/10/2012,97.52
13/10/2012,366.51
14/10/2012,161.16
15/10/2012,108.66
16/10/2012,81.93
17/10/2012,65.77
18/10/2012,54.93
19/10/2012,47.13
20/10/2012,41.22
21/10/2012,36.58
22/10/2012,32.83
23/10/2012,29.72
24/10/2012,27.09
25/10/2012,24.84
26/10/2012,22.89
27/10/2012,21.19
28/10/2012,19.68
29/10/2012,18.33
30/10/2012,17.13
31/10/2012,16.05
1/11/2012,15.08
2/11/2012,18.62
3/11/2012,77.65
4/11/2012,41.59
5/11/2012,35.89
6/11/2012,31.48
7/11/2012,27.99
8/11/2012,31.08
9/11/2012,25.46
10/11/2012,23.08
11/11/2012,21.07
12/11/2012,19.36
13/11/2012,17.88
14/11/2012,16.59
15/11/2012,15.45
16/11/2012,14.44
17/11/2012,13.54
18/11/2012,12.73
19/11/2012,12
20/11/2012,11.34
21/11/2012,10.73
22/11/2012,10.18
23/11/2012,9.67
24/11/2012,9.21
25/11/2012,8.78
26/11/2012,8.38
27/11/2012,8.01
28/11/2012,7.66
29/11/2012,7.34
30/11/2012,7.04
1/12/2012,6.77
2/12/2012,6.5
3/12/2012,6.26
4/12/2012,6.03
5/12/2012,5.81
6/12/2012,5.61
7/12/2012,5.42
8/12/2012,5.24
9/12/2012,5.07
10/12/2012,4.91
11/12/2012,4.75
12/12/2012,4.61
13/12/2012,4.47
14/12/2012,4.34
15/12/2012,4.21
16/12/2012,4.09
17/12/2012,3.98
18/12/2012,3.87
19/12/2012,3.77
20/12/2012,3.67
21/12/2012,3.57
22/12/2012,3.48
23/12/2012,3.4
24/12/2012,3.31
25/12/2012,3.23
26/12/2012,3.16
27/12/2012,3.08
28/12/2012,3.01
29/12/2012,2.95
30/12/2012,2.88
31/12/2012,2.82
1/01/2013,2.76
2/01/2013,2.7
3/01/2013,3.27
4/01/2013,2.69
5/01/2013,2.63
6/01/2013,2.58
7/01/2013,2.53
8/01/2013,2.48
9/01/2013,2.43
10/01/2013,2.38
11/01/2013,2.34
12/01/2013,2.29
13/01/2013,2.25
14/01/2013,2.21
15/01/2013,2.17
16/01/2013,2.13
17/01/2013,2.1
18/01/2013,2.06
19/01/2013,2.03
20/01/2013,1.99
21/01/2013,1.96
22/01/2013,1.93
23/01/2013,1.9
24/01/2013,1.87
25/01/2013,1.84
26/01/2013,1.81
27/01/2013,1.78
28/01/2013,1.75
29/01/2013,1.73
30/01/2013,1.7
31/01/2013,1.68
1/02/2013,1.65
2/02/2013,1.63
3/02/2013,1.61
4/02/2013,1.58
5/02/2013,1.56
6/02/2013,1.54
7/02/2013,1.52
8/02/2013,1.5
9/02/2013,1.48
10/02/2013,1.46
11/02/2013,1.44
12/02/2013,1.42
13/02/2013,1.41
14/02/2013,1.39
15/02/2013,1.37
16/02/2013,1.35
17/02/2013,1.34
18/02/2013,1.32
19/02/2013,1.31
20/02/2013,1.29
21/02/2013,1.27
22/02/2013,1.26
23/02/2013,1.25
24/02/2013,1.23
25/02/2013,1.22
26/02/2013,1.2
27/02/2013,1.19
28/02/2013,1.18
1/03/2013,1.16
2/03/2013,1.15
3/03/2013,1.14
4/03/2013,1.13
5/03/2013,1.12
6/03/2013,1.1
7/03/2013,1.09
8/03/2013,1.08
9/03/2013,1.07
10/03/2013,1.06
11/03/2013,1.05
12/03/2013,1.04
13/03/2013,1.03
14/03/2013,1.02
15/03/2013,1.01
16/03/2013,1
17/03/2013,0.99
18/03/2013,0.98
19/03/2013,0.97
20/03/2013,0.96
21/03/2013,0.95
22/03/2013,0.94
23/03/2013,0.93
24/03/2013,0.93
25/03/2013,0.92
26/03/2013,0.91
27/03/2013,0.9
28/03/2013,0.89
29/03/2013,0.89
30/03/2013,0.88
31/03/2013,0.87
1/04/2013,0.86
2/04/2013,0.86
3/04/2013,0.93
4/04/2013,0.85
5/04/2013,0.84
6/04/2013,0.83
7/04/2013,0.83
8/04/2013,0.82
9/04/2013,0.81
10/04/2013,0.81
11/04/2013,0.8
12/04/2013,0.79
13/04/2013,0.79
14/04/2013,0.78
15/04/2013,0.77
16/04/2013,0.77
17/04/2013,0.76
18/04/2013,0.76
19/04/2013,0.75
20/04/2013,0.74
21/04/2013,0.74
22/04/2013,0.73
23/04/2013,0.73
24/04/2013,0.72
25/04/2013,0.72
26/04/2013,0.71
27/04/2013,0.71
28/04/2013,0.7
29/04/2013,0.7
30/04/2013,0.69
1/05/2013,0.69
2/05/2013,0.68
3/05/2013,0.68
4/05/2013,0.67
5/05/2013,0.67
6/05/2013,0.68
7/05/2013,0.66
8/05/2013,0.65
9/05/2013,0.65
10/05/2013,0.65
11/05/2013,0.64
12/05/2013,0.64
13/05/2013,0.63
14/05/2013,0.63
15/05/2013,0.62
16/05/2013,0.62
17/05/2013,0.62
18/05/2013,0.61
19/05/2013,0.61
20/05/2013,0.6
21/05/2013,0.6
22/05/2013,0.6
23/05/2013,0.59
24/05/2013,0.59
25/05/2013,0.58
26/05/2013,0.58
27/05/2013,0.58
28/05/2013,0.57
29/05/2013,0.57
30/05/2013,0.57
31/05/2013,0.56
1/06/2013,0.56
2/06/2013,0.56
3/06/2013,0.55
4/06/2013,0.55
5/06/2013,0.55
6/06/2013,0.54
7/06/2013,0.54
8/06/2013,0.54
9/06/2013,0.53
10/06/2013,0.54
11/06/2013,0.53
12/06/2013,0.54
13/06/2013,0.52
14/06/2013,0.52
15/06/2013,0.71
16/06/2013,0.52
17/06/2013,7.42
18/06/2013,0.95
19/06/2013,0.94
20/06/2013,0.93
21/06/2013,0.92
22/06/2013,8.03
23/06/2013,1.57
24/06/2013,5.48
25/06/2013,6.8
26/06/2013,2.66
27/06/2013,2.61
28/06/2013,2.57
29/06/2013,2.52
30/06/2013,2.47
1/07/2013,19.31
2/07/2013,5.72
3/07/2013,5.53
4/07/2013,5.35
5/07/2013,15.13
6/07/2013,7.6
7/07/2013,7.29
8/07/2013,6.99
9/07/2013,6.72
10/07/2013,6.46
11/07/2013,34.76
12/07/2013,78.04
13/07/2013,45.05
14/07/2013,168.97
15/07/2013,129.59
16/07/2013,221.44
17/07/2013,930.28
18/07/2013,238.87
19/07/2013,138.77
20/07/2013,163.25
21/07/2013,105.77
22/07/2013,90.82
23/07/2013,70.33
24/07/2013,61.16
25/07/2013,873.23
26/07/2013,323.36
27/07/2013,255.46
28/07/2013,162.22
29/07/2013,127.68
30/07/2013,807.19
31/07/2013,1351.88
1/08/2013,284.12
2/08/2013,319.92
3/08/2013,171.23
4/08/2013,123.86
5/08/2013,98.69
6/08/2013,83.77
7/08/2013,73.15
8/08/2013,661.17
9/08/2013,765.17
10/08/2013,245.19
11/08/2013,154.2
12/08/2013,537.33
13/08/2013,212.64
14/08/2013,141.71
15/08/2013,109.03
16/08/2013,89.76
17/08/2013,77.47
18/08/2013,519.8
19/08/2013,283.68
20/08/2013,627.65
21/08/2013,902.76
22/08/2013,261.91
23/08/2013,162.29
24/08/2013,120.53
25/08/2013,97.5
26/08/2013,82.76
27/08/2013,72.38
28/08/2013,65.02
29/08/2013,119.99
30/08/2013,83.73
31/08/2013,71.62
1/09/2013,62.72
2/09/2013,56.38
3/09/2013,52.36
4/09/2013,139
5/09/2013,87.29
6/09/2013,71.91
7/09/2013,61.36
8/09/2013,53.75
9/09/2013,88.77
10/09/2013,63.05
11/09/2013,54.42
12/09/2013,47.88
13/09/2013,218.65
14/09/2013,114.04
15/09/2013,85.41
16/09/2013,68.4
17/09/2013,57.12
18/09/2013,49.06
19/09/2013,53.85
20/09/2013,272.77
21/09/2013,172.7
22/09/2013,305.72
23/09/2013,150.6
24/09/2013,104.83
25/09/2013,80.62
26/09/2013,65.66
27/09/2013,55.47
28/09/2013,60.09
29/09/2013,48.45
30/09/2013,42.81
1/10/2013,55.82
2/10/2013,254.32
3/10/2013,130.7
4/10/2013,93.32
5/10/2013,73.18
6/10/2013,60.3
7/10/2013,51.24
8/10/2013,44.61
9/10/2013,39.43
10/10/2013,275.65
11/10/2013,129.03
12/10/2013,92.07
13/10/2013,709.79
14/10/2013,241.17
15/10/2013,140.76
16/10/2013,100.1
17/10/2013,77.83
18/10/2013,63.76
19/10/2013,54.02
20/10/2013,46.85
21/10/2013,41.32
22/10/2013,176.21
23/10/2013,115.78
24/10/2013,82.97
25/10/2013,238.54
26/10/2013,124.45
27/10/2013,417.99
28/10/2013,174.95
29/10/2013,115.51
30/10/2013,86.28
31/10/2013,68.93
1/11/2013,57.5
2/11/2013,49.37
3/11/2013,43.27
4/11/2013,38.5
5/11/2013,34.66
6/11/2013,31.49
7/11/2013,28.81
8/11/2013,26.52
9/11/2013,24.54
10/11/2013,22.79
11/11/2013,21.25
12/11/2013,19.87
13/11/2013,18.63
14/11/2013,17.51
15/11/2013,16.49
16/11/2013,15.56
17/11/2013,14.71
18/11/2013,13.93
19/11/2013,13.21
20/11/2013,12.54
21/11/2013,11.92
22/11/2013,11.35
23/11/2013,10.82
24/11/2013,10.32
25/11/2013,9.86
26/11/2013,9.42
27/11/2013,9.02
28/11/2013,8.64
29/11/2013,8.28
30/11/2013,7.95
1/12/2013,7.63
2/12/2013,7.34
3/12/2013,7.06
4/12/2013,6.8
5/12/2013,6.55
6/12/2013,6.32
7/12/2013,6.1
8/12/2013,5.89
9/12/2013,5.69
10/12/2013,5.51
11/12/2013,5.33
12/12/2013,5.16
13/12/2013,5
14/12/2013,4.85
15/12/2013,4.7
16/12/2013,4.56
17/12/2013,4.43
18/12/2013,4.3
19/12/2013,4.18
20/12/2013,4.07
21/12/2013,3.96
22/12/2013,3.85
23/12/2013,3.75
24/12/2013,3.66
25/12/2013,3.56
26/12/2013,3.48
27/12/2013,3.39
28/12/2013,3.31
29/12/2013,3.23
30/12/2013,3.16
31/12/2013,3.08
