Date,Flow
2007-01-01,0.0
2007-01-02,0.0
2007-01-03,0.0
2007-01-04,2.27049800519824
2007-01-05,7.7598238053596e-05
2007-01-06,6.519951395983903e-05
2007-01-07,5.315530737112257e-05
2007-01-08,4.401766765223464e-05
2007-01-09,4.3758872612092403e-05
2007-01-10,3.763764570597224e-05
2007-01-11,2.772471907009088e-05
2007-01-12,1.5041181900491682e-05
2007-01-13,4.78167779587108e-06
2007-01-14,6.978092150641672e-07
2007-01-15,0.0
2007-01-16,0.0
2007-01-17,0.0741541388435796
2007-01-18,0.13058988837917201
2007-01-19,7.600823238703481e-06
2007-01-20,0.0
2007-01-21,0.0
2007-01-22,0.0
2007-01-23,0.0
2007-01-24,0.0
2007-01-25,0.0
2007-01-26,0.0
2007-01-27,0.0
2007-01-28,0.5472458702477568
2007-01-29,7.65328398657324e-06
2007-01-30,0.0
2007-01-31,0.0
2007-02-01,0.0
2007-02-02,0.0
2007-02-03,0.0
2007-02-04,0.0
2007-02-05,0.0
2007-02-06,0.0
2007-02-07,0.0
2007-02-08,0.0
2007-02-09,0.0
2007-02-10,0.0
2007-02-11,0.0
2007-02-12,0.0
2007-02-13,0.0
2007-02-14,0.0
2007-02-15,0.0
2007-02-16,0.1345584691634832
2007-02-17,0.0
2007-02-18,0.0
2007-02-19,0.0
2007-02-20,0.0
2007-02-21,289.2647873559688
2007-02-22,140.536408504836
2007-02-23,0.4384067396807632
2007-02-24,0.36983668390591284
2007-02-25,0.29251237033269123
2007-02-26,0.2246805607077064
2007-02-27,0.1813130168157064
2007-02-28,0.1462650461669408
2007-03-01,0.10824139692616959
2007-03-02,0.09445422233726802
2007-03-03,0.0816907457451888
2007-03-04,0.06449492652936305
2007-03-05,0.05022127514016969
2007-03-06,0.0420252615816864
2007-03-07,0.03396225041623168
2007-03-08,64.91019649460144
2007-03-09,282.2711300712392
2007-03-10,0.5026064254603928
2007-03-11,0.4632378170282048
2007-03-12,0.39215807629071925
2007-03-13,0.32740707472488967
2007-03-14,0.2791232145954112
2007-03-15,0.2315089934080632
2007-03-16,0.197478810989276
2007-03-17,0.16737070097110482
2007-03-18,0.14994464761577841
2007-03-19,0.1289797449224592
2007-03-20,42.79496319854144
2007-03-21,0.16917764323334483
2007-03-22,0.14762636203409282
2007-03-23,2.1896131761767923
2007-03-24,0.13671670626778723
2007-03-25,0.11943721888266878
2007-03-26,0.1166542628825344
2007-03-27,0.0980085195365696
2007-03-28,109.49357411952002
2007-03-29,2448.034847059483
2007-03-30,6.60080082114456
2007-03-31,5.99789786653592
2007-04-01,5.5797213254711195
2007-04-02,19.09157514665856
2007-04-03,5.048403281368312
2007-04-04,4.558350660908096
2007-04-05,3.955492090373353
2007-04-06,3.414350579383384
2007-04-07,3.142384081656008
2007-04-08,3.0735056176281446
2007-04-09,2.811140876248952
2007-04-10,2.614456752404824
2007-04-11,2.4373543627130885
2007-04-12,2.167560275542472
2007-04-13,2.059067209883752
2007-04-14,439.2513084483025
2007-04-15,3.7469653729306085
2007-04-16,3.532782050223808
2007-04-17,3.453512555538
2007-04-18,3.3124692523012884
2007-04-19,3.144181055092872
2007-04-20,3.045856249341312
2007-04-21,2.946110033090104
2007-04-22,2.8691688738675682
2007-04-23,2.7409897491779445
2007-04-24,2.729435300861016
2007-04-25,2.6725270663949363
2007-04-26,2.61290298210616
2007-04-27,2.524309278222128
2007-04-28,2.484078813425528
2007-04-29,2.4222206429102804
2007-04-30,2.3827251388579525
2007-05-01,2.3454771150403926
2007-05-02,204.4044100991544
2007-05-03,6.471595580946135
2007-05-04,3.229351908444536
2007-05-05,3.1591437073076643
2007-05-06,3.1103877602816965
2007-05-07,3.091837739779288
2007-05-08,3.051957941240344
2007-05-09,3.02858175733552
2007-05-10,70.64120030018337
2007-05-11,3.355549955926
2007-05-12,3.335101806068536
2007-05-13,3.288882174735992
2007-05-14,3.255053990098768
2007-05-15,3.227421780057832
2007-05-16,3.214631432754184
2007-05-17,45.673782298266566
2007-05-18,3.425492580673504
2007-05-19,3.3872095432468643
2007-05-20,3.3326717156789125
2007-05-21,3.269865720993984
2007-05-22,3.235317770512312
2007-05-23,375.32856251327684
2007-05-24,224.40729374321924
2007-05-25,7.389543145666632
2007-05-26,7.358966610142041
2007-05-27,7.3162792299154304
2007-05-28,7.202460156171
2007-05-29,7.151599645394279
2007-05-30,7.016058677221496
2007-05-31,23.732756604113202
2007-06-01,6.974482718325167
2007-06-02,6.828561780127561
2007-06-03,132.01070511500401
2007-06-04,7.869216507094127
2007-06-05,7.861914150212944
2007-06-06,7.837500739445841
2007-06-07,7.794478026366033
2007-06-08,7.7617614714569925
2007-06-09,7.729713757458033
2007-06-10,7.698317653289919
2007-06-11,7.650690011263959
2007-06-12,470.64596416087045
2007-06-13,89.1006522010336
2007-06-14,13.93722300083704
2007-06-15,13.7206309934672
2007-06-16,13.6837916116408
2007-06-17,13.565608342896802
2007-06-18,13.36243359639208
2007-06-19,13.243427157275683
2007-06-20,13.040272407289601
2007-06-21,302.00370564076724
2007-06-22,17.31410312444536
2007-06-23,17.25639546537736
2007-06-24,17.2293207784
2007-06-25,17.0260985339428
2007-06-26,16.95628822237056
2007-06-27,676.0433086073065
2007-06-28,30.169063196842803
2007-06-29,29.531640274696237
2007-06-30,29.147248081524562
2007-07-01,28.833618833527282
2007-07-02,28.36344499842737
2007-07-03,151.8956749998176
2007-07-04,449.6223544918864
2007-07-05,42.883263532417374
2007-07-06,189.442004566
2007-07-07,307.90673099245925
2007-07-08,738.8495073211968
2007-07-09,301.01089860877363
2007-07-10,154.82541193382323
2007-07-11,105.46424042536802
2007-07-12,104.70918337239439
2007-07-13,104.1284940266384
2007-07-14,103.36918198173281
2007-07-15,102.87644892097602
2007-07-16,102.2192249629752
2007-07-17,101.36216226616
2007-07-18,100.6472880476432
2007-07-19,100.15019990057041
2007-07-20,99.52043722529442
2007-07-21,99.0111415413864
2007-07-22,98.4989625152552
2007-07-23,97.90572859974961
2007-07-24,97.3101279044744
2007-07-25,96.8963745461312
2007-07-26,2723.325414763206
2007-07-27,259.59891318646163
2007-07-28,256.4810612585464
2007-07-29,253.53331139053762
2007-07-30,250.7614991839416
2007-07-31,3200.547802265803
2007-08-01,568.557684877156
2007-08-02,563.453756099116
2007-08-03,546.2098432835121
2007-08-04,534.0981295392664
2007-08-05,522.7523702981975
2007-08-06,510.4515876092168
2007-08-07,498.51590990881044
2007-08-08,487.20604758402163
2007-08-09,476.18730793141606
2007-08-10,466.43472651513923
2007-08-11,456.35996016616167
2007-08-12,445.5403226912192
2007-08-13,434.88267558616565
2007-08-14,425.04666015198967
2007-08-15,415.4874123473984
2007-08-16,2787.254725627372
2007-08-17,700.9286074933001
2007-08-18,679.0945258542209
2007-08-19,658.1041608116576
2007-08-20,638.2955705866784
2007-08-21,618.2722424322736
2007-08-22,598.5156917501497
2007-08-23,580.2436511111586
2007-08-24,563.1665276625489
2007-08-25,546.7291377219584
2007-08-26,531.228511240092
2007-08-27,516.1100394445536
2007-08-28,501.871649495136
2007-08-29,488.2572299749688
2007-08-30,475.3362744172256
2007-08-31,462.72940532452407
2007-09-01,450.5937389042264
2007-09-02,2815.699323211203
2007-09-03,1760.0837658399491
2007-09-04,829.0393377477681
2007-09-05,850.7224421212321
2007-09-06,780.1460963699113
2007-09-07,752.1782924799593
2007-09-08,725.0712046943264
2007-09-09,6083.2575362550315
2007-09-10,3151.5974994321837
2007-09-11,2459.531802134649
2007-09-12,2291.970959551295
2007-09-13,3679.8528989800384
2007-09-14,3101.514934130767
2007-09-15,4450.031809318348
2007-09-16,47619.87925921084
2007-09-17,21000.051021522762
2007-09-18,14447.760889937103
2007-09-19,11057.3617160875
2007-09-20,21469.074104467003
2007-09-21,12997.107853654323
2007-09-22,10300.329289180338
2007-09-23,8533.981307095475
2007-09-24,7286.880415494109
2007-09-25,6360.313739764392
2007-09-26,5647.564464063676
2007-09-27,5080.4150275676275
2007-09-28,4616.485009467925
2007-09-29,4230.826319259595
2007-09-30,3938.4263750434793
2007-10-01,3650.4352953842513
2007-10-02,16199.065622246213
2007-10-03,8631.90120635447
2007-10-04,188178.0698460245
2007-10-05,46914.44946309352
2007-10-06,28463.215674625826
2007-10-07,20575.80287425256
2007-10-08,16149.8923048859
2007-10-09,13306.622881060961
2007-10-10,16308.11579365936
2007-10-11,15543.395733316662
2007-10-12,12041.847087912733
2007-10-13,10262.757817051663
2007-10-14,8948.263666985808
2007-10-15,7894.255415085611
2007-10-16,7059.4670318887
2007-10-17,6391.079832889929
2007-10-18,8876.864001599606
2007-10-19,12311.037895843501
2007-10-20,8618.138263764899
2007-10-21,7639.950088054108
2007-10-22,6842.262729217488
2007-10-23,6193.721262525456
2007-10-24,5639.390886407972
2007-10-25,5545.831482422176
2007-10-26,4945.816626818804
2007-10-27,4584.701699051848
2007-10-28,4269.116910077768
2007-10-29,5027.439430204664
2007-10-30,4151.306054210415
2007-10-31,3877.613890500988
2007-11-01,3630.3035158582725
2007-11-02,3417.445900123475
2007-11-03,8481.504849341416
2007-11-04,5094.543426625368
2007-11-05,7338.398125476704
2007-11-06,5433.975992937613
2007-11-07,4973.677444272295
2007-11-08,4575.662491302694
2007-11-09,6476.965471586622
2007-11-10,4832.064494264062
2007-11-11,4451.235082995668
2007-11-12,4123.757863359233
2007-11-13,3831.9551021499556
2007-11-14,4192.15189281668
2007-11-15,3580.8995758157494
2007-11-16,3351.060774392133
2007-11-17,3147.9049259251
2007-11-18,2966.4067884384344
2007-11-19,2800.105549013201
2007-11-20,7574.452956646643
2007-11-21,4288.309060393568
2007-11-22,3966.0473887787066
2007-11-23,3684.387170585693
2007-11-24,3437.02594704403
2007-11-25,3218.337676604446
2007-11-26,3020.9365254468185
2007-11-27,2843.607742121212
2007-11-28,2682.202914698637
2007-11-29,2534.1212151176906
2007-11-30,2401.9177700230243
2007-12-01,2282.306844143887
2007-12-02,2172.4718726955534
2007-12-03,2070.8369248594504
2007-12-04,1977.4510731891964
2007-12-05,1891.8270471690703
2007-12-06,1811.8416495213432
2007-12-07,1737.820266700793
2007-12-08,1669.3066139374791
2007-12-09,1605.2550050506973
2007-12-10,1545.609282801441
2007-12-11,1489.919321133122
2007-12-12,1437.587402671761
2007-12-13,1680.137150853249
2007-12-14,1802.8540134623922
2007-12-15,1460.09823622311
2007-12-16,1410.042080608832
2007-12-17,1362.2682353244143
2007-12-18,1317.2795784578432
2007-12-19,1274.656962378041
2007-12-20,1233.8991648989502
2007-12-21,869.483224935672
2007-12-22,843.3463847014159
2007-12-23,818.371760720328
2007-12-24,794.6978352215433
2007-12-25,772.1611597549121
2007-12-26,750.6701356236936
2007-12-27,2348.4858670884714
2007-12-28,4185.869061941149
2007-12-29,1985.0677552183283
2007-12-30,1895.356158326543
2007-12-31,1811.9854492910833
2008-01-01,1735.1090918173984
2008-01-02,1663.0982281110782
2008-01-03,1596.8116175270932
2008-01-04,1636.5054245761103
2008-01-05,1503.86211420258
2008-01-06,1448.538129919881
2008-01-07,1397.236713482247
2008-01-08,2305.1769678448723
2008-01-09,1538.7190192805308
2008-01-10,1481.4887351434502
2008-01-11,1427.6853467324581
2008-01-12,1376.737023199153
2008-01-13,1328.9630059787512
2008-01-14,1284.179285339126
2008-01-15,1241.798467641391
2008-01-16,874.3667352495359
2008-01-17,847.3379860900161
2008-01-18,821.731373394512
2008-01-19,797.3309277864753
2008-01-20,774.0450618833904
2008-01-21,752.3051839734376
2008-01-22,731.507986806236
2008-01-23,711.5767426839543
2008-01-24,692.5925961709896
2008-01-25,674.5486505665376
2008-01-26,657.248031951756
2008-01-27,640.6556034338146
2008-01-28,624.8383293103944
2008-01-29,609.7271166044671
2008-01-30,595.3329123432385
2008-01-31,581.4534667235376
2008-02-01,1629.017594362906
2008-02-02,1571.7557893607902
2008-02-03,747.1809681756113
2008-02-04,726.0962089549721
2008-02-05,2505.6317879449452
2008-02-06,1270.676873065765
2008-02-07,10071.028147229259
2008-02-08,3881.006192503968
2008-02-09,3600.7938519428817
2008-02-10,3350.2637490838456
2008-02-11,20647.563522793243
2008-02-12,10356.453067691633
2008-02-13,22798.70858270247
2008-02-14,13952.807595582131
2008-02-15,11378.3241597927
2008-02-16,9551.59646248918
2008-02-17,8202.938754999099
2008-02-18,7166.162781059634
2008-02-19,6346.266588242053
2008-02-20,5676.489004027908
2008-02-21,5114.890833567153
2008-02-22,4654.540731727877
2008-02-23,4259.279149169473
2008-02-24,3922.157212956411
2008-02-25,3630.7148397872334
2008-02-26,3373.6514871642557
2008-02-27,3147.7103163918723
2008-02-28,3928.0658387232575
2008-02-29,3104.33106020862
2008-03-01,2910.0931906893115
2008-03-02,2736.198394970513
2008-03-03,2579.238139254678
2008-03-04,2437.2941992262386
2008-03-05,2309.0932245906033
2008-03-06,2192.139781435769
2008-03-07,2085.9122884851786
2008-03-08,1988.7483053935753
2008-03-09,2419.23608723247
2008-03-10,3404.1864797500784
2008-03-11,6149.584338438047
2008-03-12,3471.062815480799
2008-03-13,3237.490135624217
2008-03-14,3029.8811927423935
2008-03-15,2845.0516480594238
2008-03-16,2679.1911490561033
2008-03-17,2530.4119865671905
2008-03-18,2395.336326452949
2008-03-19,2272.521157700068
2008-03-20,2160.292974081792
2008-03-21,2057.7150499663785
2008-03-22,1963.58793018773
2008-03-23,1876.7685463429211
2008-03-24,1796.532136425576
2008-03-25,1721.148923730225
2008-03-26,1651.6945352831553
2008-03-27,1587.113089176483
2008-03-28,1526.947317381167
2008-03-29,1470.6351844429742
2008-03-30,3128.972352746427
2008-03-31,1807.3444485602004
2008-04-01,1817.861362447845
2008-04-02,1685.819584867814
2008-04-03,1619.481518869797
2008-04-04,1557.3141942589332
2008-04-05,1499.1185101510641
2008-04-06,3468.317883782818
2008-04-07,1924.617222174086
2008-04-08,1841.145056058088
2008-04-09,1764.0429640001191
2008-04-10,4248.791608160033
2008-04-11,5435.160768566068
2008-04-12,3258.015904001606
2008-04-13,3053.4562563312725
2008-04-14,2867.5101142570416
2008-04-15,2702.408521366565
2008-04-16,2554.8322420381314
2008-04-17,3098.0349004186123
2008-04-18,2512.164646618341
2008-04-19,2382.8242613837865
2008-04-20,2264.9345636071007
2008-04-21,2157.373677090962
2008-04-22,2057.8790912206564
2008-04-23,1967.73028735514
2008-04-24,1884.0724268999381
2008-04-25,1806.5654294240742
2008-04-26,1734.1145128508854
2008-04-27,1667.2352830561451
2008-04-28,1604.528091176791
2008-04-29,1546.1640482014213
2008-04-30,1491.5270345565702
2008-05-01,1440.3441126734442
2008-05-02,1392.0135194661302
2008-05-03,1346.029452697842
2008-05-04,1302.993878142968
2008-05-05,1262.486075969646
2008-05-06,1224.140792037416
2008-05-07,1848.5476581771209
2008-05-08,1360.9507390072222
2008-05-09,1274.7792298336592
2008-05-10,1236.549391572033
2008-05-11,872.9661002633679
2008-05-12,847.826931919064
2008-05-13,824.0277574905681
2008-05-14,801.4489551441361
2008-05-15,780.0812090842513
2008-05-16,759.3139073473641
2008-05-17,2107.8767501999023
2008-05-18,1654.6581481114408
2008-05-19,1282.2878142738182
2008-05-20,1243.5659922917444
2008-05-21,877.951231240744
2008-05-22,853.1152847944959
2008-05-23,829.479227953712
2008-05-24,806.979467195816
2008-05-25,785.6970724665994
2008-05-26,1615.8065841132382
2008-05-27,830.869320174496
2008-05-28,808.5493318886079
2008-05-29,786.9419463584258
2008-05-30,766.4704888382744
2008-05-31,746.4773594878712
2008-06-01,727.3911866962457
2008-06-02,709.5427348324329
2008-06-03,692.279512531381
2008-06-04,675.9245747991657
2008-06-05,689.5939304466657
2008-06-06,650.8350668642144
2008-06-07,636.2863295830633
2008-06-08,622.328737852808
2008-06-09,5091.267843505932
2008-06-10,1771.647285879284
2008-06-11,1706.3712073332872
2008-06-12,1645.6420897688313
2008-06-13,1588.2302673505292
2008-06-14,1533.6850952056814
2008-06-15,1483.471039136416
2008-06-16,1435.707416952644
2008-06-17,1389.960785144063
2008-06-18,1649.011398087636
2008-06-19,1625.105127916941
2008-06-20,1664.9787570122194
2008-06-21,1418.200570823806
2008-06-22,1375.184574503201
2008-06-23,1334.3221591120741
2008-06-24,1294.8257630133762
2008-06-25,1258.085818915607
2008-06-26,5174.971667718172
2008-06-27,2725.5917226758224
2008-06-28,2280.2048696004163
2008-06-29,2176.8532579946464
2008-06-30,2081.5714082950717
2008-07-01,1991.4817615266534
2008-07-02,1909.517459769524
2008-07-03,1834.0659506843851
2008-07-04,1761.818353609248
2008-07-05,1694.727889083691
2008-07-06,1632.538410134192
2008-07-07,1575.3910278317421
2008-07-08,1521.6774561301718
2008-07-09,1471.4227134609418
2008-07-10,1424.2395321260813
2008-07-11,1531.6106733725494
2008-07-12,1373.6843769112752
2008-07-13,1331.6145413563302
2008-07-14,1292.2300310500461
2008-07-15,1254.673591081405
2008-07-16,1218.6704599676643
2008-07-17,861.558373543056
2008-07-18,838.2941530001201
2008-07-19,816.008392774504
2008-07-20,794.931148103744
2008-07-21,1692.5281802839302
2008-07-22,851.5708086479201
2008-07-23,828.9882721780159
2008-07-24,807.783632778528
2008-07-25,787.1916167883753
2008-07-26,767.563957995576
2008-07-27,748.6807817215168
2008-07-28,730.6942126356977
2008-07-29,713.5663587232144
2008-07-30,697.2117183226079
2008-07-31,681.5921118326128
2008-08-01,666.4766290287184
2008-08-02,652.0001658513833
2008-08-03,637.9508456535192
2008-08-04,624.5501689587425
2008-08-05,611.2743046775561
2008-08-06,598.4828832354152
2008-08-07,586.2308527543848
2008-08-08,710.0867926190608
2008-08-09,586.3565439238392
2008-08-10,574.3749951796801
2008-08-11,562.6539056761729
2008-08-12,551.2736614124063
2008-08-13,540.4432643409752
2008-08-14,529.9630600761824
2008-08-15,519.8430746178257
2008-08-16,510.0693477364832
2008-08-17,2668.285023890508
2008-08-18,748.4653203707512
2008-08-19,730.2953107998112
2008-08-20,712.3884813434601
2008-08-21,694.9239567247553
2008-08-22,802.0423918223921
2008-08-23,686.6758726817231
2008-08-24,670.6715635264561
2008-08-25,655.3988413216584
2008-08-26,640.5434356224328
2008-08-27,626.3714109263416
2008-08-28,612.7313773640536
2008-08-29,599.6569402987128
2008-08-30,586.9185173085624
2008-08-31,574.5992395016232
2008-09-01,562.9942392579744
2008-09-02,551.7675031571424
2008-09-03,540.7896571829784
2008-09-04,1510.697277657337
2008-09-05,1245.617875815632
2008-09-06,1376.9960429122482
2008-09-07,707.2150938037329
2008-09-08,690.6057624538137
2008-09-09,674.1385079784361
2008-09-10,658.2465677284913
2008-09-11,643.45630702396
2008-09-12,629.0522166586321
2008-09-13,615.217541047016
2008-09-14,620.169802101256
2008-09-15,592.4545757334232
2008-09-16,579.7354080556736
2008-09-17,567.4483532174007
2008-09-18,1356.917682355532
2008-09-19,730.5521055004768
2008-09-20,1245.221607235287
2008-09-21,663.7032182149561
2008-09-22,648.1520926066952
2008-09-23,633.3008263171585
2008-09-24,619.0590269544073
2008-09-25,605.4273286717456
2008-09-26,1238.1589605034872
2008-09-27,816.534641616328
2008-09-28,654.1095126377536
2008-09-29,1287.6103709545782
2008-09-30,680.3357825481529
2008-10-01,1255.9304973405299
2008-10-02,696.3974711595032
2008-10-03,679.9398824579816
2008-10-04,663.5260403641993
2008-10-05,647.82167717734
2008-10-06,633.3977426933457
2008-10-07,619.0703329535025
2008-10-08,1418.1612455791221
2008-10-09,669.9715807493985
2008-10-10,654.26235051832
2008-10-11,638.5975814280345
2008-10-12,623.2558834661968
2008-10-13,609.0066346957968
2008-10-14,595.0398978845752
2008-10-15,581.8107023235511
2008-10-16,569.2507790765192
2008-10-17,557.0694054030367
2008-10-18,545.3149699229848
2008-10-19,1655.8288869385563
2008-10-20,1352.4127763289334
2008-10-21,689.1510011364104
2008-10-22,672.15267493188
2008-10-23,655.6007950436783
2008-10-24,640.08087541944
2008-10-25,625.2706193031848
2008-10-26,2199.518407812539
2008-10-27,787.1835547192185
2008-10-28,765.5312722541344
2008-10-29,744.9441060821586
2008-10-30,725.1305036357065
2008-10-31,706.104268890488
2008-11-01,767.5780909659145
2008-11-02,2145.069691975727
2008-11-03,846.174671347784
2008-11-04,821.8925043062959
2008-11-05,798.7312890406065
2008-11-06,1353.559595744917
2008-11-07,798.6187899351489
2008-11-08,776.544736577052
2008-11-09,755.171654315916
2008-11-10,734.9142898826681
2008-11-11,715.6817929954952
2008-11-12,697.3206002953281
2008-11-13,679.4979768665296
2008-11-14,662.4445077640432
2008-11-15,646.0371120025472
2008-11-16,630.4462682333738
2008-11-17,615.5053089680808
2008-11-18,601.0313103944258
2008-11-19,2318.3859663376284
2008-11-20,7618.328859484828
2008-11-21,2827.0235691091907
2008-11-22,2666.36127660232
2008-11-23,2521.230579537725
2008-11-24,2389.601590212265
2008-11-25,2268.073688306657
2008-11-26,2156.7355714251275
2008-11-27,2053.671153563535
2008-11-28,1957.815793877889
2008-11-29,3236.450490536527
2008-11-30,2183.0319133649405
2008-12-01,2078.5540308448085
2008-12-02,1981.8135070655023
2008-12-03,1892.8479294406332
2008-12-04,1811.1451442100943
2008-12-05,1734.877345060596
2008-12-06,1664.244924654796
2008-12-07,2391.4828453939062
2008-12-08,1744.3810183765684
2008-12-09,1673.5746928701903
2008-12-10,1607.83331490001
2008-12-11,1546.4153864125012
2008-12-12,1488.7936548487091
2008-12-13,1435.249308110255
2008-12-14,1384.554526443748
2008-12-15,1337.1184075020092
2008-12-16,1292.226454498606
2008-12-17,1249.9520246949232
2008-12-18,879.9755958324879
2008-12-19,852.3032304328001
2008-12-20,1312.5311136243902
2008-12-21,3917.322337912963
2008-12-22,1775.493269152306
2008-12-23,1762.4522826865134
2008-12-24,1650.5033964773752
2008-12-25,1585.7122777363231
2008-12-26,1525.3469914663533
2008-12-27,1468.6820206283833
2008-12-28,1415.711903344981
2008-12-29,1366.250451154094
2008-12-30,1319.4706441981791
2008-12-31,1275.4160985805802
2009-01-01,1233.9420199155393
2009-01-02,868.746047987296
2009-01-03,841.805158213872
2009-01-04,816.3039367847841
2009-01-05,792.1097811406953
2009-01-06,3263.71505813639
2009-01-07,1528.0789523485091
2009-01-08,1471.196164431037
2009-01-09,1418.1479438293532
2009-01-10,1446.4346397068261
2009-01-11,1340.0968259013391
2009-01-12,1294.537263377864
2009-01-13,1251.6800566431482
2009-01-14,1211.361228621907
2009-01-15,853.1926330735041
2009-01-16,1390.1858380407143
2009-01-17,1338.374888823456
2009-01-18,844.924191951888
2009-01-19,2447.686381893324
2009-01-20,3629.1260497718276
2009-01-21,1917.0892234434932
2009-01-22,1832.964949094653
2009-01-23,1755.172605699172
2009-01-24,1682.9930525272152
2009-01-25,1616.1537967179333
2009-01-26,1553.490410052702
2009-01-27,3474.3532375917202
2009-01-28,2840.4724208812163
2009-01-29,2129.860281809986
2009-01-30,3229.4749603963
2009-01-31,2293.5303584637736
2009-02-01,2180.5579701463803
2009-02-02,2076.019541565057
2009-02-03,1979.7017861024365
2009-02-04,1890.9300359285492
2009-02-05,1809.007893634018
2009-02-06,1732.3499323636552
2009-02-07,1661.4134183721692
2009-02-08,1595.8821943165533
2009-02-09,1534.398763598151
2009-02-10,1476.5274413431193
2009-02-11,1422.9425786107402
2009-02-12,1955.0044063197888
2009-02-13,1464.5752628867253
2009-02-14,1411.845410471276
2009-02-15,1362.377259243132
2009-02-16,1315.696792273314
2009-02-17,1271.7015044800883
2009-02-18,1230.2480578436732
2009-02-19,866.2908377486642
2009-02-20,839.3135742268001
2009-02-21,813.623928892648
2009-02-22,789.563879994892
2009-02-23,766.6051064401329
2009-02-24,744.8690686149001
2009-02-25,724.1597705961905
2009-02-26,704.4613770262704
2009-02-27,721.2284993053008
2009-02-28,828.7467688950001
2009-03-01,686.3947043981921
2009-03-02,668.5343010902744
2009-03-03,651.4634671715417
2009-03-04,635.1152764975777
2009-03-05,619.4704380571736
2009-03-06,604.5252934437664
2009-03-07,590.1934470492569
2009-03-08,752.6137911118703
2009-03-09,593.9140184296783
2009-03-10,580.0511214822368
2009-03-11,566.7662431372992
2009-03-12,553.9959863689561
2009-03-13,541.7220928819369
2009-03-14,529.9302667053888
2009-03-15,518.5772754500696
2009-03-16,507.657794958988
2009-03-17,497.17132936202563
2009-03-18,487.0533933060681
2009-03-19,477.28563441317203
2009-03-20,467.8611331041368
2009-03-21,458.759321782948
2009-03-22,449.97436198393365
2009-03-23,441.48810907471284
2009-03-24,433.301588353944
2009-03-25,425.36408191234324
2009-03-26,417.64670299354077
2009-03-27,410.20270029276884
2009-03-28,402.99106286862883
2009-03-29,396.0056543470864
2009-03-30,400.9316221018496
2009-03-31,384.2595310389264
2009-04-01,377.8494280773072
2009-04-02,371.6016072979264
2009-04-03,365.55191546333367
2009-04-04,435.59061541822405
2009-04-05,363.754550423644
2009-04-06,396.5838247362936
2009-04-07,357.24737055031125
2009-04-08,351.61934094468563
2009-04-09,346.14363601679605
2009-04-10,340.82889497443205
2009-04-11,335.6487002957184
2009-04-12,330.5953989366664
2009-04-13,325.689935249364
2009-04-14,320.9134034413528
2009-04-15,316.24261993014164
2009-04-16,435.29652053660084
2009-04-17,321.87087820234564
2009-04-18,317.1925874219344
2009-04-19,312.630055053992
2009-04-20,308.19007562685283
2009-04-21,303.8609440079408
2009-04-22,299.64175069257925
2009-04-23,295.5351771254768
2009-04-24,291.52943982260643
2009-04-25,287.61406485071285
2009-04-26,347.79999577097124
2009-04-27,287.0705802414272
2009-04-28,283.2642288532112
2009-04-29,279.5421010068952
2009-04-30,294.469269249632
2009-05-01,319.0206119713376
2009-05-02,347.80737279766885
2009-05-03,563.7493074684041
2009-05-04,307.4317891116496
2009-05-05,303.15607550851036
2009-05-06,298.99469075673363
2009-05-07,294.93072891943683
2009-05-08,290.9702014578056
2009-05-09,287.1128763886848
2009-05-10,283.3232608343512
2009-05-11,279.64062061994076
2009-05-12,514.9074328100793
2009-05-13,813.4359521429042
2009-05-14,354.3404244904152
2009-05-15,349.0159247937088
2009-05-16,343.8624183981568
2009-05-17,338.7764757284216
2009-05-18,333.8739669428528
2009-05-19,329.0595402136208
2009-05-20,324.32923920601445
2009-05-21,319.6897959787136
2009-05-22,315.207791461576
2009-05-23,310.87828515730644
2009-05-24,1581.1890560736933
2009-05-25,483.51983480760964
2009-05-26,410.8610967869112
2009-05-27,404.22671439365763
2009-05-28,397.652463316292
2009-05-29,391.35193922882723
2009-05-30,385.070037982068
2009-05-31,379.02040665368236
2009-06-01,372.9480196030928
2009-06-02,367.0623240481512
2009-06-03,361.5022335038664
2009-06-04,356.0090611733424
2009-06-05,350.7291101661264
2009-06-06,498.77132350022407
2009-06-07,359.56642021212
2009-06-08,1361.2958826954632
2009-06-09,433.8909837891416
2009-06-10,426.6601352588368
2009-06-11,584.16050288086
2009-06-12,2924.403411062639
2009-06-13,719.5828453058593
2009-06-14,702.3414444690889
2009-06-15,1416.6601456127012
2009-06-16,1755.7782415318313
2009-06-17,1293.5180715120953
2009-06-18,837.2348265229441
2009-06-19,814.7287981781601
2009-06-20,827.2856571745921
2009-06-21,781.2084665092049
2009-06-22,761.6257828326184
2009-06-23,743.0597053493168
2009-06-24,725.1331071133568
2009-06-25,707.3778544623848
2009-06-26,690.8669090054177
2009-06-27,674.9544798527528
2009-06-28,660.0609632113487
2009-06-29,644.1548540421488
2009-06-30,3054.169728340852
2009-07-01,1311.15060251659
2009-07-02,1268.8427462837062
2009-07-03,1230.0449134059684
2009-07-04,868.192435523592
2009-07-05,842.0157535956159
2009-07-06,818.1421690566881
2009-07-07,795.1243699804145
2009-07-08,773.8243528725657
2009-07-09,753.426909807105
2009-07-10,734.0728476174496
2009-07-11,715.6401787048048
2009-07-12,697.6557788409824
2009-07-13,826.469596773768
2009-07-14,693.174683197712
2009-07-15,676.5076699816977
2009-07-16,660.3897645588977
2009-07-17,644.718019265652
2009-07-18,1252.780087862116
2009-07-19,669.0585801599568
2009-07-20,653.3363324546881
2009-07-21,638.4084092593753
2009-07-22,624.09770515236
2009-07-23,1303.798149277822
2009-07-24,660.1637371472112
2009-07-25,645.3038270412889
2009-07-26,630.6847695977864
2009-07-27,616.6742037040993
2009-07-28,1932.5955985885453
2009-07-29,1553.755146909152
2009-07-30,808.577916681152
2009-07-31,787.3836547854377
2009-08-01,766.8682314798336
2009-08-02,747.7207367977817
2009-08-03,729.6661289926408
2009-08-04,711.8518720276608
2009-08-05,694.9864992688529
2009-08-06,678.9032628078697
2009-08-07,678.614001851168
2009-08-08,651.4564694497881
2009-08-09,636.7439033306729
2009-08-10,622.2570041542225
2009-08-11,608.3170472808073
2009-08-12,594.6542682036768
2009-08-13,581.4074365805512
2009-08-14,568.8925508250001
2009-08-15,556.8127545869409
2009-08-16,545.1851686286712
2009-08-17,533.9910386045768
2009-08-18,523.3759168187129
2009-08-19,513.0456293500024
2009-08-20,1949.4348523757803
2009-08-21,651.7240823366673
2009-08-22,635.8802211239688
2009-08-23,620.9474747565592
2009-08-24,606.7694225143472
2009-08-25,593.3394440127752
2009-08-26,580.2860110913449
2009-08-27,567.5588437282664
2009-08-28,555.4105359145168
2009-08-29,543.7035739508273
2009-08-30,1478.909769857124
2009-08-31,1528.8037062911803
2009-09-01,694.647012442596
2009-09-02,677.8370908771585
2009-09-03,661.6836191259777
2009-09-04,1313.863912829435
2009-09-05,799.9935196503873
2009-09-06,1441.8875932015171
2009-09-07,749.9339081320136
2009-09-08,731.0075557553281
2009-09-09,712.8473881252097
2009-09-10,694.70848103924
2009-09-11,677.2206816145799
2009-09-12,661.1033944144465
2009-09-13,645.3903740577848
2009-09-14,2158.4602362838023
2009-09-15,801.8939425722401
2009-09-16,779.6596204606896
2009-09-17,758.1495565543481
2009-09-18,2685.326763805719
2009-09-19,1357.3807311360451
2009-09-20,1313.4650880573531
2009-09-21,1271.8002982316282
2009-09-22,1232.1873535641892
2009-09-23,7028.704451563279
2009-09-24,13436.653676166052
2009-09-25,6970.5672034515555
2009-09-26,6134.676223972021
2009-09-27,5476.375714343227
2009-09-28,4943.264658922339
2009-09-29,4503.146879600304
2009-09-30,4133.6836424507255
2009-10-01,3819.209226598832
2009-10-02,4054.79747207337
2009-10-03,3503.5539189478413
2009-10-04,3274.3047789189104
2009-10-05,3065.3000731433303
2009-10-06,2878.9037945248238
2009-10-07,2911.3772621470466
2009-10-08,2634.27458704949
2009-10-09,2493.6190876055143
2009-10-10,2366.735723559229
2009-10-11,5428.415819439559
2009-10-12,3212.3061688152056
2009-10-13,3002.151435811462
2009-10-14,2818.979370266247
2009-10-15,2652.0112769005464
2009-10-16,2503.557678416047
2009-10-17,2371.165751465764
2009-10-18,2250.352936459903
2009-10-19,5345.206423871259
2009-10-20,4539.971145095969
2009-10-21,13745.18364014587
2009-10-22,44256.529094912534
2009-10-23,36226.70107480479
2009-10-24,21610.17731219567
2009-10-25,16154.9225864059
2009-10-26,12878.599169161662
2009-10-27,10700.689496656005
2009-10-28,9156.933115928556
2009-10-29,7978.652231978441
2009-10-30,7058.010895596331
2009-10-31,6311.590775804348
2009-11-01,5693.116453093488
2009-11-02,5188.5844866352645
2009-11-03,4747.1605526830435
2009-11-04,4369.513359556543
2009-11-05,23648.813228004252
2009-11-06,15177.908103078053
2009-11-07,17502.2621139784
2009-11-08,12426.676818620243
2009-11-09,10364.463758399212
2009-11-10,8862.091188523496
2009-11-11,7727.7638839466235
2009-11-12,6843.6651653577355
2009-11-13,6121.845135248403
2009-11-14,5526.1645067642985
2009-11-15,5026.782893661364
2009-11-16,4600.044979498882
2009-11-17,4236.836734577623
2009-11-18,3922.471679718064
2009-11-19,3650.357538296876
2009-11-20,4122.447202898277
2009-11-21,3456.2583346065285
2009-11-22,3366.017879090262
2009-11-23,3090.171471403742
2009-11-24,2909.889427155722
2009-11-25,2747.723147488759
2009-11-26,2598.3988270969962
2009-11-27,2462.3157814701167
2009-11-28,2339.9454900188402
2009-11-29,2223.2689819403254
2009-11-30,2118.620526013827
2009-12-01,2023.1612703957603
2009-12-02,1934.5472460571293
2009-12-03,1851.6665004623062
2009-12-04,3177.0678016967345
2009-12-05,10036.723140487242
2009-12-06,4813.670872228119
2009-12-07,4407.823027096918
2009-12-08,4061.2360365157465
2009-12-09,3762.001562292446
2009-12-10,3499.9840219888833
2009-12-11,4457.19764503497
2009-12-12,3491.4356938760757
2009-12-13,3261.2082125624875
2009-12-14,3058.9065663192737
2009-12-15,2876.5200582619163
2009-12-16,2712.8411757975664
2009-12-17,2563.5384828670217
2009-12-18,2545.0575809498514
2009-12-19,2346.9394117997963
2009-12-20,2229.819767962292
2009-12-21,2124.194883247074
2009-12-22,2026.3238950325363
2009-12-23,1936.1299009669763
2009-12-24,1852.8922419962018
2009-12-25,1775.5855253892694
2009-12-26,1703.55923973532
2009-12-27,1636.6076596897612
2009-12-28,1573.8672514726811
2009-12-29,1515.3351625281102
2009-12-30,1460.8205125518732
2009-12-31,1409.296023277461
2010-01-01,6825.586408588157
2010-01-02,2899.7374108148274
2010-01-03,2731.1300710240585
2010-01-04,2577.9453416684337
2010-01-05,2438.971826256361
2010-01-06,2313.0436889984603
2010-01-07,2198.172841654284
2010-01-08,2521.7666146017405
2010-01-09,2124.677811542649
2010-01-10,2026.665098336307
2010-01-11,1935.8688460847452
2010-01-12,1851.0229683151908
2010-01-13,1772.518476897025
2010-01-14,1699.87452889199
2010-01-15,1631.9389584674884
2010-01-16,1569.324801043736
2010-01-17,1511.069750868777
2010-01-18,1456.528808434018
2010-01-19,2123.34975622517
2010-01-20,2530.103579767698
2010-01-21,1736.8500674290262
2010-01-22,1666.352715619086
2010-01-23,1600.815934527832
2010-01-24,1895.8380793886272
2010-01-25,1574.1220489130403
2010-01-26,1514.860537268793
2010-01-27,1459.1302174882621
2010-01-28,1407.1113255402831
2010-01-29,1358.3914661969302
2010-01-30,1312.9201164839653
2010-01-31,1269.7661793838452
2010-02-01,1229.1805100694019
2010-02-02,865.744783929256
2010-02-03,839.154185767552
2010-02-04,813.9774651220881
2010-02-05,790.1022239503104
2010-02-06,767.2919175233352
2010-02-07,745.6664801503041
2010-02-08,1245.3618246641443
2010-02-09,3362.084999491614
2010-02-10,1642.8657450083892
2010-02-11,1499.4857405511393
2010-02-12,1445.1876479014593
2010-02-13,1393.615521217139
2010-02-14,1345.3156055607183
2010-02-15,1299.9125091215783
2010-02-16,1256.5172093459262
2010-02-17,1215.8042958752462
2010-02-18,856.278139145976
2010-02-19,829.888557613336
2010-02-20,804.758018568256
2010-02-21,780.7010894385977
2010-02-22,758.2841422748248
2010-02-23,736.7906482531961
2010-02-24,716.4514450074233
2010-02-25,697.023958027532
2010-02-26,678.536669670532
2010-02-27,2389.3496804905312
2010-02-28,1682.142920883678
2010-03-01,1263.1071920646962
2010-03-02,1221.628379107367
2010-03-03,859.9535221002079
2010-03-04,832.91676984488
2010-03-05,807.3252870168001
2010-03-06,783.2040693798608
2010-03-07,760.2921156840601
2010-03-08,738.6754376935024
2010-03-09,718.0863076743792
2010-03-10,698.5113301533192
2010-03-11,679.9031864129712
2010-03-12,662.1278162803521
2010-03-13,645.1531387262561
2010-03-14,629.0093988471529
2010-03-15,613.5097102958929
2010-03-16,768.8372202752657
2010-03-17,615.6198491436153
2010-03-18,600.744613800732
2010-03-19,586.471795182848
2010-03-20,716.9208415936696
2010-03-21,585.2474029150776
2010-03-22,571.6250737176737
2010-03-23,558.5717053596488
2010-03-24,546.0341394051633
2010-03-25,533.9917750499625
2010-03-26,522.30334045062
2010-03-27,511.1335100822264
2010-03-28,500.392889961084
2010-03-29,490.05916276123764
2010-03-30,480.0921400093184
2010-03-31,581.8402942501624
2010-04-01,478.88929469132563
2010-04-02,469.2564169624736
2010-04-03,460.01810615839605
2010-04-04,451.1064756306496
2010-04-05,442.4781189874616
2010-04-06,434.13436352299044
2010-04-07,1394.7117232421342
2010-04-08,790.0410508180696
2010-04-09,544.3082372256832
2010-04-10,532.3656792911272
2010-04-11,520.889522931316
2010-04-12,509.700372624544
2010-04-13,499.033194665484
2010-04-14,488.76379518808164
2010-04-15,504.42352318092884
2010-04-16,473.30522374853035
2010-04-17,578.2443459326056
2010-04-18,3764.3901946879582
2010-04-19,878.0618642026559
2010-04-20,851.7618371028401
2010-04-21,826.77694893628
2010-04-22,803.126485775888
2010-04-23,780.3526891621304
2010-04-24,759.2010937665896
2010-04-25,738.861835273432
2010-04-26,719.4387207982353
2010-04-27,700.720190868156
2010-04-28,683.03767010584
2010-04-29,666.0048001151586
2010-04-30,649.9492594588888
2010-05-01,634.4432966168753
2010-05-02,619.6029835924464
2010-05-03,605.2815074268791
2010-05-04,591.3660694937801
2010-05-05,578.1279011243656
2010-05-06,1388.958321989997
2010-05-07,1859.8689755841472
2010-05-08,752.674560377736
2010-05-09,733.1691240198297
2010-05-10,714.2626237273024
2010-05-11,696.4111277870345
2010-05-12,1387.684170027705
2010-05-13,3812.262787323507
2010-05-14,1613.9642093566972
2010-05-15,1557.105644780664
2010-05-16,1504.1737309553462
2010-05-17,1452.9072808351752
2010-05-18,1405.795264229389
2010-05-19,1360.9871725543169
2010-05-20,1318.215230590533
2010-05-21,1277.3755565115712
2010-05-22,1239.1072012233642
2010-05-23,875.132916839672
2010-05-24,850.3422529239601
2010-05-25,826.738612974872
2010-05-26,804.456123592032
2010-05-27,783.2100875606033
2010-05-28,762.6461676560208
2010-05-29,743.2386727120777
2010-05-30,724.313194953768
2010-05-31,706.4650520697792
2010-06-01,688.802880663448
2010-06-02,671.9075133956904
2010-06-03,656.1288001536712
2010-06-04,641.1035398027961
2010-06-05,626.6120381640272
2010-06-06,612.7674040389969
2010-06-07,599.4108504372616
2010-06-08,586.60069337734
2010-06-09,574.2800450624776
2010-06-10,562.4219302492249
2010-06-11,550.9417361810808
2010-06-12,539.9271311212913
2010-06-13,529.3340490494096
2010-06-14,518.9795085562624
2010-06-15,508.84052624841047
2010-06-16,590.8453833065136
2010-06-17,504.2712245441312
2010-06-18,494.60830403678403
2010-06-19,485.35828256117605
2010-06-20,476.46607322320165
2010-06-21,467.92241757585117
2010-06-22,459.59172035701124
2010-06-23,1681.0768772645981
2010-06-24,763.2339000095424
2010-06-25,587.4505765901824
2010-06-26,834.5436391364642
2010-06-27,608.7669487166968
2010-06-28,595.5793774087983
2010-06-29,582.4092248489031
2010-06-30,569.9377297470944
2010-07-01,557.9470354079352
2010-07-02,634.2826014166801
2010-07-03,550.1696404390281
2010-07-04,539.100030122352
2010-07-05,528.0207640431953
2010-07-06,517.4160167482585
2010-07-07,507.50778293002395
2010-07-08,611.4283784517169
2010-07-09,506.4151162653752
2010-07-10,496.90571277410004
2010-07-11,487.71956729231925
2010-07-12,478.68141014139604
2010-07-13,469.987409675612
2010-07-14,1281.8522623965741
2010-07-15,561.6273151946536
2010-07-16,532.8029074148536
2010-07-17,513.7942474908104
2010-07-18,504.13158795920003
2010-07-19,494.8218826505032
2010-07-20,509.4469492540504
2010-07-21,545.4989886359376
2010-07-22,482.2502380267528
2010-07-23,473.6560739679344
2010-07-24,465.3255818221296
2010-07-25,595.3024145310727
2010-07-26,470.01843849899365
2010-07-27,461.9394348754736
2010-07-28,711.4828241551463
2010-07-29,2659.2068541933622
2010-07-30,1435.216837667756
2010-07-31,777.9265481486705
2010-08-01,758.6047885921057
2010-08-02,2725.6036417487135
2010-08-03,1369.720729800962
2010-08-04,3004.1319325865766
2010-08-05,1870.7326338533471
2010-08-06,3657.0818017159036
2010-08-07,2203.842870548484
2010-08-08,2106.764997006417
2010-08-09,2017.1043567318713
2010-08-10,1932.8314103299851
2010-08-11,1854.513114349566
2010-08-12,1780.6269385756282
2010-08-13,1711.2401445657872
2010-08-14,1647.257127064373
2010-08-15,2896.423595709545
2010-08-16,1888.05502552788
2010-08-17,1812.1405015217351
2010-08-18,2839.9623094343056
2010-08-19,2606.8451980299965
2010-08-20,2495.7461799235134
2010-08-21,2120.476793568243
2010-08-22,2024.8847977544563
2010-08-23,2198.547543707053
2010-08-24,1935.2091779201282
2010-08-25,1855.7379496763472
2010-08-26,1782.3836498304763
2010-08-27,2644.09329256864
2010-08-28,1911.1544339135162
2010-08-29,3600.086085650681
2010-08-30,2287.3078515166117
2010-08-31,2180.953869641085
2010-09-01,3548.3823997050667
2010-09-02,2451.632345582343
2010-09-03,3619.404387987686
2010-09-04,3921.9657227947464
2010-09-05,3300.884118043227
2010-09-06,2907.928026942224
2010-09-07,2751.8173846377063
2010-09-08,2608.1292041778825
2010-09-09,2479.2132670461087
2010-09-10,3025.574129569684
2010-09-11,2463.9266730419663
2010-09-12,4499.009107587819
2010-09-13,4802.700755840857
2010-09-14,3463.596702263457
2010-09-15,3244.477708832581
2010-09-16,3049.259686273119
2010-09-17,2872.221012428394
2010-09-18,2712.1117697673453
2010-09-19,4696.593250083086
2010-09-20,11310.672863225562
2010-09-21,9375.691849567012
2010-09-22,6972.212382539812
2010-09-23,6178.260469932892
2010-09-24,5543.047217268165
2010-09-25,5342.668701730393
2010-09-26,4731.399286290996
2010-09-27,5073.7225630586445
2010-09-28,4315.166231985334
2010-09-29,3995.1019780985066
2010-09-30,5194.507595029621
2010-10-01,4046.170819716048
2010-10-02,3764.3641532330466
2010-10-03,3516.5101064973665
2010-10-04,3303.6304547062527
2010-10-05,3103.9351988203794
2010-10-06,7541.43403180694
2010-10-07,4503.268371267061
2010-10-08,4152.485220119138
2010-10-09,3849.4326443712484
2010-10-10,3586.5644104207936
2010-10-11,3354.5906787619274
2010-10-12,4357.527320044866
2010-10-13,3390.7696876562527
2010-10-14,3174.9900356386306
2010-10-15,2978.624422415642
2010-10-16,2804.898517255428
2010-10-17,7803.764621981649
2010-10-18,4387.956795279453
2010-10-19,4043.7891731965533
2010-10-20,5573.414205620547
2010-10-21,4187.043495294825
2010-10-22,3870.451527393979
2010-10-23,3596.365049574913
2010-10-24,3352.7034796718763
2010-10-25,3140.963731305939
2010-10-26,3214.1852051112437
2010-10-27,2874.480446071663
2010-10-28,2713.776310436345
2010-10-29,2566.912137033816
2010-10-30,2433.790966177032
2010-10-31,2311.4961160933403
2010-11-01,2198.952927827535
2010-11-02,2097.754766354786
2010-11-03,2002.1779130111988
2010-11-04,4746.850981886068
2010-11-05,3092.0650620747915
2010-11-06,2682.530181854831
2010-11-07,2538.23699599305
2010-11-08,2406.098084352072
2010-11-09,2286.567644588755
2010-11-10,2175.909939689783
2010-11-11,4586.310811520009
2010-11-12,2765.8322423877535
2010-11-13,2611.328846548048
2010-11-14,2471.1849445242083
2010-11-15,2343.6263952393056
2010-11-16,2226.644745693434
2010-11-17,2121.8223145468914
2010-11-18,7883.82352305074
2010-11-19,4609.865902927923
2010-11-20,3890.33294355442
2010-11-21,3609.891044537272
2010-11-22,5769.603264372256
2010-11-23,6034.593501591656
2010-11-24,4520.2472169116345
2010-11-25,4158.575254605343
2010-11-26,3842.544356424642
2010-11-27,3566.2574301381615
2010-11-28,3325.685479952286
2010-11-29,3106.645641172062
2010-11-30,2914.5297680675335
2010-12-01,2743.6570320144483
2010-12-02,2590.571423529727
2010-12-03,2450.153281571468
2010-12-04,2322.8323690530315
2010-12-05,2207.48859800106
2010-12-06,2101.050388016536
2010-12-07,5751.732476517611
2010-12-08,3103.921300286147
2010-12-09,2913.0442848317366
2010-12-10,2742.6378021548667
2010-12-11,2589.650592470018
2010-12-12,2450.9957513335034
2010-12-13,2324.3977459217353
2010-12-14,2209.9835172580115
2010-12-15,2104.0141294736964
2010-12-16,2007.1531699358923
2010-12-17,1917.2471929276935
2010-12-18,1834.2415833333462
2010-12-19,1757.113809032296
2010-12-20,1684.81050175889
2010-12-21,1617.833907362739
2010-12-22,1555.4547538532752
2010-12-23,1497.2291299128242
2010-12-24,1442.8112518606492
2010-12-25,1391.7385461894642
2010-12-26,3077.4419535493485
2010-12-27,1733.816540164522
2010-12-28,1663.2035720049091
2010-12-29,1597.6196944041399
2010-12-30,1536.755037037
2010-12-31,1479.862867381591
