date,rain,evap
1995-01-01,0.0,18.0
1995-01-02,0.0,17.0
1995-01-03,0.0,14.0
1995-01-04,0.1,12.4
1995-01-05,1.0,14.0
1995-01-06,0.0,17.2
1995-01-07,0.0,16.8
1995-01-08,0.0,15.6
1995-01-09,0.0,15.0
1995-01-10,0.0,9.8
1995-01-11,3.4,8.4
1995-01-12,0.0,14.2
1995-01-13,2.1,11.0
1995-01-14,0.7,11.8
1995-01-15,0.0,10.0
1995-01-16,8.8,8.0
1995-01-17,5.6,12.0
1995-01-18,9.6,8.0
1995-01-19,11.2,4.6
1995-01-20,2.5,12.0
1995-01-21,1.1,11.2
1995-01-22,0.0,10.2
1995-01-23,0.0,10.6
1995-01-24,0.0,11.2
1995-01-25,0.0,10.8
1995-01-26,0.0,12.4
1995-01-27,0.0,10.8
1995-01-28,0.0,11.2
1995-01-29,0.0,13.0
1995-01-30,0.0,9.2
1995-01-31,0.0,14.8
1995-02-01,0.0,12.4
1995-02-02,0.0,11.6
1995-02-03,0.0,14.2
1995-02-04,0.0,12.8
1995-02-05,0.0,9.8
1995-02-06,0.0,14.2
1995-02-07,0.0,13.0
1995-02-08,0.0,14.2
1995-02-09,0.0,12.4
1995-02-10,0.0,13.4
1995-02-11,0.0,10.6
1995-02-12,0.0,10.2
1995-02-13,0.0,13.4
1995-02-14,0.0,11.4
1995-02-15,0.0,11.6
1995-02-16,0.0,10.8
1995-02-17,0.0,13.2
1995-02-18,0.0,13.4
1995-02-19,0.0,14.0
1995-02-20,0.0,10.2
1995-02-21,0.0,10.6
1995-02-22,0.0,11.0
1995-02-23,0.0,12.4
1995-02-24,0.0,12.2
1995-02-25,0.0,13.0
1995-02-26,0.0,11.4
1995-02-27,0.0,10.4
1995-02-28,0.0,11.2
1995-03-01,0.0,9.6
1995-03-02,0.0,11.0
1995-03-03,0.0,11.8
1995-03-04,0.0,12.8
1995-03-05,0.0,11.8
1995-03-06,0.0,11.0
1995-03-07,0.0,11.0
1995-03-08,0.0,12.2
1995-03-09,0.0,13.6
1995-03-10,0.0,13.4
1995-03-11,0.0,11.8
1995-03-12,0.0,15.4
1995-03-13,0.0,13.2
1995-03-14,0.0,13.4
1995-03-15,0.0,12.6
1995-03-16,0.0,11.4
1995-03-17,0.0,11.0
1995-03-18,0.0,13.0
1995-03-19,0.0,11.6
1995-03-20,0.0,10.8
1995-03-21,0.0,10.2
1995-03-22,0.0,9.2
1995-03-23,0.0,10.8
1995-03-24,0.0,11.8
1995-03-25,0.0,10.0
1995-03-26,0.0,10.4
1995-03-27,0.0,9.4
1995-03-28,0.0,8.8
1995-03-29,0.0,8.8
1995-03-30,0.0,7.4
1995-03-31,0.0,7.4
1995-04-01,0.0,7.2
1995-04-02,0.0,6.8
1995-04-03,0.0,7.4
1995-04-04,0.0,6.2
1995-04-05,0.0,6.8
1995-04-06,0.0,8.2
1995-04-07,0.0,7.6
1995-04-08,0.0,5.6
1995-04-09,0.0,6.0
1995-04-10,0.0,7.8
1995-04-11,0.0,5.6
1995-04-12,0.0,5.6
1995-04-13,0.0,6.6
1995-04-14,0.0,6.2
1995-04-15,0.0,5.6
1995-04-16,0.0,7.0
1995-04-17,0.0,6.4
1995-04-18,0.0,6.2
1995-04-19,0.0,7.6
1995-04-20,0.0,6.2
1995-04-21,0.0,6.6
1995-04-22,0.0,4.6
1995-04-23,0.0,6.6
1995-04-24,0.0,6.0
1995-04-25,0.0,6.4
1995-04-26,0.0,6.2
1995-04-27,0.0,8.0
1995-04-28,0.0,7.2
1995-04-29,0.0,8.8
1995-04-30,2.5,3.0
1995-05-01,6.4,3.6
1995-05-02,2.0,2.4
1995-05-03,1.3,3.2
1995-05-04,0.0,4.4
1995-05-05,0.0,2.2
1995-05-06,0.0,3.6
1995-05-07,0.0,4.6
1995-05-08,0.0,5.8
1995-05-09,0.1,2.6
1995-05-10,0.4,2.4
1995-05-11,0.0,3.0
1995-05-12,0.1,6.0
1995-05-13,0.0,5.8
1995-05-14,0.0,4.0
1995-05-15,0.0,4.8
1995-05-16,0.6,1.6
1995-05-17,0.7,2.6
1995-05-18,0.0,2.0
1995-05-19,0.0,1.8
1995-05-20,0.0,3.2
1995-05-21,0.0,5.0
1995-05-22,0.0,3.2
1995-05-23,0.0,3.6
1995-05-24,0.0,5.2
1995-05-25,0.0,5.4
1995-05-26,0.0,3.2
1995-05-27,0.0,4.2
1995-05-28,0.0,1.6
1995-05-29,0.0,3.0
1995-05-30,0.0,3.0
1995-05-31,0.0,4.6
1995-06-01,0.0,3.8
1995-06-02,0.0,3.6
1995-06-03,0.0,2.8
1995-06-04,0.0,3.0
1995-06-05,0.0,4.6
1995-06-06,0.0,3.0
1995-06-07,0.0,5.2
1995-06-08,0.0,5.2
1995-06-09,0.0,4.2
1995-06-10,0.0,5.2
1995-06-11,0.0,2.6
1995-06-12,0.0,2.6
1995-06-13,3.9,2.6
1995-06-14,3.1,2.2
1995-06-15,0.8,4.0
1995-06-16,0.0,3.0
1995-06-17,0.0,2.6
1995-06-18,0.0,2.8
1995-06-19,0.0,2.8
1995-06-20,0.0,2.4
1995-06-21,0.0,2.2
1995-06-22,0.0,2.6
1995-06-23,0.0,1.8
1995-06-24,0.0,2.4
1995-06-25,0.0,3.4
1995-06-26,0.0,4.8
1995-06-27,0.0,4.2
1995-06-28,0.0,3.6
1995-06-29,0.0,2.6
1995-06-30,0.0,2.8
1995-07-01,0.0,2.2
1995-07-02,0.0,2.0
1995-07-03,0.0,2.4
1995-07-04,0.0,2.6
1995-07-05,0.0,4.0
1995-07-06,0.0,2.8
1995-07-07,0.0,2.8
1995-07-08,0.0,2.4
1995-07-09,0.7,2.2
1995-07-10,0.0,3.0
1995-07-11,0.0,4.6
1995-07-12,0.0,4.2
1995-07-13,0.0,4.4
1995-07-14,0.5,3.2
1995-07-15,0.0,2.4
1995-07-16,0.0,3.2
1995-07-17,1.9,1.6
1995-07-18,0.2,3.0
1995-07-19,0.0,2.8
1995-07-20,0.0,2.6
1995-07-21,0.0,3.0
1995-07-22,0.0,4.0
1995-07-23,0.0,3.4
1995-07-24,0.0,2.4
1995-07-25,0.0,3.0
1995-07-26,0.0,4.6
1995-07-27,0.0,3.2
1995-07-28,0.0,3.4
1995-07-29,0.0,3.4
1995-07-30,0.0,4.2
1995-07-31,0.0,3.6
1995-08-01,0.0,3.2
1995-08-02,0.0,3.4
1995-08-03,0.0,5.0
1995-08-04,0.0,2.8
1995-08-05,0.0,4.8
1995-08-06,0.0,3.8
1995-08-07,0.0,3.6
1995-08-08,0.0,4.2
1995-08-09,0.0,3.4
1995-08-10,0.0,3.2
1995-08-11,0.0,3.6
1995-08-12,0.0,5.4
1995-08-13,0.0,4.6
1995-08-14,0.8,5.0
1995-08-15,0.0,3.8
1995-08-16,0.0,5.2
1995-08-17,0.0,5.2
1995-08-18,0.0,4.6
1995-08-19,0.0,5.8
1995-08-20,0.0,8.4
1995-08-21,0.0,6.6
1995-08-22,0.0,5.8
1995-08-23,0.0,7.0
1995-08-24,0.0,8.8
1995-08-25,0.0,7.2
1995-08-26,0.0,8.8
1995-08-27,0.0,8.0
1995-08-28,0.0,8.4
1995-08-29,0.0,7.2
1995-08-30,0.0,7.4
1995-08-31,0.0,12.6
1995-09-01,0.0,2.0
1995-09-02,0.7,2.8
1995-09-03,0.0,5.8
1995-09-04,2.5,4.6
1995-09-05,8.8,4.0
1995-09-06,0.0,5.4
1995-09-07,0.0,5.0
1995-09-08,0.0,6.2
1995-09-09,0.0,7.2
1995-09-10,0.0,7.2
1995-09-11,0.0,5.8
1995-09-12,0.0,6.8
1995-09-13,0.0,7.8
1995-09-14,0.0,6.8
1995-09-15,0.0,6.6
1995-09-16,0.2,5.0
1995-09-17,18.0,3.2
1995-09-18,0.0,4.4
1995-09-19,0.0,7.2
1995-09-20,0.0,8.0
1995-09-21,0.0,8.0
1995-09-22,0.0,6.0
1995-09-23,0.6,7.4
1995-09-24,0.0,6.0
1995-09-25,0.0,6.2
1995-09-26,0.0,6.2
1995-09-27,0.0,7.0
1995-09-28,0.0,8.0
1995-09-29,0.0,8.6
1995-09-30,0.0,7.0
1995-10-01,0.0,6.4
1995-10-02,7.4,3.6
1995-10-03,0.8,5.2
1995-10-04,0.0,7.6
1995-10-05,0.0,6.4
1995-10-06,0.3,7.2
1995-10-07,0.0,7.2
1995-10-08,0.0,8.4
1995-10-09,0.0,8.0
1995-10-10,0.0,10.2
1995-10-11,0.0,13.0
1995-10-12,0.0,15.8
1995-10-13,0.0,12.0
1995-10-14,0.0,9.6
1995-10-15,0.0,11.0
1995-10-16,0.0,10.2
1995-10-17,0.0,10.6
1995-10-18,0.0,12.4
1995-10-19,0.0,13.4
1995-10-20,0.0,11.0
1995-10-21,2.6,4.6
1995-10-22,1.8,4.8
1995-10-23,0.0,4.2
1995-10-24,0.0,6.2
1995-10-25,0.0,7.0
1995-10-26,0.0,9.0
1995-10-27,0.0,9.2
1995-10-28,0.0,13.0
1995-10-29,0.0,11.6
1995-10-30,0.0,13.8
1995-10-31,0.0,12.6
1995-11-01,0.0,20.2
1995-11-02,0.0,15.4
1995-11-03,0.0,9.6
1995-11-04,12.5,6.6
1995-11-05,0.0,9.2
1995-11-06,0.0,8.6
1995-11-07,0.0,8.8
1995-11-08,0.0,16.6
1995-11-09,0.0,13.4
1995-11-10,0.0,6.4
1995-11-11,0.0,12.4
1995-11-12,0.0,13.0
1995-11-13,0.0,10.2
1995-11-14,0.0,8.2
1995-11-15,0.0,8.6
1995-11-16,0.0,10.0
1995-11-17,3.2,4.4
1995-11-18,11.4,9.4
1995-11-19,0.0,7.6
1995-11-20,0.0,5.0
1995-11-21,0.0,12.2
1995-11-22,0.0,9.8
1995-11-23,0.0,9.6
1995-11-24,0.0,9.8
1995-11-25,0.0,13.0
1995-11-26,0.0,16.2
1995-11-27,0.0,18.6
1995-11-28,0.0,8.6
1995-11-29,0.1,10.4
1995-11-30,6.1,12.8
1995-12-01,0.0,11.6
1995-12-02,0.0,16.0
1995-12-03,0.0,12.2
1995-12-04,0.0,14.4
1995-12-05,5.8,9.8
1995-12-06,0.0,9.0
1995-12-07,0.0,10.6
1995-12-08,0.0,11.6
1995-12-09,0.0,14.4
1995-12-10,0.0,14.4
1995-12-11,0.0,10.2
1995-12-12,0.0,10.8
1995-12-13,0.0,9.0
1995-12-14,0.0,12.8
1995-12-15,0.0,13.0
1995-12-16,0.0,13.2
1995-12-17,0.0,15.0
1995-12-18,0.0,14.0
1995-12-19,0.0,13.8
1995-12-20,0.0,13.0
1995-12-21,0.0,12.4
1995-12-22,0.0,9.2
1995-12-23,0.7,12.2
1995-12-24,0.0,14.2
1995-12-25,0.0,12.4
1995-12-26,0.0,13.6
1995-12-27,0.0,14.4
1995-12-28,0.0,16.0
1995-12-29,0.0,13.8
1995-12-30,0.0,13.6
1995-12-31,0.8,7.8
1996-01-01,2.5,9.4
1996-01-02,0.0,11.6
1996-01-03,0.0,14.8
1996-01-04,0.0,12.6
1996-01-05,0.0,12.2
1996-01-06,0.0,14.0
1996-01-07,0.0,14.2
1996-01-08,0.0,12.6
1996-01-09,0.0,15.0
1996-01-10,0.0,11.8
1996-01-11,0.0,17.0
1996-01-12,0.0,16.4
1996-01-13,0.0,15.8
1996-01-14,0.0,17.8
1996-01-15,0.0,19.0
1996-01-16,0.0,19.6
1996-01-17,0.0,19.0
1996-01-18,2.4,10.6
1996-01-19,0.0,15.0
1996-01-20,0.0,17.0
1996-01-21,0.0,6.2
1996-01-22,0.1,14.6
1996-01-23,0.0,10.4
1996-01-24,0.0,17.0
1996-01-25,0.0,11.0
1996-01-26,0.0,11.6
1996-01-27,0.0,14.6
1996-01-28,0.0,14.6
1996-01-29,0.0,16.4
1996-01-30,0.0,15.8
1996-01-31,0.1,17.4
1996-02-01,0.0,12.6
1996-02-02,0.0,11.8
1996-02-03,0.0,13.6
1996-02-04,0.0,14.0
1996-02-05,0.0,15.6
1996-02-06,0.0,14.6
1996-02-07,0.0,13.2
1996-02-08,0.0,14.8
1996-02-09,0.0,10.0
1996-02-10,0.0,10.8
1996-02-11,0.0,11.0
1996-02-12,0.0,15.6
1996-02-13,0.0,17.2
1996-02-14,0.0,16.2
1996-02-15,0.0,14.0
1996-02-16,0.0,12.0
1996-02-17,0.0,11.6
1996-02-18,0.0,14.0
1996-02-19,0.0,15.0
1996-02-20,0.0,15.6
1996-02-21,0.0,14.4
1996-02-22,0.0,10.8
1996-02-23,0.7,10.8
1996-02-24,0.0,11.8
1996-02-25,0.0,11.6
1996-02-26,0.0,10.2
1996-02-27,0.0,13.6
1996-02-28,0.0,9.0
1996-02-29,0.0,14.2
1996-03-01,0.0,12.8
1996-03-02,0.0,10.2
1996-03-03,0.0,11.4
1996-03-04,0.0,11.2
1996-03-05,0.0,9.0
1996-03-06,0.0,10.2
1996-03-07,0.0,15.0
1996-03-08,0.0,13.0
1996-03-09,0.0,14.6
1996-03-10,0.0,12.2
1996-03-11,0.0,11.4
1996-03-12,0.0,14.4
1996-03-13,0.0,11.2
1996-03-14,0.0,11.6
1996-03-15,11.1,8.6
1996-03-16,5.9,7.4
1996-03-17,0.0,8.4
1996-03-18,0.0,8.8
1996-03-19,0.0,9.4
1996-03-20,0.0,9.2
1996-03-21,0.0,9.6
1996-03-22,0.0,8.6
1996-03-23,0.0,8.6
1996-03-24,0.0,8.0
1996-03-25,1.5,7.8
1996-03-26,0.0,10.2
1996-03-27,0.0,9.6
1996-03-28,0.0,9.6
1996-03-29,0.0,8.8
1996-03-30,0.0,10.6
1996-03-31,0.0,9.8
1996-04-01,0.0,9.4
1996-04-02,0.0,8.6
1996-04-03,0.0,7.4
1996-04-04,0.0,7.6
1996-04-05,0.0,7.4
1996-04-06,0.0,8.0
1996-04-07,0.0,8.6
1996-04-08,0.0,7.4
1996-04-09,0.0,8.2
1996-04-10,0.0,6.0
1996-04-11,0.0,6.4
1996-04-12,0.0,6.2
1996-04-13,0.0,8.0
1996-04-14,0.0,5.8
1996-04-15,0.0,6.2
1996-04-16,0.0,6.2
1996-04-17,0.0,6.6
1996-04-18,0.0,5.6
1996-04-19,0.0,5.8
1996-04-20,0.0,5.8
1996-04-21,0.0,6.0
1996-04-22,0.0,7.6
1996-04-23,0.0,6.4
1996-04-24,0.0,6.0
1996-04-25,0.0,5.6
1996-04-26,0.0,6.0
1996-04-27,0.0,8.2
1996-04-28,0.0,9.0
1996-04-29,0.0,8.6
1996-04-30,0.0,4.4
1996-05-01,0.0,3.0
1996-05-02,0.0,4.4
1996-05-03,0.0,4.6
1996-05-04,0.0,2.4
1996-05-05,11.4,3.6
1996-05-06,2.9,3.4
1996-05-07,0.0,4.6
1996-05-08,0.0,4.6
1996-05-09,0.0,4.2
1996-05-10,0.0,4.2
1996-05-11,0.0,4.6
1996-05-12,0.0,6.8
1996-05-13,0.0,5.0
1996-05-14,0.0,5.2
1996-05-15,0.0,4.8
1996-05-16,0.0,5.8
1996-05-17,0.0,3.6
1996-05-18,0.0,3.4
1996-05-19,0.0,2.6
1996-05-20,0.0,4.2
1996-05-21,0.0,3.0
1996-05-22,0.0,2.6
1996-05-23,0.0,3.8
1996-05-24,0.0,5.0
1996-05-25,0.0,4.6
1996-05-26,0.0,3.6
1996-05-27,0.0,3.2
1996-05-28,0.0,3.8
1996-05-29,0.0,2.6
1996-05-30,0.0,4.2
1996-05-31,0.0,3.6
1996-06-01,0.0,5.2
1996-06-02,0.0,3.4
1996-06-03,0.0,4.2
1996-06-04,0.0,5.0
1996-06-05,0.0,3.8
1996-06-06,0.7,2.8
1996-06-07,0.0,3.0
1996-06-08,0.0,2.6
1996-06-09,0.0,4.4
1996-06-10,0.0,4.0
1996-06-11,0.0,3.4
1996-06-12,0.0,2.8
1996-06-13,0.0,3.2
1996-06-14,0.0,2.8
1996-06-15,0.0,1.8
1996-06-16,0.0,2.6
1996-06-17,0.0,3.2
1996-06-18,0.0,3.6
1996-06-19,0.0,4.4
1996-06-20,0.0,5.0
1996-06-21,0.0,2.2
1996-06-22,9.4,3.2
1996-06-23,0.9,2.4
1996-06-24,0.0,2.8
1996-06-25,0.6,2.6
1996-06-26,0.0,3.4
1996-06-27,0.0,2.8
1996-06-28,0.0,2.4
1996-06-29,0.0,4.2
1996-06-30,0.0,3.2
1996-07-01,0.0,3.2
1996-07-02,0.0,2.6
1996-07-03,0.0,3.4
1996-07-04,0.0,3.6
1996-07-05,0.3,2.0
1996-07-06,0.0,1.8
1996-07-07,0.0,3.2
1996-07-08,0.0,2.8
1996-07-09,0.0,2.8
1996-07-10,0.0,1.2
1996-07-11,0.0,3.0
1996-07-12,0.0,3.2
1996-07-13,0.0,2.4
1996-07-14,0.0,1.8
1996-07-15,0.0,2.2
1996-07-16,0.0,2.2
1996-07-17,0.0,4.2
1996-07-18,0.0,5.0
1996-07-19,0.0,7.0
1996-07-20,0.0,4.4
1996-07-21,0.0,2.8
1996-07-22,0.0,6.2
1996-07-23,0.0,5.2
1996-07-24,0.3,2.8
1996-07-25,0.0,1.6
1996-07-26,8.0,3.6
1996-07-27,41.1,2.0
1996-07-28,0.0,2.2
1996-07-29,0.0,3.0
1996-07-30,0.0,3.4
1996-07-31,0.0,4.2
1996-08-01,0.0,3.6
1996-08-02,0.0,4.8
1996-08-03,0.0,3.4
1996-08-04,0.0,3.6
1996-08-05,0.0,3.8
1996-08-06,0.0,2.2
1996-08-07,0.0,4.4
1996-08-08,0.0,2.8
1996-08-09,0.0,3.4
1996-08-10,0.0,2.8
1996-08-11,0.0,3.6
1996-08-12,0.0,3.8
1996-08-13,0.0,7.4
1996-08-14,0.0,5.2
1996-08-15,0.0,4.0
1996-08-16,0.0,3.2
1996-08-17,0.0,4.8
1996-08-18,0.0,4.0
1996-08-19,0.0,3.8
1996-08-20,0.0,2.6
1996-08-21,0.0,3.4
1996-08-22,0.0,4.0
1996-08-23,0.0,2.6
1996-08-24,0.0,3.6
1996-08-25,0.0,4.0
1996-08-26,0.0,6.4
1996-08-27,0.0,5.0
1996-08-28,0.0,6.0
1996-08-29,0.0,2.2
1996-08-30,0.0,4.2
1996-08-31,0.0,4.0
1996-09-01,0.0,4.6
1996-09-02,0.0,5.2
1996-09-03,0.0,3.4
1996-09-04,0.0,5.8
1996-09-05,0.0,4.8
1996-09-06,0.0,6.4
1996-09-07,0.0,8.0
1996-09-08,0.0,5.8
1996-09-09,0.0,8.4
1996-09-10,0.0,6.8
1996-09-11,0.0,11.4
1996-09-12,0.0,7.8
1996-09-13,0.0,6.2
1996-09-14,0.0,5.8
1996-09-15,0.0,9.6
1996-09-16,0.0,10.2
1996-09-17,0.0,7.8
1996-09-18,0.0,14.6
1996-09-19,0.0,10.4
1996-09-20,0.0,5.8
1996-09-21,0.0,5.8
1996-09-22,0.0,9.2
1996-09-23,0.0,8.8
1996-09-24,0.0,9.2
1996-09-25,0.0,6.6
1996-09-26,0.0,8.6
1996-09-27,0.0,7.6
1996-09-28,16.5,6.2
1996-09-29,26.9,7.6
1996-09-30,0.0,5.8
1996-10-01,0.0,5.2
1996-10-02,0.0,5.8
1996-10-03,0.0,7.0
1996-10-04,0.0,8.8
1996-10-05,1.7,4.4
1996-10-06,0.1,4.2
1996-10-07,0.0,8.6
1996-10-08,0.0,8.2
1996-10-09,0.0,7.6
1996-10-10,0.0,9.6
1996-10-11,0.0,14.0
1996-10-12,0.0,7.4
1996-10-13,0.0,10.0
1996-10-14,0.0,9.0
1996-10-15,0.0,10.2
1996-10-16,0.8,7.8
1996-10-17,0.0,3.0
1996-10-18,0.0,7.0
1996-10-19,0.0,10.2
1996-10-20,0.0,11.0
1996-10-21,0.0,9.2
1996-10-22,0.0,12.0
1996-10-23,0.0,12.2
1996-10-24,0.0,12.2
1996-10-25,0.0,11.0
1996-10-26,0.0,10.4
1996-10-27,0.0,12.4
1996-10-28,0.0,10.6
1996-10-29,0.0,10.8
1996-10-30,0.0,12.2
1996-10-31,0.0,12.6
1996-11-01,0.0,10.6
1996-11-02,0.4,10.2
1996-11-03,0.0,6.2
1996-11-04,0.0,10.4
1996-11-05,0.0,9.8
1996-11-06,0.0,10.6
1996-11-07,0.0,9.4
1996-11-08,0.0,10.8
1996-11-09,0.0,12.2
1996-11-10,0.0,11.2
1996-11-11,0.0,9.0
1996-11-12,0.0,11.4
1996-11-13,0.0,18.0
1996-11-14,0.0,14.2
1996-11-15,0.0,15.2
1996-11-16,0.0,13.8
1996-11-17,0.0,12.6
1996-11-18,0.0,11.8
1996-11-19,0.0,12.2
1996-11-20,0.0,13.4
1996-11-21,0.0,13.6
1996-11-22,0.0,12.8
1996-11-23,0.0,13.0
1996-11-24,0.0,9.8
1996-11-25,0.0,11.2
1996-11-26,0.0,11.2
1996-11-27,0.0,14.2
1996-11-28,0.0,16.4
1996-11-29,0.0,14.2
1996-11-30,0.0,11.6
1996-12-01,0.0,14.0
1996-12-02,0.1,11.6
1996-12-03,0.1,13.0
1996-12-04,1.7,11.2
1996-12-05,0.0,12.6
1996-12-06,5.2,10.4
1996-12-07,0.0,9.4
1996-12-08,0.0,10.6
1996-12-09,0.0,10.4
1996-12-10,0.0,11.6
1996-12-11,0.0,9.4
1996-12-12,0.0,13.8
1996-12-13,0.0,16.0
1996-12-14,0.0,15.6
1996-12-15,0.0,15.8
1996-12-16,0.0,11.6
1996-12-17,0.5,11.2
1996-12-18,0.0,15.0
1996-12-19,0.0,13.6
1996-12-20,0.0,14.4
1996-12-21,0.0,14.2
1996-12-22,0.0,13.6
1996-12-23,0.0,14.2
1996-12-24,0.0,15.2
1996-12-25,0.0,16.0
1996-12-26,0.0,13.6
1996-12-27,0.0,12.8
1996-12-28,0.0,11.4
1996-12-29,0.0,13.4
1996-12-30,0.0,15.0
1996-12-31,0.0,15.0
1997-01-01,0.0,12.0
1997-01-02,0.0,17.0
1997-01-03,0.0,14.0
1997-01-04,0.0,11.2
1997-01-05,1.8,11.8
1997-01-06,1.7,11.6
1997-01-07,0.0,14.6
1997-01-08,0.0,14.6
1997-01-09,0.0,13.2
1997-01-10,0.0,16.8
1997-01-11,0.0,16.0
1997-01-12,0.0,11.0
1997-01-13,1.6,11.2
1997-01-14,9.5,11.4
1997-01-15,13.5,8.0
1997-01-16,8.0,11.0
1997-01-17,0.0,13.6
1997-01-18,0.0,8.0
1997-01-19,0.0,11.6
1997-01-20,0.0,11.6
1997-01-21,0.0,10.0
1997-01-22,4.1,7.6
1997-01-23,2.0,9.2
1997-01-24,0.0,12.6
1997-01-25,0.0,12.8
1997-01-26,0.0,12.2
1997-01-27,0.0,9.8
1997-01-28,0.0,5.8
1997-01-29,0.0,10.0
1997-01-30,0.0,13.4
1997-01-31,0.0,12.2
1997-02-01,0.0,6.2
1997-02-02,0.0,9.0
1997-02-03,0.1,12.0
1997-02-04,0.0,11.0
1997-02-05,0.0,9.2
1997-02-06,0.0,7.2
1997-02-07,1.3,10.0
1997-02-08,0.0,8.2
1997-02-09,0.1,9.0
1997-02-10,0.0,6.8
1997-02-11,0.0,5.2
1997-02-12,61.9,8.4
1997-02-13,2.6,7.6
1997-02-14,0.5,9.8
1997-02-15,0.0,9.0
1997-02-16,0.1,11.6
1997-02-17,0.0,13.0
1997-02-18,0.0,12.6
1997-02-19,0.0,12.6
1997-02-20,0.0,11.8
1997-02-21,0.0,11.4
1997-02-22,0.0,12.6
1997-02-23,0.0,13.2
1997-02-24,0.0,12.4
1997-02-25,0.0,12.0
1997-02-26,0.0,15.6
1997-02-27,0.0,13.0
1997-02-28,0.0,12.0
1997-03-01,0.0,13.6
1997-03-02,0.0,12.0
1997-03-03,0.0,12.4
1997-03-04,0.0,15.8
1997-03-05,0.0,11.2
1997-03-06,0.0,7.8
1997-03-07,0.0,5.6
1997-03-08,0.0,11.6
1997-03-09,0.0,12.6
1997-03-10,0.0,11.2
1997-03-11,0.0,8.4
1997-03-12,0.0,11.2
1997-03-13,0.0,13.0
1997-03-14,0.0,11.4
1997-03-15,0.0,10.4
1997-03-16,0.0,9.0
1997-03-17,0.0,9.4
1997-03-18,0.0,9.6
1997-03-19,0.0,11.0
1997-03-20,0.0,10.0
1997-03-21,0.0,8.4
1997-03-22,0.0,9.4
1997-03-23,0.0,8.6
1997-03-24,0.0,8.4
1997-03-25,0.0,7.4
1997-03-26,0.0,7.8
1997-03-27,0.0,7.8
1997-03-28,0.0,11.6
1997-03-29,0.0,10.2
1997-03-30,0.0,10.8
1997-03-31,0.0,8.0
1997-04-01,0.0,6.6
1997-04-02,0.0,7.2
1997-04-03,0.0,7.8
1997-04-04,0.0,7.2
1997-04-05,0.0,7.8
1997-04-06,0.0,7.2
1997-04-07,0.0,9.2
1997-04-08,0.0,8.8
1997-04-09,0.0,6.8
1997-04-10,0.0,6.4
1997-04-11,0.0,7.8
1997-04-12,0.0,8.0
1997-04-13,0.0,7.2
1997-04-14,0.0,8.6
1997-04-15,0.0,7.8
1997-04-16,0.0,6.2
1997-04-17,0.0,7.0
1997-04-18,0.0,6.2
1997-04-19,0.0,5.8
1997-04-20,0.0,6.0
1997-04-21,0.0,6.2
1997-04-22,0.0,6.8
1997-04-23,0.0,7.4
1997-04-24,0.0,7.0
1997-04-25,0.0,8.0
1997-04-26,0.0,8.0
1997-04-27,0.0,6.2
1997-04-28,0.0,5.8
1997-04-29,0.0,6.2
1997-04-30,0.0,6.0
1997-05-01,0.0,7.6
1997-05-02,0.0,6.2
1997-05-03,0.0,5.4
1997-05-04,0.0,4.4
1997-05-05,0.0,5.6
1997-05-06,0.0,3.4
1997-05-07,0.7,2.6
1997-05-08,0.0,4.6
1997-05-09,0.0,5.4
1997-05-10,0.0,5.6
1997-05-11,0.0,4.6
1997-05-12,0.0,4.6
1997-05-13,0.0,5.0
1997-05-14,0.0,3.0
1997-05-15,1.6,1.6
1997-05-16,0.0,2.2
1997-05-17,0.0,2.6
1997-05-18,0.0,2.2
1997-05-19,0.0,2.8
1997-05-20,0.0,2.2
1997-05-21,0.0,2.8
1997-05-22,0.0,1.2
1997-05-23,0.0,2.8
1997-05-24,0.3,2.4
1997-05-25,0.0,3.6
1997-05-26,0.0,3.2
1997-05-27,0.4,2.2
1997-05-28,0.0,2.8
1997-05-29,0.0,3.0
1997-05-30,0.0,4.2
1997-05-31,0.0,3.8
1997-06-01,0.0,3.0
1997-06-02,0.0,3.0
1997-06-03,0.0,3.0
1997-06-04,0.0,5.0
1997-06-05,1.2,6.2
1997-06-06,0.0,6.0
1997-06-07,0.0,3.2
1997-06-08,0.0,3.8
1997-06-09,0.0,3.2
1997-06-10,0.0,3.2
1997-06-11,0.0,3.6
1997-06-12,0.0,2.4
1997-06-13,0.0,2.4
1997-06-14,1.1,3.0
1997-06-15,0.0,3.2
1997-06-16,0.0,4.8
1997-06-17,0.0,3.0
1997-06-18,0.0,3.0
1997-06-19,0.0,2.6
1997-06-20,0.0,2.2
1997-06-21,0.0,4.0
1997-06-22,0.0,3.0
1997-06-23,0.0,2.8
1997-06-24,0.0,3.6
1997-06-25,0.0,3.4
1997-06-26,0.0,3.2
1997-06-27,0.0,2.2
1997-06-28,0.0,2.6
1997-06-29,0.0,2.4
1997-06-30,0.0,2.4
1997-07-01,0.0,3.2
1997-07-02,0.0,4.0
1997-07-03,0.0,4.4
1997-07-04,0.0,3.0
1997-07-05,0.0,2.8
1997-07-06,0.0,3.8
1997-07-07,0.0,3.4
1997-07-08,0.0,4.0
1997-07-09,0.0,5.8
1997-07-10,0.0,3.8
1997-07-11,0.0,2.6
1997-07-12,0.0,2.0
1997-07-13,0.0,2.6
1997-07-14,0.0,2.4
1997-07-15,0.0,4.2
1997-07-16,0.0,3.0
1997-07-17,0.0,3.4
1997-07-18,0.0,4.2
1997-07-19,0.0,3.6
1997-07-20,0.0,2.6
1997-07-21,0.0,2.8
1997-07-22,0.0,3.6
1997-07-23,0.0,3.6
1997-07-24,0.0,3.2
1997-07-25,0.0,4.6
1997-07-26,0.0,3.8
1997-07-27,0.0,3.6
1997-07-28,0.0,3.8
1997-07-29,0.0,4.8
1997-07-30,0.0,4.6
1997-07-31,0.0,3.4
1997-08-01,0.0,4.4
1997-08-02,0.0,4.4
1997-08-03,0.0,3.2
1997-08-04,0.0,4.0
1997-08-05,0.0,4.6
1997-08-06,0.0,4.2
1997-08-07,1.6,3.6
1997-08-08,0.5,3.4
1997-08-09,0.3,3.2
1997-08-10,0.0,6.6
1997-08-11,0.2,4.8
1997-08-12,0.0,3.4
1997-08-13,0.0,3.8
1997-08-14,0.0,3.6
1997-08-15,0.0,4.4
1997-08-16,0.0,6.8
1997-08-17,0.0,5.4
1997-08-18,0.0,7.4
1997-08-19,0.0,5.8
1997-08-20,0.0,4.6
1997-08-21,0.0,4.6
1997-08-22,0.0,4.8
1997-08-23,0.0,5.2
1997-08-24,0.0,5.2
1997-08-25,0.0,3.8
1997-08-26,0.0,4.2
1997-08-27,0.0,3.6
1997-08-28,0.0,5.2
1997-08-29,0.0,6.4
1997-08-30,0.0,8.4
1997-08-31,0.3,6.0
1997-09-01,1.4,3.6
1997-09-02,0.0,4.8
1997-09-03,0.8,5.0
1997-09-04,0.0,6.8
1997-09-05,0.0,5.4
1997-09-06,0.0,4.4
1997-09-07,0.1,8.0
1997-09-08,0.0,5.2
1997-09-09,0.0,5.4
1997-09-10,0.0,5.2
1997-09-11,0.0,7.0
1997-09-12,0.0,6.8
1997-09-13,0.0,6.4
1997-09-14,0.0,8.0
1997-09-15,0.0,5.6
1997-09-16,0.0,8.8
1997-09-17,0.0,7.2
1997-09-18,0.0,4.8
1997-09-19,0.4,7.0
1997-09-20,0.0,7.0
1997-09-21,0.0,6.6
1997-09-22,0.0,7.6
1997-09-23,0.0,5.8
1997-09-24,0.0,7.8
1997-09-25,0.0,6.0
1997-09-26,0.0,9.2
1997-09-27,0.0,5.4
1997-09-28,0.0,9.0
1997-09-29,0.0,8.0
1997-09-30,0.0,8.0
1997-10-01,0.0,11.2
1997-10-02,0.0,12.8
1997-10-03,0.0,7.8
1997-10-04,0.0,2.8
1997-10-05,0.0,3.0
1997-10-06,0.0,4.8
1997-10-07,0.0,5.6
1997-10-08,0.0,9.4
1997-10-09,0.0,8.2
1997-10-10,0.0,9.2
1997-10-11,0.0,11.2
1997-10-12,0.0,9.8
1997-10-13,0.0,9.6
1997-10-14,0.0,9.6
1997-10-15,0.0,8.6
1997-10-16,0.0,11.2
1997-10-17,0.0,10.8
1997-10-18,0.0,10.2
1997-10-19,0.0,8.8
1997-10-20,0.0,9.2
1997-10-21,0.0,10.0
1997-10-22,0.0,10.6
1997-10-23,0.0,10.0
1997-10-24,0.0,9.6
1997-10-25,0.0,11.2
1997-10-26,0.0,11.8
1997-10-27,0.0,12.0
1997-10-28,0.0,11.4
1997-10-29,0.0,13.4
1997-10-30,0.0,13.0
1997-10-31,0.1,8.8
1997-11-01,0.0,8.4
1997-11-02,0.0,11.2
1997-11-03,0.0,10.6
1997-11-04,0.0,11.2
1997-11-05,0.0,10.8
1997-11-06,0.0,11.6
1997-11-07,0.0,11.2
1997-11-08,0.0,13.4
1997-11-09,0.0,11.0
1997-11-10,0.0,12.4
1997-11-11,2.2,11.0
1997-11-12,0.2,10.4
1997-11-13,3.4,8.8
1997-11-14,19.2,8.4
1997-11-15,11.3,7.8
1997-11-16,0.2,8.0
1997-11-17,1.3,7.4
1997-11-18,0.5,9.4
1997-11-19,0.0,9.4
1997-11-20,0.0,11.4
1997-11-21,0.0,11.4
1997-11-22,0.0,13.0
1997-11-23,0.0,13.2
1997-11-24,0.0,14.6
1997-11-25,0.0,15.4
1997-11-26,0.0,16.4
1997-11-27,0.0,14.6
1997-11-28,0.0,16.2
1997-11-29,0.0,14.0
1997-11-30,0.0,13.4
1997-12-01,0.0,13.0
1997-12-02,0.0,16.6
1997-12-03,0.0,19.4
1997-12-04,0.0,13.6
1997-12-05,0.0,12.6
1997-12-06,0.0,16.4
1997-12-07,0.6,13.8
1997-12-08,0.0,12.4
1997-12-09,0.7,14.2
1997-12-10,0.0,13.2
1997-12-11,0.3,12.4
1997-12-12,0.0,11.4
1997-12-13,2.1,12.4
1997-12-14,1.1,15.6
1997-12-15,0.0,12.4
1997-12-16,0.0,13.6
1997-12-17,0.0,14.6
1997-12-18,0.0,16.8
1997-12-19,0.0,10.2
1997-12-20,0.0,14.0
1997-12-21,0.0,16.8
1997-12-22,0.0,16.8
1997-12-23,0.0,16.2
1997-12-24,0.0,13.8
1997-12-25,0.0,16.2
1997-12-26,0.0,18.4
1997-12-27,0.0,19.0
1997-12-28,0.0,14.8
1997-12-29,0.0,16.2
1997-12-30,0.0,14.8
1997-12-31,0.1,14.8
1998-01-01,0.0,13.8
1998-01-02,0.0,15.6
1998-01-03,0.0,17.4
1998-01-04,0.0,16.0
1998-01-05,0.0,12.8
1998-01-06,0.0,10.8
1998-01-07,0.0,9.4
1998-01-08,0.0,10.2
1998-01-09,6.1,7.0
1998-01-10,12.5,8.8
1998-01-11,3.9,9.0
1998-01-12,0.0,7.2
1998-01-13,0.0,7.4
1998-01-14,1.6,6.0
1998-01-15,0.0,13.2
1998-01-16,0.2,13.0
1998-01-17,0.0,14.8
1998-01-18,0.0,10.6
1998-01-19,2.2,15.4
1998-01-20,0.0,14.8
1998-01-21,0.0,15.6
1998-01-22,0.0,14.6
1998-01-23,0.0,14.4
1998-01-24,0.0,11.4
1998-01-25,0.0,13.6
1998-01-26,0.0,13.2
1998-01-27,0.0,10.8
1998-01-28,0.0,14.0
1998-01-29,0.0,12.2
1998-01-30,0.0,15.2
1998-01-31,0.0,13.4
1998-02-01,0.0,14.8
1998-02-02,0.0,15.6
1998-02-03,0.0,18.6
1998-02-04,0.0,16.2
1998-02-05,0.0,6.0
1998-02-06,0.0,11.0
1998-02-07,8.8,7.2
1998-02-08,4.8,8.6
1998-02-09,0.0,9.4
1998-02-10,0.0,10.2
1998-02-11,0.0,10.2
1998-02-12,0.0,15.2
1998-02-13,0.0,14.4
1998-02-14,0.0,12.6
1998-02-15,0.0,13.8
1998-02-16,0.0,15.8
1998-02-17,0.0,12.2
1998-02-18,0.0,12.2
1998-02-19,0.0,12.8
1998-02-20,0.0,14.0
1998-02-21,0.0,14.8
1998-02-22,0.0,13.0
1998-02-23,0.0,13.6
1998-02-24,0.0,13.0
1998-02-25,0.0,13.8
1998-02-26,0.0,14.4
1998-02-27,0.0,17.4
1998-02-28,0.0,16.0
1998-03-01,0.0,11.4
1998-03-02,0.0,11.6
1998-03-03,0.0,12.6
1998-03-04,0.0,12.4
1998-03-05,0.0,10.6
1998-03-06,0.0,12.0
1998-03-07,0.0,14.8
1998-03-08,0.0,10.0
1998-03-09,0.0,11.8
1998-03-10,0.0,11.0
1998-03-11,0.0,14.0
1998-03-12,0.0,12.8
1998-03-13,0.0,13.0
1998-03-14,0.0,15.4
1998-03-15,0.0,12.4
1998-03-16,0.0,12.2
1998-03-17,0.0,12.6
1998-03-18,0.0,13.2
1998-03-19,0.0,10.6
1998-03-20,0.0,11.8
1998-03-21,0.0,11.6
1998-03-22,0.0,11.2
1998-03-23,0.0,10.0
1998-03-24,0.0,10.6
1998-03-25,0.0,8.4
1998-03-26,0.0,9.0
1998-03-27,0.0,10.6
1998-03-28,0.0,11.6
1998-03-29,0.0,8.2
1998-03-30,0.0,9.8
1998-03-31,0.0,8.2
1998-04-01,0.0,12.2
1998-04-02,0.0,9.6
1998-04-03,0.0,10.0
1998-04-04,0.0,9.0
1998-04-05,0.0,8.6
1998-04-06,0.0,7.8
1998-04-07,0.0,10.2
1998-04-08,0.0,9.2
1998-04-09,0.0,9.4
1998-04-10,0.0,8.0
1998-04-11,0.0,8.2
1998-04-12,0.0,6.0
1998-04-13,0.0,7.2
1998-04-14,0.0,6.0
1998-04-15,0.0,7.2
1998-04-16,0.0,6.2
1998-04-17,0.0,5.4
1998-04-18,0.0,5.6
1998-04-19,0.0,4.4
1998-04-20,2.6,5.0
1998-04-21,1.4,3.6
1998-04-22,4.3,5.0
1998-04-23,0.0,3.6
1998-04-24,0.0,3.6
1998-04-25,0.0,6.2
1998-04-26,0.0,4.8
1998-04-27,0.0,3.8
1998-04-28,0.0,4.4
1998-04-29,0.0,4.6
1998-04-30,0.0,5.4
1998-05-01,0.0,6.0
1998-05-02,0.0,8.8
1998-05-03,0.0,5.0
1998-05-04,0.7,5.2
1998-05-05,0.0,5.8
1998-05-06,0.0,4.8
1998-05-07,0.0,6.6
1998-05-08,0.0,5.6
1998-05-09,0.0,5.4
1998-05-10,0.0,4.2
1998-05-11,0.0,4.0
1998-05-12,0.0,4.2
1998-05-13,0.0,4.2
1998-05-14,0.0,3.2
1998-05-15,0.0,3.2
1998-05-16,6.6,4.0
1998-05-17,4.8,4.2
1998-05-18,0.0,3.8
1998-05-19,0.0,5.2
1998-05-20,0.0,3.6
1998-05-21,0.0,4.2
1998-05-22,0.0,4.0
1998-05-23,0.0,5.6
1998-05-24,0.0,3.6
1998-05-25,0.0,4.4
1998-05-26,0.0,3.0
1998-05-27,0.0,3.4
1998-05-28,0.0,4.0
1998-05-29,0.0,3.6
1998-05-30,0.0,3.6
1998-05-31,0.0,4.4
1998-06-01,0.0,3.2
1998-06-02,0.0,4.6
1998-06-03,0.0,3.6
1998-06-04,0.0,4.6
1998-06-05,0.0,4.0
1998-06-06,0.0,5.4
1998-06-07,0.0,4.4
1998-06-08,0.0,3.4
1998-06-09,0.0,1.8
1998-06-10,0.0,3.6
1998-06-11,0.0,4.0
1998-06-12,0.0,4.0
1998-06-13,0.0,2.0
1998-06-14,0.0,2.0
1998-06-15,0.5,1.4
1998-06-16,2.7,3.4
1998-06-17,0.0,2.6
1998-06-18,0.0,3.4
1998-06-19,0.0,3.2
1998-06-20,8.0,1.4
1998-06-21,4.1,2.0
1998-06-22,0.0,3.4
1998-06-23,0.0,2.4
1998-06-24,0.0,1.8
1998-06-25,0.0,2.6
1998-06-26,0.0,3.0
1998-06-27,0.0,0.6
1998-06-28,0.0,2.8
1998-06-29,0.6,2.6
1998-06-30,0.0,2.8
1998-07-01,0.0,2.6
1998-07-02,0.0,2.4
1998-07-03,0.0,1.6
1998-07-04,0.0,3.8
1998-07-05,0.0,4.2
1998-07-06,0.0,3.0
1998-07-07,0.9,2.4
1998-07-08,0.0,3.8
1998-07-09,0.0,2.8
1998-07-10,0.0,3.2
1998-07-11,0.0,4.0
1998-07-12,0.0,3.0
1998-07-13,0.0,2.2
1998-07-14,0.0,1.2
1998-07-15,0.0,2.2
1998-07-16,2.8,3.2
1998-07-17,7.3,1.4
1998-07-18,4.2,1.4
1998-07-19,0.0,5.0
1998-07-20,36.9,1.8
1998-07-21,0.0,2.6
1998-07-22,0.0,2.2
1998-07-23,0.0,1.8
1998-07-24,1.7,2.0
1998-07-25,0.5,1.4
1998-07-26,0.0,2.8
1998-07-27,6.9,1.6
1998-07-28,6.2,3.0
1998-07-29,0.0,2.8
1998-07-30,0.0,2.6
1998-07-31,0.0,2.2
1998-08-01,0.0,3.2
1998-08-02,0.0,1.4
1998-08-03,0.0,2.4
1998-08-04,2.1,1.8
1998-08-05,0.0,3.0
1998-08-06,0.0,3.4
1998-08-07,1.3,2.6
1998-08-08,0.0,3.6
1998-08-09,0.0,4.0
1998-08-10,0.0,3.2
1998-08-11,0.0,3.4
1998-08-12,0.0,3.4
1998-08-13,0.0,3.0
1998-08-14,0.0,3.2
1998-08-15,0.0,4.4
1998-08-16,0.0,3.6
1998-08-17,0.0,3.4
1998-08-18,0.0,3.8
1998-08-19,0.0,5.8
1998-08-20,0.0,5.6
1998-08-21,0.0,6.2
1998-08-22,0.0,5.4
1998-08-23,0.0,5.4
1998-08-24,0.0,5.2
1998-08-25,0.0,4.8
1998-08-26,0.0,5.0
1998-08-27,0.0,5.0
1998-08-28,0.0,6.4
1998-08-29,0.0,6.8
1998-08-30,0.0,5.8
1998-08-31,0.0,5.8
1998-09-01,0.0,5.6
1998-09-02,0.0,7.2
1998-09-03,0.0,8.0
1998-09-04,0.0,6.0
1998-09-05,3.4,7.4
1998-09-06,0.0,5.2
1998-09-07,0.0,5.4
1998-09-08,0.0,7.0
1998-09-09,0.0,9.2
1998-09-10,58.2,2.8
1998-09-11,4.4,4.0
1998-09-12,0.3,5.4
1998-09-13,0.0,5.4
1998-09-14,5.5,1.8
1998-09-15,12.7,4.4
1998-09-16,0.0,4.4
1998-09-17,0.0,5.6
1998-09-18,0.0,7.6
1998-09-19,0.0,4.8
1998-09-20,0.0,2.4
1998-09-21,14.2,4.0
1998-09-22,0.0,4.4
1998-09-23,23.1,3.6
1998-09-24,1.7,4.6
1998-09-25,0.0,5.4
1998-09-26,0.0,3.4
1998-09-27,0.0,7.0
1998-09-28,0.0,7.8
1998-09-29,0.0,8.2
1998-09-30,0.0,9.8
1998-10-01,0.0,10.8
1998-10-02,0.0,8.2
1998-10-03,0.0,9.2
1998-10-04,0.0,5.6
1998-10-05,0.0,10.6
1998-10-06,0.0,7.0
1998-10-07,0.0,5.6
1998-10-08,0.0,4.2
1998-10-09,0.0,6.6
1998-10-10,0.0,6.0
1998-10-11,0.0,4.4
1998-10-12,0.0,9.8
1998-10-13,0.0,7.6
1998-10-14,0.0,8.6
1998-10-15,0.0,7.4
1998-10-16,0.0,10.4
1998-10-17,0.0,15.4
1998-10-18,0.0,12.8
1998-10-19,0.0,7.6
1998-10-20,0.0,7.6
1998-10-21,0.0,8.4
1998-10-22,0.0,10.4
1998-10-23,0.0,7.6
1998-10-24,0.0,9.2
1998-10-25,0.0,9.6
1998-10-26,0.0,12.0
1998-10-27,0.0,8.8
1998-10-28,0.0,8.8
1998-10-29,0.1,3.8
1998-10-30,0.0,6.4
1998-10-31,0.0,11.0
1998-11-01,0.0,11.4
1998-11-02,0.0,13.0
1998-11-03,0.0,12.4
1998-11-04,0.0,10.4
1998-11-05,0.0,9.6
1998-11-06,0.0,10.8
1998-11-07,0.0,9.8
1998-11-08,0.0,9.6
1998-11-09,0.0,10.6
1998-11-10,8.2,5.4
1998-11-11,6.4,5.0
1998-11-12,3.1,6.2
1998-11-13,0.0,8.2
1998-11-14,0.0,9.4
1998-11-15,0.0,12.8
1998-11-16,0.0,14.4
1998-11-17,0.0,13.4
1998-11-18,0.0,15.0
1998-11-19,0.0,7.2
1998-11-20,0.0,9.0
1998-11-21,0.0,11.2
1998-11-22,0.0,11.2
1998-11-23,0.0,12.4
1998-11-24,0.0,12.8
1998-11-25,0.0,10.4
1998-11-26,0.0,14.6
1998-11-27,0.0,9.4
1998-11-28,0.0,9.6
1998-11-29,0.0,13.2
1998-11-30,0.0,13.0
1998-12-01,0.0,12.4
1998-12-02,0.0,13.2
1998-12-03,0.0,14.2
1998-12-04,0.0,16.0
1998-12-05,0.0,13.4
1998-12-06,0.0,12.4
1998-12-07,0.0,10.6
1998-12-08,0.0,12.6
1998-12-09,0.0,9.4
1998-12-10,0.0,12.2
1998-12-11,0.0,14.4
1998-12-12,0.0,17.4
1998-12-13,0.0,11.2
1998-12-14,0.0,11.0
1998-12-15,0.0,16.0
1998-12-16,0.0,15.0
1998-12-17,0.0,16.4
1998-12-18,0.0,11.4
1998-12-19,0.0,14.8
1998-12-20,0.0,11.0
1998-12-21,0.0,12.8
1998-12-22,0.0,11.4
1998-12-23,0.0,11.6
1998-12-24,0.0,14.2
1998-12-25,0.0,14.8
1998-12-26,0.0,17.4
1998-12-27,0.0,14.8
1998-12-28,0.0,7.8
1998-12-29,0.0,13.2
1998-12-30,0.0,16.2
1998-12-31,0.0,10.0
1999-01-01,0.0,9.4
1999-01-02,0.0,11.2
1999-01-03,0.0,16.0
1999-01-04,0.0,15.6
1999-01-05,0.0,15.8
1999-01-06,0.0,14.6
1999-01-07,0.1,14.4
1999-01-08,0.0,13.6
1999-01-09,0.0,14.2
1999-01-10,0.0,13.6
1999-01-11,0.0,15.0
1999-01-12,0.0,17.0
1999-01-13,0.0,18.4
1999-01-14,0.0,18.2
1999-01-15,0.0,17.6
1999-01-16,4.3,15.8
1999-01-17,0.0,13.4
1999-01-18,0.0,16.4
1999-01-19,0.0,18.8
1999-01-20,0.0,18.6
1999-01-21,0.0,16.0
1999-01-22,0.0,14.2
1999-01-23,0.0,15.2
1999-01-24,0.0,14.6
1999-01-25,0.0,17.4
1999-01-26,0.0,13.0
1999-01-27,0.0,14.0
1999-01-28,0.0,11.4
1999-01-29,0.0,18.2
1999-01-30,0.0,13.0
1999-01-31,0.0,12.0
1999-02-01,0.0,13.4
1999-02-02,0.0,15.0
1999-02-03,0.0,15.2
1999-02-04,0.0,13.4
1999-02-05,0.0,14.4
1999-02-06,0.0,13.8
1999-02-07,0.0,15.6
1999-02-08,0.0,18.0
1999-02-09,0.0,9.0
1999-02-10,5.3,7.4
1999-02-11,0.1,11.6
1999-02-12,0.0,13.2
1999-02-13,0.0,13.2
1999-02-14,0.0,14.6
1999-02-15,0.0,14.4
1999-02-16,0.0,11.4
1999-02-17,0.0,14.4
1999-02-18,0.0,13.4
1999-02-19,0.0,12.6
1999-02-20,0.0,11.6
1999-02-21,0.0,13.4
1999-02-22,0.0,13.8
1999-02-23,0.0,10.8
1999-02-24,0.0,13.0
1999-02-25,0.0,12.8
1999-02-26,0.0,12.0
1999-02-27,0.0,11.0
1999-02-28,0.0,10.0
1999-03-01,0.0,9.8
1999-03-02,0.0,7.4
1999-03-03,6.5,11.2
1999-03-04,0.0,13.0
1999-03-05,0.0,12.4
1999-03-06,0.0,14.2
1999-03-07,3.9,8.4
1999-03-08,0.0,8.2
1999-03-09,0.0,10.6
1999-03-10,0.0,13.6
1999-03-11,0.0,12.2
1999-03-12,0.0,10.8
1999-03-13,0.0,12.4
1999-03-14,0.0,10.6
1999-03-15,2.0,12.2
1999-03-16,0.0,12.4
1999-03-17,0.0,13.2
1999-03-18,0.0,10.0
1999-03-19,0.0,7.6
1999-03-20,0.0,7.8
1999-03-21,4.2,9.6
1999-03-22,0.0,6.6
1999-03-23,0.0,8.0
1999-03-24,0.0,9.4
1999-03-25,0.0,8.6
1999-03-26,0.0,9.0
1999-03-27,0.0,13.8
1999-03-28,0.0,8.8
1999-03-29,0.0,9.8
1999-03-30,0.0,10.0
1999-03-31,0.0,9.0
1999-04-01,0.0,5.6
1999-04-02,0.0,7.4
1999-04-03,0.0,5.2
1999-04-04,0.0,3.6
1999-04-05,0.0,7.8
1999-04-06,0.0,8.4
1999-04-07,0.0,6.8
1999-04-08,0.0,8.6
1999-04-09,0.0,7.0
1999-04-10,0.0,9.4
1999-04-11,0.0,7.4
1999-04-12,0.0,8.6
1999-04-13,0.0,6.6
1999-04-14,0.0,9.8
1999-04-15,0.0,10.0
1999-04-16,0.0,8.4
1999-04-17,0.0,6.8
1999-04-18,0.0,6.2
1999-04-19,0.0,7.4
1999-04-20,0.0,6.8
1999-04-21,0.0,9.4
1999-04-22,0.0,5.6
1999-04-23,0.0,6.6
1999-04-24,0.0,4.0
1999-04-25,0.0,5.0
1999-04-26,0.0,6.8
1999-04-27,0.0,6.6
1999-04-28,0.0,5.0
1999-04-29,0.0,5.4
1999-04-30,0.0,6.0
1999-05-01,0.0,6.2
1999-05-02,0.0,5.0
1999-05-03,0.0,5.0
1999-05-04,0.0,6.6
1999-05-05,0.0,5.4
1999-05-06,0.0,6.6
1999-05-07,0.0,5.2
1999-05-08,0.0,5.2
1999-05-09,0.0,6.4
1999-05-10,0.0,5.6
1999-05-11,0.0,4.0
1999-05-12,0.0,5.0
1999-05-13,0.0,3.2
1999-05-14,0.0,4.8
1999-05-15,0.0,5.4
1999-05-16,0.0,5.6
1999-05-17,0.0,5.4
1999-05-18,0.0,6.4
1999-05-19,0.0,6.2
1999-05-20,0.0,5.0
1999-05-21,0.0,5.4
1999-05-22,0.7,4.4
1999-05-23,0.0,4.0
1999-05-24,0.0,4.0
1999-05-25,0.0,2.6
1999-05-26,0.0,3.0
1999-05-27,0.0,3.0
1999-05-28,0.0,3.4
1999-05-29,0.0,4.8
1999-05-30,0.0,5.8
1999-05-31,0.0,5.4
1999-06-01,0.0,3.2
1999-06-02,0.0,2.2
1999-06-03,0.0,3.8
1999-06-04,0.0,5.8
1999-06-05,0.0,3.0
1999-06-06,4.5,2.0
1999-06-07,0.0,2.6
1999-06-08,0.0,2.2
1999-06-09,0.0,2.6
1999-06-10,0.0,3.2
1999-06-11,0.0,2.8
1999-06-12,0.0,2.2
1999-06-13,0.0,4.4
1999-06-14,0.0,2.8
1999-06-15,0.0,1.8
1999-06-16,0.0,3.0
1999-06-17,0.0,3.4
1999-06-18,0.0,3.0
1999-06-19,0.0,3.0
1999-06-20,0.0,2.8
1999-06-21,0.0,3.2
1999-06-22,0.0,5.2
1999-06-23,0.0,3.2
1999-06-24,0.0,3.2
1999-06-25,0.0,3.2
1999-06-26,0.0,4.0
1999-06-27,0.0,3.0
1999-06-28,0.0,3.6
1999-06-29,0.0,4.4
1999-06-30,2.3,3.6
1999-07-01,0.0,3.4
1999-07-02,0.0,3.0
1999-07-03,0.0,2.8
1999-07-04,0.0,2.4
1999-07-05,0.0,3.2
1999-07-06,0.0,3.6
1999-07-07,0.0,4.2
1999-07-08,0.0,5.2
1999-07-09,6.8,2.4
1999-07-10,0.0,2.8
1999-07-11,0.0,3.0
1999-07-12,0.0,2.8
1999-07-13,0.0,3.6
1999-07-14,0.0,2.0
1999-07-15,0.0,2.0
1999-07-16,0.0,2.2
1999-07-17,0.0,5.2
1999-07-18,0.0,3.8
1999-07-19,0.0,6.2
1999-07-20,0.0,5.0
1999-07-21,0.0,3.8
1999-07-22,0.0,3.2
1999-07-23,0.0,3.4
1999-07-24,0.0,5.2
1999-07-25,0.0,3.4
1999-07-26,0.0,3.8
1999-07-27,0.0,4.2
1999-07-28,0.0,4.8
1999-07-29,0.0,5.0
1999-07-30,0.0,5.6
1999-07-31,0.0,6.0
1999-08-01,0.0,4.8
1999-08-02,0.0,4.6
1999-08-03,0.0,2.6
1999-08-04,0.0,8.2
1999-08-05,0.0,6.0
1999-08-06,0.0,3.8
1999-08-07,0.0,4.4
1999-08-08,5.7,3.8
1999-08-09,0.0,3.4
1999-08-10,0.0,3.6
1999-08-11,0.0,5.4
1999-08-12,0.0,7.8
1999-08-13,0.0,3.8
1999-08-14,0.0,4.6
1999-08-15,0.0,4.6
1999-08-16,0.0,4.0
1999-08-17,0.0,3.8
1999-08-18,0.0,5.6
1999-08-19,0.0,6.8
1999-08-20,0.0,5.2
1999-08-21,0.0,7.2
1999-08-22,0.0,8.8
1999-08-23,0.0,6.6
1999-08-24,0.0,8.0
1999-08-25,0.0,9.4
1999-08-26,0.0,5.2
1999-08-27,0.0,5.0
1999-08-28,0.0,5.4
1999-08-29,0.0,5.4
1999-08-30,0.0,6.0
1999-08-31,0.0,6.8
1999-09-01,0.0,6.8
1999-09-02,0.0,6.4
1999-09-03,0.0,9.4
1999-09-04,0.0,13.4
1999-09-05,0.0,7.0
1999-09-06,0.0,5.4
1999-09-07,0.0,6.8
1999-09-08,0.0,7.4
1999-09-09,0.0,5.0
1999-09-10,0.1,7.4
1999-09-11,0.0,6.8
1999-09-12,0.0,5.2
1999-09-13,0.0,7.2
1999-09-14,0.0,10.0
1999-09-15,0.0,15.8
1999-09-16,0.0,9.6
1999-09-17,0.0,6.8
1999-09-18,0.0,6.0
1999-09-19,0.0,7.0
1999-09-20,0.0,6.4
1999-09-21,0.0,10.6
1999-09-22,0.0,9.4
1999-09-23,0.0,10.4
1999-09-24,0.0,12.0
1999-09-25,0.0,8.4
1999-09-26,0.0,8.2
1999-09-27,0.0,9.0
1999-09-28,0.0,11.8
1999-09-29,0.0,5.6
1999-09-30,1.9,6.8
1999-10-01,0.0,5.2
1999-10-02,0.0,3.2
1999-10-03,17.7,6.4
1999-10-04,0.0,7.0
1999-10-05,0.0,8.8
1999-10-06,0.0,9.4
1999-10-07,0.0,10.2
1999-10-08,0.0,16.0
1999-10-09,0.0,12.6
1999-10-10,0.7,5.8
1999-10-11,0.5,10.0
1999-10-12,0.0,10.2
1999-10-13,0.0,6.4
1999-10-14,0.0,11.4
1999-10-15,0.0,13.8
1999-10-16,0.0,10.8
1999-10-17,0.0,12.8
1999-10-18,0.0,5.0
1999-10-19,8.7,8.8
1999-10-20,0.0,8.0
1999-10-21,0.0,9.2
1999-10-22,0.0,10.6
1999-10-23,0.0,9.0
1999-10-24,0.0,7.4
1999-10-25,0.0,9.2
1999-10-26,0.0,8.2
1999-10-27,0.0,10.2
1999-10-28,0.0,13.2
1999-10-29,0.0,10.4
1999-10-30,0.0,7.8
1999-10-31,0.0,11.2
1999-11-01,0.0,12.6
1999-11-02,0.0,10.8
1999-11-03,0.0,10.0
1999-11-04,0.0,9.0
1999-11-05,0.5,9.0
1999-11-06,0.0,9.4
1999-11-07,0.0,9.2
1999-11-08,1.5,5.4
1999-11-09,0.2,8.6
1999-11-10,0.0,7.6
1999-11-11,0.0,11.2
1999-11-12,0.0,9.8
1999-11-13,0.0,11.6
1999-11-14,0.0,12.6
1999-11-15,0.0,11.0
1999-11-16,0.0,8.4
1999-11-17,0.0,6.0
1999-11-18,0.0,12.8
1999-11-19,0.0,11.8
1999-11-20,0.8,10.4
1999-11-21,0.0,11.2
1999-11-22,0.0,10.4
1999-11-23,0.0,12.2
1999-11-24,0.0,12.2
1999-11-25,0.0,12.6
1999-11-26,0.0,6.6
1999-11-27,0.0,7.2
1999-11-28,0.0,5.0
1999-11-29,0.1,7.0
1999-11-30,0.0,10.6
1999-12-01,0.2,12.4
1999-12-02,0.0,14.8
1999-12-03,0.0,9.6
1999-12-04,0.3,12.0
1999-12-05,0.0,13.2
1999-12-06,0.0,14.4
1999-12-07,2.1,15.4
1999-12-08,0.0,11.6
1999-12-09,0.0,7.6
1999-12-10,0.0,11.0
1999-12-11,1.6,7.8
1999-12-12,1.4,12.0
1999-12-13,0.0,12.8
1999-12-14,0.0,12.0
1999-12-15,0.0,14.6
1999-12-16,1.5,6.4
1999-12-17,18.0,3.2
1999-12-18,0.0,10.8
1999-12-19,0.0,12.6
1999-12-20,0.0,11.0
1999-12-21,0.0,10.8
1999-12-22,0.0,10.8
1999-12-23,0.0,10.2
1999-12-24,0.0,9.6
1999-12-25,7.4,8.8
1999-12-26,0.0,5.0
1999-12-27,1.4,8.6
1999-12-28,0.0,11.0
1999-12-29,0.0,10.8
1999-12-30,0.0,11.4
1999-12-31,0.0,12.0
2000-01-01,0.0,11.6
2000-01-02,0.0,10.8
2000-01-03,0.0,10.2
2000-01-04,0.0,14.0
2000-01-05,0.0,16.6
2000-01-06,0.0,11.2
2000-01-07,0.0,10.6
2000-01-08,0.0,11.2
2000-01-09,0.0,11.2
2000-01-10,0.0,15.2
2000-01-11,0.0,14.4
2000-01-12,0.0,14.4
2000-01-13,0.0,11.6
2000-01-14,0.0,13.2
2000-01-15,0.0,13.6
2000-01-16,0.0,12.6
2000-01-17,0.0,13.6
2000-01-18,0.0,15.4
2000-01-19,0.0,16.4
2000-01-20,0.0,17.2
2000-01-21,0.0,15.2
2000-01-22,0.0,14.2
2000-01-23,0.0,14.8
2000-01-24,0.0,11.8
2000-01-25,0.0,12.8
2000-01-26,0.0,11.4
2000-01-27,0.0,9.4
2000-01-28,0.0,12.8
2000-01-29,0.0,12.8
2000-01-30,0.0,13.4
2000-01-31,0.0,12.2
2000-02-01,0.0,14.6
2000-02-02,0.0,14.8
2000-02-03,0.0,18.0
2000-02-04,0.0,17.4
2000-02-05,0.0,15.2
2000-02-06,0.0,17.6
2000-02-07,0.0,15.8
2000-02-08,0.0,13.8
2000-02-09,0.0,11.8
2000-02-10,0.0,11.0
2000-02-11,3.8,3.4
2000-02-12,57.0,2.0
2000-02-13,61.7,6.8
2000-02-14,0.0,5.8
2000-02-15,0.0,7.8
2000-02-16,0.0,9.2
2000-02-17,0.0,9.6
2000-02-18,0.0,10.0
2000-02-19,0.0,10.6
2000-02-20,1.7,7.6
2000-02-21,0.0,6.8
2000-02-22,0.0,7.8
2000-02-23,0.0,10.2
2000-02-24,0.0,8.6
2000-02-25,0.0,8.0
2000-02-26,0.0,12.2
2000-02-27,0.0,11.8
2000-02-28,5.4,12.2
2000-02-29,0.0,12.4
2000-03-01,0.0,10.6
2000-03-02,0.0,12.0
2000-03-03,0.0,12.2
2000-03-04,0.0,9.4
2000-03-05,15.3,8.8
2000-03-06,0.6,8.2
2000-03-07,0.0,6.8
2000-03-08,0.0,7.0
2000-03-09,0.0,6.4
2000-03-10,0.0,9.4
2000-03-11,0.0,6.0
2000-03-12,0.0,8.4
2000-03-13,0.0,9.2
2000-03-14,1.3,7.4
2000-03-15,0.0,13.2
2000-03-16,0.0,9.8
2000-03-17,0.0,10.2
2000-03-18,0.0,10.2
2000-03-19,0.0,8.8
2000-03-20,0.0,7.8
2000-03-21,15.6,7.0
2000-03-22,0.0,6.8
2000-03-23,0.0,6.4
2000-03-24,0.0,8.2
2000-03-25,0.0,7.4
2000-03-26,0.0,8.0
2000-03-27,0.0,8.2
2000-03-28,0.0,8.2
2000-03-29,0.0,9.8
2000-03-30,0.0,8.6
2000-03-31,0.0,8.4
2000-04-01,0.0,9.0
2000-04-02,0.0,8.6
2000-04-03,0.0,7.4
2000-04-04,0.0,11.0
2000-04-05,0.0,8.4
2000-04-06,0.0,8.4
2000-04-07,0.0,7.2
2000-04-08,0.0,4.6
2000-04-09,0.4,4.4
2000-04-10,1.3,6.0
2000-04-11,17.4,5.4
2000-04-12,8.7,4.2
2000-04-13,0.3,3.6
2000-04-14,0.0,4.6
2000-04-15,0.0,4.4
2000-04-16,2.5,2.4
2000-04-17,0.0,5.4
2000-04-18,0.0,6.2
2000-04-19,0.0,4.2
2000-04-20,0.0,3.8
2000-04-21,0.0,2.6
2000-04-22,0.0,3.8
2000-04-23,0.0,5.4
2000-04-24,0.0,4.0
2000-04-25,0.0,4.8
2000-04-26,0.0,5.4
2000-04-27,0.0,6.0
2000-04-28,0.0,4.8
2000-04-29,0.0,7.0
2000-04-30,5.0,3.2
2000-05-01,4.2,3.4
2000-05-02,1.2,3.8
2000-05-03,32.7,2.4
2000-05-04,2.6,1.4
2000-05-05,0.0,1.0
2000-05-06,0.0,2.6
2000-05-07,0.0,3.2
2000-05-08,0.0,4.4
2000-05-09,0.0,4.4
2000-05-10,0.0,3.8
2000-05-11,0.0,4.6
2000-05-12,0.0,4.8
2000-05-13,0.0,3.8
2000-05-14,0.0,4.8
2000-05-15,0.0,2.8
2000-05-16,0.0,4.2
2000-05-17,0.0,3.0
2000-05-18,0.0,3.4
2000-05-19,0.0,3.6
2000-05-20,0.0,3.8
2000-05-21,0.0,3.2
2000-05-22,0.0,5.0
2000-05-23,0.0,3.2
2000-05-24,0.0,3.4
2000-05-25,0.0,3.4
2000-05-26,0.0,2.6
2000-05-27,0.0,3.2
2000-05-28,0.0,3.2
2000-05-29,0.0,2.8
2000-05-30,0.0,4.8
2000-05-31,0.0,2.2
2000-06-01,0.0,2.8
2000-06-02,0.0,2.4
2000-06-03,0.0,2.2
2000-06-04,0.0,2.4
2000-06-05,0.0,2.6
2000-06-06,0.0,2.8
2000-06-07,0.0,2.6
2000-06-08,0.0,3.2
2000-06-09,0.0,2.4
2000-06-10,0.0,3.0
2000-06-11,0.0,2.8
2000-06-12,0.0,3.4
2000-06-13,0.0,3.6
2000-06-14,0.0,3.2
2000-06-15,0.0,3.4
2000-06-16,0.0,3.6
2000-06-17,0.0,3.8
2000-06-18,0.1,3.8
2000-06-19,0.4,3.0
2000-06-20,0.0,3.0
2000-06-21,0.0,3.8
2000-06-22,0.0,3.4
2000-06-23,0.0,2.8
2000-06-24,0.0,2.2
2000-06-25,0.0,3.2
2000-06-26,0.0,2.6
2000-06-27,0.0,2.8
2000-06-28,0.0,2.6
2000-06-29,0.0,3.4
2000-06-30,0.0,2.8
2000-07-01,0.0,3.2
2000-07-02,0.0,2.6
2000-07-03,0.0,2.0
2000-07-04,0.0,2.8
2000-07-05,0.0,3.6
2000-07-06,1.1,2.4
2000-07-07,1.1,2.8
2000-07-08,0.0,3.0
2000-07-09,0.0,2.6
2000-07-10,0.0,2.2
2000-07-11,0.0,3.4
2000-07-12,0.0,3.0
2000-07-13,0.0,2.0
2000-07-14,0.0,2.4
2000-07-15,0.0,3.6
2000-07-16,0.0,3.4
2000-07-17,0.0,3.4
2000-07-18,0.0,4.0
2000-07-19,2.0,4.0
2000-07-20,0.0,3.6
2000-07-21,0.0,3.0
2000-07-22,0.0,3.6
2000-07-23,0.0,5.6
2000-07-24,0.0,3.4
2000-07-25,0.0,4.8
2000-07-26,0.0,3.4
2000-07-27,0.0,4.8
2000-07-28,0.0,2.2
2000-07-29,0.0,2.6
2000-07-30,0.0,3.4
2000-07-31,0.0,3.8
2000-08-01,0.0,4.6
2000-08-02,0.0,4.4
2000-08-03,0.0,5.4
2000-08-04,0.0,4.2
2000-08-05,47.4,2.8
2000-08-06,0.0,2.6
2000-08-07,0.0,3.4
2000-08-08,0.0,4.8
2000-08-09,0.0,3.6
2000-08-10,0.0,3.2
2000-08-11,0.0,3.4
2000-08-12,0.0,3.0
2000-08-13,0.6,4.0
2000-08-14,0.0,3.4
2000-08-15,0.0,3.6
2000-08-16,0.0,5.4
2000-08-17,0.0,5.4
2000-08-18,0.0,4.0
2000-08-19,0.0,4.4
2000-08-20,0.0,3.6
2000-08-21,0.0,4.8
2000-08-22,0.0,5.8
2000-08-23,0.0,4.2
2000-08-24,0.0,4.4
2000-08-25,0.0,5.2
2000-08-26,0.0,5.2
2000-08-27,0.0,4.6
2000-08-28,0.0,5.2
2000-08-29,0.0,4.2
2000-08-30,0.0,6.6
2000-08-31,0.0,7.8
2000-09-01,0.0,8.4
2000-09-02,0.0,4.8
2000-09-03,0.0,4.6
2000-09-04,0.0,6.2
2000-09-05,0.0,7.8
2000-09-06,0.0,8.4
2000-09-07,0.0,5.8
2000-09-08,0.0,5.8
2000-09-09,0.0,6.4
2000-09-10,0.0,5.6
2000-09-11,0.0,7.6
2000-09-12,0.0,4.6
2000-09-13,0.0,6.4
2000-09-14,0.0,6.6
2000-09-15,0.0,7.2
2000-09-16,0.0,8.8
2000-09-17,0.0,8.2
2000-09-18,0.0,6.6
2000-09-19,0.0,7.4
2000-09-20,0.0,9.2
2000-09-21,0.0,8.6
2000-09-22,0.0,9.0
2000-09-23,0.0,8.6
2000-09-24,0.0,9.0
2000-09-25,0.0,10.0
2000-09-26,0.0,9.8
2000-09-27,0.0,11.8
2000-09-28,0.0,10.2
2000-09-29,0.0,10.8
2000-09-30,0.0,9.4
2000-10-01,0.0,9.2
2000-10-02,0.0,9.0
2000-10-03,0.0,9.8
2000-10-04,0.0,10.2
2000-10-05,0.0,10.2
2000-10-06,0.0,12.8
2000-10-07,0.0,12.2
2000-10-08,1.3,6.6
2000-10-09,1.6,4.4
2000-10-10,0.0,8.4
2000-10-11,0.0,8.8
2000-10-12,0.6,8.8
2000-10-13,3.5,6.8
2000-10-14,1.6,8.0
2000-10-15,0.0,6.6
2000-10-16,0.0,7.8
2000-10-17,0.0,9.6
2000-10-18,0.0,6.8
2000-10-19,0.0,9.0
2000-10-20,0.0,8.4
2000-10-21,0.0,5.4
2000-10-22,4.4,3.6
2000-10-23,4.6,1.8
2000-10-24,1.7,6.8
2000-10-25,0.0,8.4
2000-10-26,0.0,9.6
2000-10-27,0.0,8.8
2000-10-28,0.0,8.2
2000-10-29,0.0,10.4
2000-10-30,0.0,11.8
2000-10-31,0.0,11.2
2000-11-01,0.0,9.0
2000-11-02,0.0,5.0
2000-11-03,0.0,9.4
2000-11-04,0.0,11.0
2000-11-05,0.0,9.2
2000-11-06,0.0,11.0
2000-11-07,0.0,13.2
2000-11-08,0.0,4.6
2000-11-09,6.4,7.4
2000-11-10,0.0,8.6
2000-11-11,3.6,8.6
2000-11-12,0.0,9.6
2000-11-13,4.0,9.8
2000-11-14,0.0,9.4
2000-11-15,0.1,9.8
2000-11-16,0.0,9.0
2000-11-17,1.2,5.2
2000-11-18,6.8,7.8
2000-11-19,0.1,7.4
2000-11-20,0.0,9.6
2000-11-21,0.0,7.4
2000-11-22,0.0,9.2
2000-11-23,0.0,10.4
2000-11-24,0.0,10.6
2000-11-25,0.0,11.8
2000-11-26,0.0,12.8
2000-11-27,0.0,13.8
2000-11-28,0.0,11.6
2000-11-29,0.0,12.8
2000-11-30,0.0,12.2
2000-12-01,0.0,12.0
2000-12-02,0.0,11.4
2000-12-03,0.0,13.0
2000-12-04,0.0,12.6
2000-12-05,0.0,14.6
2000-12-06,0.0,13.2
2000-12-07,0.0,11.0
2000-12-08,0.1,12.6
2000-12-09,0.0,13.2
2000-12-10,0.0,13.8
2000-12-11,0.0,16.8
2000-12-12,0.1,13.4
2000-12-13,0.2,10.0
2000-12-14,0.0,11.8
2000-12-15,0.0,11.6
2000-12-16,0.0,15.6
2000-12-17,0.0,13.0
2000-12-18,3.1,13.2
2000-12-19,0.0,13.0
2000-12-20,0.0,12.0
2000-12-21,0.0,10.4
2000-12-22,2.9,11.0
2000-12-23,0.1,10.0
2000-12-24,0.0,11.6
2000-12-25,0.0,13.6
2000-12-26,0.0,13.8
2000-12-27,0.0,15.0
2000-12-28,0.0,14.4
2000-12-29,0.0,12.4
2000-12-30,0.5,14.6
2000-12-31,0.0,13.4
2001-01-01,0.0,15.0
2001-01-02,0.0,13.0
2001-01-03,0.0,13.4
2001-01-04,0.0,12.8
2001-01-05,0.0,12.6
2001-01-06,0.0,14.8
2001-01-07,0.0,14.6
2001-01-08,0.0,14.2
2001-01-09,0.0,16.6
2001-01-10,0.0,15.2
2001-01-11,0.0,14.6
2001-01-12,0.0,13.8
2001-01-13,0.0,13.4
2001-01-14,0.0,16.2
2001-01-15,0.0,21.2
2001-01-16,0.0,14.8
2001-01-17,0.0,18.8
2001-01-18,0.0,21.2
2001-01-19,0.0,14.4
2001-01-20,0.0,15.2
2001-01-21,0.0,14.8
2001-01-22,0.0,16.2
2001-01-23,0.0,11.6
2001-01-24,4.9,12.0
2001-01-25,15.7,9.4
2001-01-26,0.0,9.8
2001-01-27,0.0,12.2
2001-01-28,0.0,13.8
2001-01-29,0.0,14.6
2001-01-30,3.4,7.4
2001-01-31,1.4,14.4
2001-02-01,0.0,13.4
2001-02-02,0.0,13.8
2001-02-03,0.4,9.4
2001-02-04,1.2,9.8
2001-02-05,0.0,6.8
2001-02-06,0.2,9.8
2001-02-07,0.0,12.6
2001-02-08,0.0,13.2
2001-02-09,0.0,11.8
2001-02-10,0.0,14.0
2001-02-11,0.0,12.8
2001-02-12,0.0,12.6
2001-02-13,0.0,13.0
2001-02-14,0.0,13.2
2001-02-15,0.7,15.2
2001-02-16,0.0,14.6
2001-02-17,0.0,14.0
2001-02-18,0.0,12.8
2001-02-19,0.0,14.2
2001-02-20,0.0,12.6
2001-02-21,0.0,12.8
2001-02-22,0.0,13.6
2001-02-23,0.0,14.6
2001-02-24,0.0,12.8
2001-02-25,0.0,11.0
2001-02-26,0.0,13.8
2001-02-27,0.0,11.2
2001-02-28,0.7,11.4
2001-03-01,0.0,11.0
2001-03-02,0.4,8.4
2001-03-03,0.0,8.2
2001-03-04,0.0,11.2
2001-03-05,0.0,12.0
2001-03-06,0.0,10.4
2001-03-07,0.0,11.0
2001-03-08,0.0,12.2
2001-03-09,0.0,10.8
2001-03-10,0.0,10.6
2001-03-11,0.0,12.4
2001-03-12,0.0,13.2
2001-03-13,0.0,12.2
2001-03-14,0.0,11.6
2001-03-15,0.0,10.0
2001-03-16,0.1,7.6
2001-03-17,7.5,9.2
2001-03-18,0.0,10.2
2001-03-19,0.0,7.6
2001-03-20,0.0,8.6
2001-03-21,0.0,7.2
2001-03-22,0.0,5.4
2001-03-23,0.0,5.2
2001-03-24,9.8,3.6
2001-03-25,0.0,8.2
2001-03-26,0.0,7.6
2001-03-27,0.0,9.0
2001-03-28,0.0,9.8
2001-03-29,0.0,8.8
2001-03-30,0.0,7.6
2001-03-31,0.0,9.0
2001-04-01,0.0,9.4
2001-04-02,0.0,9.2
2001-04-03,0.0,9.8
2001-04-04,0.0,9.8
2001-04-05,0.0,9.8
2001-04-06,0.0,8.4
2001-04-07,0.0,9.2
2001-04-08,0.0,6.0
2001-04-09,0.0,9.0
2001-04-10,0.0,9.2
2001-04-11,0.0,9.8
2001-04-12,0.0,9.6
2001-04-13,0.0,6.8
2001-04-14,0.0,6.2
2001-04-15,0.0,6.6
2001-04-16,0.0,7.4
2001-04-17,0.0,6.6
2001-04-18,0.0,8.2
2001-04-19,0.0,7.8
2001-04-20,0.0,9.0
2001-04-21,0.0,6.4
2001-04-22,0.0,5.2
2001-04-23,0.0,4.8
2001-04-24,0.0,2.8
2001-04-25,0.0,5.0
2001-04-26,0.0,5.8
2001-04-27,0.0,9.6
2001-04-28,0.0,6.8
2001-04-29,0.0,6.0
2001-04-30,0.0,5.2
2001-05-01,0.0,5.0
2001-05-02,0.0,4.2
2001-05-03,0.0,3.8
2001-05-04,0.0,5.4
2001-05-05,0.0,7.0
2001-05-06,0.0,6.2
2001-05-07,0.0,5.2
2001-05-08,0.0,4.4
2001-05-09,0.0,5.4
2001-05-10,0.0,3.8
2001-05-11,0.0,5.6
2001-05-12,0.0,4.6
2001-05-13,0.0,6.6
2001-05-14,0.0,7.0
2001-05-15,0.0,6.2
2001-05-16,0.0,5.0
2001-05-17,0.0,4.2
2001-05-18,0.0,3.6
2001-05-19,0.0,4.6
2001-05-20,0.0,4.0
2001-05-21,0.0,3.6
2001-05-22,0.0,3.8
2001-05-23,0.0,3.0
2001-05-24,0.0,2.8
2001-05-25,0.0,4.6
2001-05-26,0.0,5.0
2001-05-27,0.0,4.4
2001-05-28,0.0,3.4
2001-05-29,0.0,4.2
2001-05-30,0.0,4.4
2001-05-31,0.0,3.0
2001-06-01,0.0,3.4
2001-06-02,0.0,3.8
2001-06-03,0.0,2.4
2001-06-04,0.0,4.2
2001-06-05,4.7,4.8
2001-06-06,0.0,4.8
2001-06-07,29.6,2.4
2001-06-08,0.0,2.6
2001-06-09,0.0,2.2
2001-06-10,0.0,2.6
2001-06-11,1.1,3.2
2001-06-12,0.0,1.4
2001-06-13,17.3,1.8
2001-06-14,0.0,2.4
2001-06-15,0.0,2.6
2001-06-16,0.0,1.8
2001-06-17,0.0,2.2
2001-06-18,0.0,2.4
2001-06-19,0.0,2.0
2001-06-20,0.0,2.2
2001-06-21,0.0,2.2
2001-06-22,0.0,2.2
2001-06-23,0.0,2.4
2001-06-24,0.0,2.4
2001-06-25,0.0,2.0
2001-06-26,0.0,2.8
2001-06-27,0.0,3.4
2001-06-28,0.0,4.4
2001-06-29,0.0,2.8
2001-06-30,0.0,2.6
2001-07-01,0.0,2.4
2001-07-02,0.0,3.2
2001-07-03,0.0,2.8
2001-07-04,0.0,3.6
2001-07-05,0.0,3.6
2001-07-06,0.0,2.6
2001-07-07,0.0,2.4
2001-07-08,0.0,2.6
2001-07-09,0.0,2.4
2001-07-10,0.0,5.4
2001-07-11,8.7,2.4
2001-07-12,6.3,1.4
2001-07-13,0.0,2.4
2001-07-14,0.0,2.0
2001-07-15,0.0,2.2
2001-07-16,0.1,2.8
2001-07-17,0.1,2.0
2001-07-18,0.0,1.8
2001-07-19,0.0,3.4
2001-07-20,0.0,2.6
2001-07-21,0.0,2.0
2001-07-22,0.0,2.6
2001-07-23,0.0,2.6
2001-07-24,0.0,3.2
2001-07-25,0.0,2.6
2001-07-26,0.0,2.8
2001-07-27,0.0,3.0
2001-07-28,0.0,2.8
2001-07-29,0.0,2.6
2001-07-30,0.0,3.0
2001-07-31,0.0,4.2
2001-08-01,0.0,5.0
2001-08-02,0.0,3.8
2001-08-03,0.0,3.4
2001-08-04,0.0,5.2
2001-08-05,0.0,5.8
2001-08-06,0.0,3.8
2001-08-07,0.0,5.8
2001-08-08,0.0,3.8
2001-08-09,0.0,3.6
2001-08-10,0.0,4.4
2001-08-11,0.0,4.6
2001-08-12,0.0,4.8
2001-08-13,0.0,5.0
2001-08-14,0.0,5.4
2001-08-15,0.0,7.4
2001-08-16,0.0,7.8
2001-08-17,0.0,5.2
2001-08-18,0.0,4.6
2001-08-19,0.0,5.8
2001-08-20,0.0,4.6
2001-08-21,0.0,5.0
2001-08-22,0.0,4.2
2001-08-23,0.0,4.6
2001-08-24,0.0,5.0
2001-08-25,0.0,8.0
2001-08-26,0.0,5.2
2001-08-27,0.0,4.8
2001-08-28,0.0,4.6
2001-08-29,0.0,4.0
2001-08-30,0.0,5.4
2001-08-31,0.0,6.6
2001-09-01,0.0,5.8
2001-09-02,0.0,4.8
2001-09-03,0.0,3.4
2001-09-04,0.0,5.2
2001-09-05,0.0,5.6
2001-09-06,0.0,5.6
2001-09-07,0.0,7.4
2001-09-08,0.0,7.2
2001-09-09,0.0,5.2
2001-09-10,0.0,6.0
2001-09-11,0.0,6.2
2001-09-12,0.0,4.4
2001-09-13,0.0,4.6
2001-09-14,0.0,6.4
2001-09-15,0.0,6.2
2001-09-16,0.0,5.8
2001-09-17,0.0,7.2
2001-09-18,0.0,8.2
2001-09-19,0.0,8.8
2001-09-20,0.0,9.6
2001-09-21,0.0,9.8
2001-09-22,0.0,8.8
2001-09-23,0.0,11.4
2001-09-24,0.0,8.0
2001-09-25,0.0,8.2
2001-09-26,0.0,8.6
2001-09-27,0.0,8.4
2001-09-28,0.0,7.8
2001-09-29,0.0,13.0
2001-09-30,2.4,11.6
2001-10-01,2.6,3.4
2001-10-02,0.0,8.2
2001-10-03,0.0,6.8
2001-10-04,0.0,7.2
2001-10-05,0.0,7.4
2001-10-06,0.0,10.4
2001-10-07,0.0,8.6
2001-10-08,0.0,6.8
2001-10-09,0.0,8.4
2001-10-10,0.0,4.8
2001-10-11,8.8,6.4
2001-10-12,0.0,8.8
2001-10-13,10.6,6.0
2001-10-14,1.5,6.6
2001-10-15,0.0,6.4
2001-10-16,0.5,4.2
2001-10-17,0.5,7.2
2001-10-18,0.0,9.4
2001-10-19,0.0,9.0
2001-10-20,0.0,9.8
2001-10-21,0.0,10.0
2001-10-22,0.0,12.6
2001-10-23,0.0,3.0
2001-10-24,5.7,8.4
2001-10-25,0.0,10.0
2001-10-26,0.0,9.0
2001-10-27,0.0,7.2
2001-10-28,0.0,8.6
2001-10-29,0.0,8.8
2001-10-30,0.0,10.4
2001-10-31,0.0,9.8
2001-11-01,0.0,8.0
2001-11-02,0.0,11.2
2001-11-03,0.0,11.8
2001-11-04,0.0,12.2
2001-11-05,0.0,11.2
2001-11-06,0.0,8.4
2001-11-07,0.0,11.0
2001-11-08,0.0,7.2
2001-11-09,0.0,5.8
2001-11-10,0.0,10.2
2001-11-11,0.0,9.8
2001-11-12,0.0,9.6
2001-11-13,0.0,12.4
2001-11-14,0.0,4.4
2001-11-15,0.0,8.2
2001-11-16,0.0,9.8
2001-11-17,0.0,5.2
2001-11-18,0.0,14.8
2001-11-19,0.0,9.6
2001-11-20,0.0,11.2
2001-11-21,0.0,11.2
2001-11-22,0.0,13.8
2001-11-23,0.0,13.0
2001-11-24,0.0,10.8
2001-11-25,0.0,4.8
2001-11-26,0.0,9.8
2001-11-27,0.0,12.4
2001-11-28,0.0,11.2
2001-11-29,0.0,12.2
2001-11-30,0.0,12.6
2001-12-01,0.0,13.2
2001-12-02,0.0,14.8
2001-12-03,1.9,13.6
2001-12-04,0.0,12.4
2001-12-05,0.0,11.0
2001-12-06,2.0,5.2
2001-12-07,1.0,10.6
2001-12-08,0.0,11.0
2001-12-09,0.2,5.6
2001-12-10,0.0,8.2
2001-12-11,0.0,12.6
2001-12-12,0.0,11.6
2001-12-13,0.0,16.4
2001-12-14,0.0,8.6
2001-12-15,4.0,2.4
2001-12-16,0.0,14.2
2001-12-17,0.0,13.4
2001-12-18,0.0,12.8
2001-12-19,0.0,14.0
2001-12-20,0.0,16.2
2001-12-21,0.0,16.2
2001-12-22,0.0,14.6
2001-12-23,0.0,19.6
2001-12-24,0.0,12.0
2001-12-25,0.0,12.0
2001-12-26,0.0,13.0
2001-12-27,0.0,10.6
2001-12-28,0.0,11.8
2001-12-29,0.0,13.4
2001-12-30,0.0,14.6
2001-12-31,0.0,13.2
2002-01-01,0.0,15.2
2002-01-02,0.0,14.4
2002-01-03,0.0,14.2
2002-01-04,0.0,13.2
2002-01-05,0.0,13.8
2002-01-06,0.0,12.8
2002-01-07,0.0,13.8
2002-01-08,0.0,15.4
2002-01-09,0.0,12.8
2002-01-10,0.0,12.6
2002-01-11,0.0,21.4
2002-01-12,0.0,15.2
2002-01-13,0.0,12.6
2002-01-14,0.0,14.2
2002-01-15,0.0,14.8
2002-01-16,0.0,14.2
2002-01-17,0.0,16.6
2002-01-18,0.0,15.2
2002-01-19,0.0,15.8
2002-01-20,0.0,14.2
2002-01-21,0.0,3.2
2002-01-22,8.4,11.4
2002-01-23,0.0,13.6
2002-01-24,0.0,13.4
2002-01-25,0.0,12.6
2002-01-26,0.0,12.8
2002-01-27,0.0,15.0
2002-01-28,0.0,13.8
2002-01-29,0.0,15.4
2002-01-30,0.0,16.6
2002-01-31,0.0,19.0
2002-02-01,0.0,15.6
2002-02-02,0.0,13.6
2002-02-03,0.0,14.2
2002-02-04,0.0,12.8
2002-02-05,0.0,12.4
2002-02-06,0.0,11.6
2002-02-07,0.0,14.6
2002-02-08,0.0,11.4
2002-02-09,0.0,11.0
2002-02-10,0.0,13.6
2002-02-11,0.0,11.6
2002-02-12,0.0,11.8
2002-02-13,0.0,12.0
2002-02-14,0.0,15.0
2002-02-15,0.0,11.4
2002-02-16,5.8,12.4
2002-02-17,0.1,11.0
2002-02-18,9.4,12.4
2002-02-19,0.0,13.2
2002-02-20,0.0,11.8
2002-02-21,0.3,8.8
2002-02-22,0.8,6.8
2002-02-23,1.6,6.6
2002-02-24,10.4,7.0
2002-02-25,3.3,5.6
2002-02-26,0.0,10.8
2002-02-27,0.0,11.0
2002-02-28,0.0,14.8
2002-03-01,0.0,10.8
2002-03-02,0.0,11.0
2002-03-03,0.0,10.6
2002-03-04,0.0,11.2
2002-03-05,0.0,10.0
2002-03-06,0.0,11.8
2002-03-07,0.0,13.2
2002-03-08,0.0,12.4
2002-03-09,0.0,10.6
2002-03-10,0.0,10.4
2002-03-11,0.0,12.2
2002-03-12,0.0,14.6
2002-03-13,0.0,13.0
2002-03-14,0.0,12.4
2002-03-15,0.0,12.4
2002-03-16,0.0,11.2
2002-03-17,0.0,10.8
2002-03-18,0.0,13.0
2002-03-19,0.0,12.6
2002-03-20,0.0,14.2
2002-03-21,0.0,12.4
2002-03-22,0.0,10.8
2002-03-23,0.0,10.2
2002-03-24,0.0,10.8
2002-03-25,0.0,10.6
2002-03-26,0.0,8.8
2002-03-27,0.0,6.8
2002-03-28,0.0,6.8
2002-03-29,0.0,7.8
2002-03-30,0.0,8.6
2002-03-31,0.0,7.6
2002-04-01,0.0,9.2
2002-04-02,0.0,8.2
2002-04-03,0.0,10.4
2002-04-04,0.0,11.2
2002-04-05,0.0,10.8
2002-04-06,0.0,10.0
2002-04-07,0.0,6.8
2002-04-08,0.0,8.0
2002-04-09,0.0,9.8
2002-04-10,0.0,8.4
2002-04-11,0.0,9.4
2002-04-12,0.0,8.2
2002-04-13,0.0,7.8
2002-04-14,0.1,8.2
2002-04-15,0.0,6.0
2002-04-16,0.5,7.8
2002-04-17,0.0,8.0
2002-04-18,0.0,10.2
2002-04-19,0.0,9.2
2002-04-20,0.0,6.2
2002-04-21,0.0,6.2
2002-04-22,0.0,7.4
2002-04-23,0.0,7.8
2002-04-24,0.0,7.2
2002-04-25,0.0,9.4
2002-04-26,0.0,8.8
2002-04-27,0.0,9.2
2002-04-28,0.0,7.8
2002-04-29,0.0,6.8
2002-04-30,0.0,7.2
2002-05-01,0.0,7.2
2002-05-02,0.0,7.8
2002-05-03,0.0,8.2
2002-05-04,0.0,6.8
2002-05-05,0.0,6.8
2002-05-06,0.0,7.2
2002-05-07,0.0,6.2
2002-05-08,0.0,6.4
2002-05-09,0.0,6.2
2002-05-10,0.0,6.8
2002-05-11,0.0,5.0
2002-05-12,0.0,4.8
2002-05-13,0.0,3.8
2002-05-14,0.0,4.4
2002-05-15,0.0,5.6
2002-05-16,0.0,5.0
2002-05-17,0.0,5.0
2002-05-18,0.0,4.2
2002-05-19,0.0,5.4
2002-05-20,0.0,3.4
2002-05-21,0.0,3.4
2002-05-22,0.0,4.0
2002-05-23,0.0,3.2
2002-05-24,7.4,3.2
2002-05-25,0.0,3.6
2002-05-26,0.0,3.4
2002-05-27,0.0,3.6
2002-05-28,0.0,3.4
2002-05-29,0.0,2.8
2002-05-30,0.0,3.2
2002-05-31,0.0,2.8
2002-06-01,0.0,3.6
2002-06-02,0.0,4.2
2002-06-03,0.0,4.0
2002-06-04,0.0,5.4
2002-06-05,0.0,4.2
2002-06-06,0.0,4.0
2002-06-07,0.0,5.6
2002-06-08,0.0,5.6
2002-06-09,0.0,2.8
2002-06-10,0.0,3.2
2002-06-11,0.0,2.4
2002-06-12,0.0,4.6
2002-06-13,0.0,4.2
2002-06-14,0.0,6.4
2002-06-15,0.0,6.2
2002-06-16,0.0,4.8
2002-06-17,0.0,3.6
2002-06-18,0.0,4.2
2002-06-19,0.0,3.6
2002-06-20,0.0,2.4
2002-06-21,0.0,3.6
2002-06-22,0.0,3.0
2002-06-23,0.0,3.2
2002-06-24,0.0,3.0
2002-06-25,0.0,3.4
2002-06-26,0.0,3.4
2002-06-27,0.0,4.6
2002-06-28,0.0,3.8
2002-06-29,0.0,3.0
2002-06-30,0.0,2.6
2002-07-01,0.0,3.2
2002-07-02,0.0,4.4
2002-07-03,0.0,5.4
2002-07-04,0.0,3.4
2002-07-05,0.0,4.0
2002-07-06,0.0,3.2
2002-07-07,0.0,2.8
2002-07-08,0.0,4.0
2002-07-09,0.0,3.6
2002-07-10,0.0,3.2
2002-07-11,0.0,4.0
2002-07-12,0.0,6.0
2002-07-13,0.0,6.0
2002-07-14,0.0,3.4
2002-07-15,0.0,3.0
2002-07-16,0.0,3.2
2002-07-17,0.0,3.4
2002-07-18,0.0,4.0
2002-07-19,0.0,3.4
2002-07-20,0.0,3.6
2002-07-21,0.0,3.8
2002-07-22,0.0,4.0
2002-07-23,0.0,4.0
2002-07-24,0.0,4.0
2002-07-25,0.0,5.8
2002-07-26,0.0,4.8
2002-07-27,0.0,7.0
2002-07-28,0.0,7.6
2002-07-29,0.0,3.8
2002-07-30,0.0,4.4
2002-07-31,0.0,3.8
2002-08-01,0.0,4.4
2002-08-02,0.0,5.0
2002-08-03,0.0,4.4
2002-08-04,0.0,3.8
2002-08-05,0.0,4.4
2002-08-06,0.0,5.0
2002-08-07,0.0,5.0
2002-08-08,0.0,3.8
2002-08-09,0.0,4.6
2002-08-10,0.0,6.8
2002-08-11,0.0,7.6
2002-08-12,0.0,6.0
2002-08-13,0.0,4.2
2002-08-14,0.0,5.2
2002-08-15,0.0,5.6
2002-08-16,0.0,4.4
2002-08-17,0.0,6.4
2002-08-18,0.0,6.4
2002-08-19,0.0,6.2
2002-08-20,0.0,6.0
2002-08-21,0.0,4.2
2002-08-22,0.0,5.8
2002-08-23,0.0,5.6
2002-08-24,0.0,8.6
2002-08-25,0.0,5.2
2002-08-26,0.0,5.0
2002-08-27,0.0,6.8
2002-08-28,0.0,7.2
2002-08-29,0.0,7.0
2002-08-30,0.0,7.0
2002-08-31,0.0,9.0
2002-09-01,0.0,8.4
2002-09-02,0.0,15.2
2002-09-03,0.0,6.8
2002-09-04,0.0,6.4
2002-09-05,0.0,6.6
2002-09-06,0.1,8.2
2002-09-07,0.0,7.6
2002-09-08,0.0,6.6
2002-09-09,0.0,5.4
2002-09-10,0.0,7.8
2002-09-11,0.0,6.8
2002-09-12,0.0,8.4
2002-09-13,0.0,6.8
2002-09-14,0.0,11.0
2002-09-15,0.0,14.4
2002-09-16,0.0,7.6
2002-09-17,0.0,6.4
2002-09-18,0.0,7.2
2002-09-19,0.0,7.0
2002-09-20,0.0,6.6
2002-09-21,0.0,9.4
2002-09-22,0.0,9.4
2002-09-23,0.0,10.4
2002-09-24,0.0,11.8
2002-09-25,0.0,8.4
2002-09-26,0.0,10.0
2002-09-27,0.0,13.0
2002-09-28,0.0,8.8
2002-09-29,0.0,6.4
2002-09-30,0.0,7.6
2002-10-01,0.0,8.4
2002-10-02,0.0,10.2
2002-10-03,0.0,9.6
2002-10-04,0.0,8.0
2002-10-05,0.0,7.0
2002-10-06,0.0,12.8
2002-10-07,0.0,13.2
2002-10-08,0.0,9.8
2002-10-09,0.0,10.8
2002-10-10,0.0,9.6
2002-10-11,0.0,8.8
2002-10-12,0.0,9.2
2002-10-13,0.0,10.8
2002-10-14,0.0,8.6
2002-10-15,0.0,8.2
2002-10-16,0.0,15.0
2002-10-17,0.0,10.2
2002-10-18,0.0,13.2
2002-10-19,0.0,11.8
2002-10-20,0.0,10.4
2002-10-21,0.0,9.8
2002-10-22,0.0,15.2
2002-10-23,0.0,13.6
2002-10-24,0.0,10.8
2002-10-25,0.0,12.4
2002-10-26,0.0,12.4
2002-10-27,0.0,12.2
2002-10-28,0.0,10.2
2002-10-29,0.0,12.2
2002-10-30,0.0,12.0
2002-10-31,0.0,13.6
2002-11-01,0.0,14.4
2002-11-02,0.0,14.8
2002-11-03,0.0,14.0
2002-11-04,0.0,14.8
2002-11-05,0.0,12.8
2002-11-06,0.0,11.8
2002-11-07,0.0,13.8
2002-11-08,0.0,12.6
2002-11-09,0.0,14.0
2002-11-10,0.0,13.2
2002-11-11,0.0,15.2
2002-11-12,0.0,14.8
2002-11-13,0.0,15.8
2002-11-14,0.0,16.8
2002-11-15,0.0,15.0
2002-11-16,0.0,12.6
2002-11-17,0.0,11.6
2002-11-18,0.0,11.2
2002-11-19,0.0,13.6
2002-11-20,0.0,11.0
2002-11-21,0.0,10.8
2002-11-22,0.0,11.8
2002-11-23,0.0,16.2
2002-11-24,0.0,19.6
2002-11-25,0.5,9.6
2002-11-26,0.9,12.2
2002-11-27,0.0,8.2
2002-11-28,0.0,11.6
2002-11-29,0.0,14.2
2002-11-30,0.0,14.6
2002-12-01,0.0,13.6
2002-12-02,0.0,14.6
2002-12-03,0.0,14.4
2002-12-04,0.0,15.2
2002-12-05,0.0,15.2
2002-12-06,0.0,12.4
2002-12-07,0.0,12.4
2002-12-08,0.0,13.2
2002-12-09,0.0,11.2
2002-12-10,0.0,11.8
2002-12-11,0.0,12.8
2002-12-12,0.0,13.4
2002-12-13,0.0,12.8
2002-12-14,0.0,13.8
2002-12-15,0.0,16.2
2002-12-16,0.0,15.2
2002-12-17,0.0,15.6
2002-12-18,0.0,15.2
2002-12-19,0.0,12.8
2002-12-20,0.0,15.0
2002-12-21,0.0,16.0
2002-12-22,0.0,15.4
2002-12-23,0.0,13.4
2002-12-24,0.0,16.0
2002-12-25,0.0,16.8
2002-12-26,0.0,18.0
2002-12-27,0.0,15.4
2002-12-28,0.0,17.2
2002-12-29,0.0,14.2
2002-12-30,3.5,15.0
2002-12-31,10.1,8.6
2003-01-01,0.0,12.0
2003-01-02,0.0,12.0
2003-01-03,0.0,14.4
2003-01-04,0.0,19.8
2003-01-05,0.0,16.2
2003-01-06,0.5,13.8
2003-01-07,0.0,16.4
2003-01-08,0.0,20.4
2003-01-09,0.0,18.8
2003-01-10,0.0,17.2
2003-01-11,0.0,17.0
2003-01-12,0.0,16.0
2003-01-13,0.0,18.8
2003-01-14,0.0,20.2
2003-01-15,0.0,16.0
2003-01-16,0.0,18.2
2003-01-17,0.0,14.4
2003-01-18,0.0,13.6
2003-01-19,0.1,17.2
2003-01-20,0.0,15.4
2003-01-21,0.2,17.4
2003-01-22,0.0,19.8
2003-01-23,0.0,15.8
2003-01-24,0.0,17.4
2003-01-25,0.0,18.6
2003-01-26,0.0,16.2
2003-01-27,0.0,13.8
2003-01-28,0.0,17.2
2003-01-29,0.0,18.4
2003-01-30,0.0,18.2
2003-01-31,0.0,15.4
2003-02-01,0.0,17.2
2003-02-02,0.0,14.6
2003-02-03,0.0,15.0
2003-02-04,0.0,15.8
2003-02-05,0.0,17.2
2003-02-06,0.0,15.8
2003-02-07,0.0,12.8
2003-02-08,0.0,13.4
2003-02-09,0.0,15.0
2003-02-10,0.0,14.4
2003-02-11,0.0,13.0
2003-02-12,0.0,14.0
2003-02-13,0.0,18.0
2003-02-14,0.0,15.2
2003-02-15,0.0,10.6
2003-02-16,0.0,8.2
2003-02-17,2.2,9.8
2003-02-18,0.0,11.4
2003-02-19,0.0,10.0
2003-02-20,5.6,5.4
2003-02-21,13.6,4.2
2003-02-22,8.3,4.0
2003-02-23,2.1,7.6
2003-02-24,0.0,13.0
2003-02-25,0.0,12.8
2003-02-26,0.0,13.2
2003-02-27,0.0,14.0
2003-02-28,0.0,13.6
2003-03-01,0.0,13.4
2003-03-02,0.0,10.6
2003-03-03,0.0,10.6
2003-03-04,0.0,10.2
2003-03-05,0.0,13.8
2003-03-06,0.0,12.4
2003-03-07,0.0,9.8
2003-03-08,0.0,12.2
2003-03-09,0.0,11.6
2003-03-10,0.0,12.0
2003-03-11,0.0,10.6
2003-03-12,0.0,11.0
2003-03-13,0.0,10.8
2003-03-14,0.0,10.8
2003-03-15,0.0,12.0
2003-03-16,0.0,9.0
2003-03-17,0.0,9.8
2003-03-18,0.0,14.0
2003-03-19,0.0,12.2
2003-03-20,0.0,9.2
2003-03-21,0.0,8.8
2003-03-22,0.0,9.4
2003-03-23,0.0,8.6
2003-03-24,0.0,8.8
2003-03-25,0.0,9.4
2003-03-26,0.0,11.0
2003-03-27,0.0,9.8
2003-03-28,0.0,9.4
2003-03-29,0.0,9.0
2003-03-30,0.0,10.0
2003-03-31,0.0,9.6
2003-04-01,0.0,8.0
2003-04-02,0.0,10.2
2003-04-03,0.0,8.8
2003-04-04,0.0,10.4
2003-04-05,0.0,7.4
2003-04-06,0.0,8.6
2003-04-07,0.0,8.4
2003-04-08,0.0,7.4
2003-04-09,0.0,5.8
2003-04-10,0.0,7.0
2003-04-11,0.0,6.6
2003-04-12,0.0,6.4
2003-04-13,20.0,5.4
2003-04-14,27.4,5.4
2003-04-15,0.0,5.6
2003-04-16,0.0,7.4
2003-04-17,0.0,6.8
2003-04-18,0.0,7.0
2003-04-19,0.0,7.4
2003-04-20,0.0,7.2
2003-04-21,0.0,7.2
2003-04-22,0.0,7.8
2003-04-23,0.0,7.4
2003-04-24,0.0,7.2
2003-04-25,0.0,6.8
2003-04-26,0.0,5.0
2003-04-27,4.1,4.4
2003-04-28,0.0,5.0
2003-04-29,0.0,6.2
2003-04-30,0.0,5.2
2003-05-01,0.0,7.4
2003-05-02,0.0,6.4
2003-05-03,0.0,5.6
2003-05-04,0.0,6.8
2003-05-05,0.0,6.6
2003-05-06,0.0,4.6
2003-05-07,0.0,5.0
2003-05-08,0.0,5.4
2003-05-09,0.0,4.2
2003-05-10,0.0,4.2
2003-05-11,0.0,6.4
2003-05-12,0.0,3.8
2003-05-13,0.0,4.0
2003-05-14,0.0,2.6
2003-05-15,3.2,4.0
2003-05-16,0.0,4.0
2003-05-17,0.0,5.2
2003-05-18,1.4,6.6
2003-05-19,0.0,7.6
2003-05-20,0.0,4.8
2003-05-21,0.0,3.6
2003-05-22,0.0,3.6
2003-05-23,0.0,3.4
2003-05-24,0.0,3.8
2003-05-25,0.0,4.4
2003-05-26,0.0,4.4
2003-05-27,0.0,4.2
2003-05-28,0.0,3.6
2003-05-29,0.0,6.4
2003-05-30,0.0,3.8
2003-05-31,0.0,3.4
2003-06-01,0.0,3.6
2003-06-02,0.0,4.2
2003-06-03,3.8,3.4
2003-06-04,0.0,5.8
2003-06-05,0.0,4.4
2003-06-06,0.0,4.6
2003-06-07,0.0,3.0
2003-06-08,0.0,4.0
2003-06-09,0.0,2.4
2003-06-10,0.0,2.6
2003-06-11,0.0,3.0
2003-06-12,0.0,4.8
2003-06-13,0.0,4.2
2003-06-14,0.0,3.4
2003-06-15,0.0,2.0
2003-06-16,0.0,4.6
2003-06-17,0.0,3.2
2003-06-18,0.0,3.2
2003-06-19,0.0,2.0
2003-06-20,0.2,2.0
2003-06-21,28.5,2.4
2003-06-22,0.0,2.2
2003-06-23,0.0,2.4
2003-06-24,0.0,3.0
2003-06-25,0.0,3.2
2003-06-26,0.0,3.2
2003-06-27,0.0,3.6
2003-06-28,0.0,4.2
2003-06-29,5.2,4.6
2003-06-30,0.0,1.2
2003-07-01,0.0,0.6
2003-07-02,0.0,2.4
2003-07-03,0.0,2.6
2003-07-04,0.0,2.8
2003-07-05,0.0,3.4
2003-07-06,0.0,3.0
2003-07-07,0.0,3.8
2003-07-08,0.0,3.0
2003-07-09,0.0,3.4
2003-07-10,0.0,2.4
2003-07-11,0.0,4.2
2003-07-12,0.0,4.2
2003-07-13,0.0,3.4
2003-07-14,0.0,4.0
2003-07-15,0.0,5.2
2003-07-16,0.0,3.8
2003-07-17,0.0,4.6
2003-07-18,0.0,4.4
2003-07-19,0.0,3.4
2003-07-20,0.0,3.4
2003-07-21,0.0,4.8
2003-07-22,0.0,5.0
2003-07-23,0.4,4.8
2003-07-24,0.0,3.0
2003-07-25,0.0,3.2
2003-07-26,0.0,3.6
2003-07-27,0.0,4.0
2003-07-28,0.0,3.8
2003-07-29,0.0,3.8
2003-07-30,0.0,4.0
2003-07-31,0.0,5.0
2003-08-01,0.0,3.6
2003-08-02,0.0,2.6
2003-08-03,0.0,4.8
2003-08-04,0.0,8.0
2003-08-05,0.0,7.0
2003-08-06,0.0,3.6
2003-08-07,0.0,3.8
2003-08-08,0.0,4.8
2003-08-09,0.0,5.0
2003-08-10,0.1,3.4
2003-08-11,8.1,4.2
2003-08-12,0.0,8.2
2003-08-13,15.3,3.8
2003-08-14,3.5,3.0
2003-08-15,0.0,4.2
2003-08-16,0.0,3.4
2003-08-17,0.0,2.8
2003-08-18,0.0,4.4
2003-08-19,0.0,4.0
2003-08-20,0.0,5.6
2003-08-21,0.0,7.6
2003-08-22,0.0,6.0
2003-08-23,0.2,3.8
2003-08-24,0.1,4.2
2003-08-25,0.0,4.6
2003-08-26,0.0,4.2
2003-08-27,0.0,4.2
2003-08-28,0.0,4.6
2003-08-29,0.0,6.0
2003-08-30,0.0,7.0
2003-08-31,0.0,5.8
2003-09-01,0.0,5.0
2003-09-02,0.0,5.0
2003-09-03,0.0,5.2
2003-09-04,0.0,5.0
2003-09-05,0.0,5.6
2003-09-06,0.0,6.6
2003-09-07,0.0,6.8
2003-09-08,0.0,10.0
2003-09-09,0.0,8.2
2003-09-10,0.0,8.8
2003-09-11,0.0,10.8
2003-09-12,0.0,8.6
2003-09-13,0.0,7.6
2003-09-14,0.0,7.6
2003-09-15,0.0,8.0
2003-09-16,0.0,6.8
2003-09-17,0.0,5.4
2003-09-18,0.0,8.6
2003-09-19,0.0,8.2
2003-09-20,0.0,13.0
2003-09-21,0.0,12.4
2003-09-22,0.0,18.0
2003-09-23,0.0,13.4
2003-09-24,0.0,8.4
2003-09-25,0.0,8.2
2003-09-26,0.0,9.8
2003-09-27,0.0,9.4
2003-09-28,0.0,7.6
2003-09-29,0.0,10.0
2003-09-30,0.0,5.0
2003-10-01,3.6,4.2
2003-10-02,0.0,6.8
2003-10-03,0.0,5.6
2003-10-04,0.0,6.0
2003-10-05,0.1,5.0
2003-10-06,0.0,3.4
2003-10-07,0.0,7.0
2003-10-08,0.0,9.0
2003-10-09,0.0,10.4
2003-10-10,0.0,7.8
2003-10-11,0.0,8.0
2003-10-12,0.0,8.0
2003-10-13,2.4,9.4
2003-10-14,0.0,8.4
2003-10-15,0.0,12.4
2003-10-16,0.0,10.4
2003-10-17,0.0,11.0
2003-10-18,0.0,16.0
2003-10-19,0.0,11.0
2003-10-20,0.0,8.6
2003-10-21,0.0,11.4
2003-10-22,0.0,9.2
2003-10-23,0.0,9.8
2003-10-24,0.0,10.0
2003-10-25,0.0,11.8
2003-10-26,0.0,8.2
2003-10-27,0.0,12.0
2003-10-28,0.0,20.0
2003-10-29,0.0,9.2
2003-10-30,0.0,10.4
2003-10-31,0.0,10.2
2003-11-01,0.0,9.0
2003-11-02,0.0,10.0
2003-11-03,0.0,10.0
2003-11-04,0.0,10.0
2003-11-05,0.0,13.8
2003-11-06,0.0,10.4
2003-11-07,0.0,12.4
2003-11-08,0.0,11.4
2003-11-09,0.0,14.8
2003-11-10,0.0,13.0
2003-11-11,0.0,15.0
2003-11-12,0.0,17.8
2003-11-13,0.0,13.4
2003-11-14,0.0,14.0
2003-11-15,0.0,16.0
2003-11-16,0.0,16.4
2003-11-17,0.0,15.4
2003-11-18,0.0,13.6
2003-11-19,0.0,13.6
2003-11-20,0.0,12.0
2003-11-21,2.8,7.6
2003-11-22,10.7,11.8
2003-11-23,0.0,11.0
2003-11-24,0.0,11.2
2003-11-25,0.0,11.0
2003-11-26,0.0,14.4
2003-11-27,0.0,16.2
2003-11-28,0.0,13.8
2003-11-29,0.0,9.0
2003-11-30,0.0,11.2
2003-12-01,0.9,7.4
2003-12-02,0.0,9.4
2003-12-03,0.0,10.4
2003-12-04,0.0,10.0
2003-12-05,0.2,13.4
2003-12-06,0.0,10.8
2003-12-07,0.0,11.0
2003-12-08,0.0,11.2
2003-12-09,0.0,15.8
2003-12-10,0.0,15.6
2003-12-11,0.0,13.0
2003-12-12,0.0,13.6
2003-12-13,0.0,16.2
2003-12-14,0.0,15.4
2003-12-15,0.0,13.4
2003-12-16,0.0,15.4
2003-12-17,1.0,13.8
2003-12-18,0.0,12.4
2003-12-19,0.8,16.0
2003-12-20,0.0,15.4
2003-12-21,0.0,18.2
2003-12-22,0.0,13.8
2003-12-23,0.0,12.2
2003-12-24,0.0,17.2
2003-12-25,0.0,14.8
2003-12-26,0.0,13.2
2003-12-27,0.0,14.8
2003-12-28,0.0,16.0
2003-12-29,0.0,16.4
2003-12-30,0.0,16.0
2003-12-31,0.0,16.6
2004-01-01,0.0,18.0
2004-01-02,0.0,20.2
2004-01-03,0.0,17.4
2004-01-04,0.0,19.6
2004-01-05,0.0,20.6
2004-01-06,0.0,18.4
2004-01-07,0.0,17.2
2004-01-08,0.0,12.8
2004-01-09,0.0,14.4
2004-01-10,0.0,14.2
2004-01-11,0.0,18.8
2004-01-12,0.0,13.0
2004-01-13,0.0,16.2
2004-01-14,0.0,18.4
2004-01-15,0.0,14.8
2004-01-16,0.0,16.4
2004-01-17,0.0,14.2
2004-01-18,0.0,13.8
2004-01-19,0.0,12.6
2004-01-20,0.0,14.0
2004-01-21,0.0,11.8
2004-01-22,0.0,12.2
2004-01-23,0.0,13.8
2004-01-24,0.0,14.8
2004-01-25,0.0,14.2
2004-01-26,0.0,12.2
2004-01-27,0.0,15.2
2004-01-28,0.0,12.2
2004-01-29,0.0,12.0
2004-01-30,0.0,11.8
2004-01-31,0.0,11.8
2004-02-01,4.6,10.0
2004-02-02,2.1,5.6
2004-02-03,0.0,12.6
2004-02-04,0.0,11.6
2004-02-05,0.0,12.2
2004-02-06,0.0,11.8
2004-02-07,0.0,14.8
2004-02-08,0.0,13.8
2004-02-09,0.0,14.4
2004-02-10,0.0,16.8
2004-02-11,0.0,17.2
2004-02-12,0.0,15.8
2004-02-13,0.0,15.4
2004-02-14,0.0,16.4
2004-02-15,0.0,11.6
2004-02-16,0.0,15.2
2004-02-17,0.0,14.2
2004-02-18,0.0,14.0
2004-02-19,0.0,13.4
2004-02-20,0.0,15.2
2004-02-21,0.0,16.2
2004-02-22,0.0,12.0
2004-02-23,5.5,10.2
2004-02-24,1.0,12.8
2004-02-25,0.0,10.0
2004-02-26,0.0,12.6
2004-02-27,0.0,11.0
2004-02-28,0.0,10.6
2004-02-29,0.0,11.4
2004-03-01,0.0,12.8
2004-03-02,0.0,13.0
2004-03-03,0.0,15.4
2004-03-04,0.0,12.2
2004-03-05,0.0,12.0
2004-03-06,0.0,15.6
2004-03-07,0.0,11.4
2004-03-08,0.0,14.8
2004-03-09,0.0,11.8
2004-03-10,0.0,14.2
2004-03-11,0.0,14.0
2004-03-12,0.0,10.4
2004-03-13,0.0,11.8
2004-03-14,0.0,11.6
2004-03-15,0.0,12.2
2004-03-16,0.0,11.2
2004-03-17,0.0,12.8
2004-03-18,0.0,13.6
2004-03-19,0.0,10.6
2004-03-20,0.0,12.2
2004-03-21,0.0,14.0
2004-03-22,0.0,12.0
2004-03-23,0.0,12.4
2004-03-24,0.0,10.8
2004-03-25,0.0,9.8
2004-03-26,0.0,9.8
2004-03-27,0.0,12.8
2004-03-28,0.0,10.8
2004-03-29,0.0,10.0
2004-03-30,0.0,8.8
2004-03-31,0.0,10.0
2004-04-01,0.0,10.6
2004-04-02,0.0,9.4
2004-04-03,0.0,11.8
2004-04-04,1.6,12.0
2004-04-05,0.0,8.2
2004-04-06,0.0,9.8
2004-04-07,0.0,9.8
2004-04-08,0.0,9.4
2004-04-09,0.0,10.8
2004-04-10,0.0,8.6
2004-04-11,0.0,8.4
2004-04-12,0.0,8.6
2004-04-13,0.0,11.0
2004-04-14,0.0,8.2
2004-04-15,0.0,10.0
2004-04-16,0.0,7.8
2004-04-17,0.0,7.8
2004-04-18,0.0,10.8
2004-04-19,0.0,2.8
2004-04-20,0.0,6.0
2004-04-21,0.0,7.8
2004-04-22,0.0,8.6
2004-04-23,0.0,9.2
2004-04-24,0.0,7.4
2004-04-25,0.0,6.8
2004-04-26,0.0,7.0
2004-04-27,0.0,4.4
2004-04-28,5.1,3.6
2004-04-29,4.8,3.8
2004-04-30,0.0,4.0
2004-05-01,0.0,5.2
2004-05-02,0.0,4.2
2004-05-03,0.0,5.0
2004-05-04,0.0,4.4
2004-05-05,0.0,6.0
2004-05-06,0.0,5.4
2004-05-07,0.0,5.6
2004-05-08,0.0,5.8
2004-05-09,0.0,6.2
2004-05-10,0.0,5.8
2004-05-11,0.0,3.8
2004-05-12,0.0,4.2
2004-05-13,0.0,4.4
2004-05-14,0.0,2.8
2004-05-15,0.0,4.4
2004-05-16,0.0,4.4
2004-05-17,0.0,6.6
2004-05-18,0.0,2.8
2004-05-19,0.2,4.6
2004-05-20,0.0,3.8
2004-05-21,0.0,5.2
2004-05-22,0.7,4.2
2004-05-23,5.7,4.0
2004-05-24,12.9,2.4
2004-05-25,12.7,1.8
2004-05-26,0.1,3.8
2004-05-27,0.0,3.2
2004-05-28,0.0,3.0
2004-05-29,0.0,3.2
2004-05-30,0.0,2.2
2004-05-31,0.0,4.0
2004-06-01,0.2,1.6
2004-06-02,1.5,0.4
2004-06-03,10.6,2.0
2004-06-04,0.0,2.6
2004-06-05,0.0,2.2
2004-06-06,0.0,2.4
2004-06-07,0.0,2.2
2004-06-08,0.0,2.8
2004-06-09,0.0,3.4
2004-06-10,0.0,3.6
2004-06-11,0.0,2.8
2004-06-12,0.0,3.2
2004-06-13,0.0,4.2
2004-06-14,0.0,3.8
2004-06-15,0.0,3.2
2004-06-16,0.0,3.0
2004-06-17,0.0,2.6
2004-06-18,0.0,3.8
2004-06-19,0.0,3.8
2004-06-20,0.0,2.6
2004-06-21,0.0,2.2
2004-06-22,0.0,2.2
2004-06-23,0.0,3.0
2004-06-24,0.0,3.2
2004-06-25,0.0,3.6
2004-06-26,0.0,3.2
2004-06-27,0.0,3.2
2004-06-28,0.0,3.0
2004-06-29,0.0,3.4
2004-06-30,0.0,3.6
2004-07-01,0.0,3.0
2004-07-02,0.0,3.6
2004-07-03,0.0,4.8
2004-07-04,0.0,3.6
2004-07-05,0.0,3.0
2004-07-06,0.0,3.0
2004-07-07,0.0,2.6
2004-07-08,0.0,3.2
2004-07-09,0.6,3.4
2004-07-10,0.0,2.8
2004-07-11,0.6,4.2
2004-07-12,0.0,3.6
2004-07-13,0.0,3.2
2004-07-14,0.0,3.0
2004-07-15,0.0,3.2
2004-07-16,0.0,2.8
2004-07-17,0.0,4.4
2004-07-18,0.0,4.4
2004-07-19,0.0,3.2
2004-07-20,0.0,3.2
2004-07-21,0.0,3.4
2004-07-22,0.0,4.0
2004-07-23,0.0,4.8
2004-07-24,0.0,3.0
2004-07-25,1.0,5.8
2004-07-26,0.0,3.6
2004-07-27,0.4,2.4
2004-07-28,0.0,2.8
2004-07-29,0.0,3.2
2004-07-30,0.0,3.6
2004-07-31,0.0,4.2
2004-08-01,0.0,4.2
2004-08-02,0.0,5.0
2004-08-03,0.0,5.4
2004-08-04,0.0,4.0
2004-08-05,0.0,3.2
2004-08-06,0.0,3.2
2004-08-07,0.0,3.4
2004-08-08,0.0,3.6
2004-08-09,0.0,3.4
2004-08-10,0.0,3.8
2004-08-11,0.0,3.6
2004-08-12,0.0,7.2
2004-08-13,0.0,8.4
2004-08-14,0.0,5.2
2004-08-15,0.0,4.2
2004-08-16,0.0,4.4
2004-08-17,0.0,4.2
2004-08-18,0.0,3.6
2004-08-19,0.0,4.2
2004-08-20,0.0,4.4
2004-08-21,0.0,6.0
2004-08-22,0.0,5.6
2004-08-23,0.0,5.4
2004-08-24,0.0,8.6
2004-08-25,0.0,8.0
2004-08-26,0.0,7.6
2004-08-27,0.0,7.4
2004-08-28,0.0,4.4
2004-08-29,0.0,6.6
2004-08-30,14.9,4.0
2004-08-31,0.0,3.2
2004-09-01,0.6,4.2
2004-09-02,0.0,5.0
2004-09-03,0.0,5.2
2004-09-04,0.0,4.2
2004-09-05,0.0,5.0
2004-09-06,0.0,5.2
2004-09-07,0.0,5.8
2004-09-08,0.0,5.8
2004-09-09,0.0,5.4
2004-09-10,0.0,4.4
2004-09-11,0.0,6.8
2004-09-12,0.0,5.6
2004-09-13,0.0,6.4
2004-09-14,0.0,6.0
2004-09-15,0.0,5.4
2004-09-16,0.0,7.4
2004-09-17,0.0,7.6
2004-09-18,0.0,7.8
2004-09-19,0.0,7.0
2004-09-20,0.0,7.8
2004-09-21,0.0,10.8
2004-09-22,0.0,10.0
2004-09-23,0.0,9.4
2004-09-24,0.0,7.6
2004-09-25,0.0,7.6
2004-09-26,0.0,9.8
2004-09-27,0.0,10.4
2004-09-28,0.0,10.4
2004-09-29,2.5,4.4
2004-09-30,5.4,3.6
2004-10-01,1.2,5.0
2004-10-02,0.0,7.2
2004-10-03,0.0,6.8
2004-10-04,0.0,7.2
2004-10-05,0.0,10.6
2004-10-06,0.0,12.6
2004-10-07,0.0,18.0
2004-10-08,0.0,9.8
2004-10-09,0.0,10.0
2004-10-10,0.0,9.0
2004-10-11,0.0,10.0
2004-10-12,0.0,15.0
2004-10-13,0.0,13.8
2004-10-14,0.0,12.8
2004-10-15,0.0,13.4
2004-10-16,0.0,8.6
2004-10-17,0.0,8.8
2004-10-18,0.0,11.2
2004-10-19,0.0,10.8
2004-10-20,0.0,8.2
2004-10-21,0.0,12.0
2004-10-22,0.0,11.0
2004-10-23,0.2,11.4
2004-10-24,0.0,10.2
2004-10-25,0.0,10.0
2004-10-26,0.0,12.0
2004-10-27,0.0,13.6
2004-10-28,0.0,9.8
2004-10-29,0.0,10.0
2004-10-30,0.0,10.6
2004-10-31,0.0,9.4
2004-11-01,0.0,13.2
2004-11-02,0.0,10.6
2004-11-03,0.0,10.2
2004-11-04,0.2,7.4
2004-11-05,7.6,8.2
2004-11-06,0.0,9.4
2004-11-07,0.0,9.4
2004-11-08,0.0,9.6
2004-11-09,0.0,8.8
2004-11-10,0.0,15.4
2004-11-11,0.7,9.8
2004-11-12,0.0,13.6
2004-11-13,0.0,13.0
2004-11-14,0.0,8.0
2004-11-15,0.0,11.2
2004-11-16,0.0,12.8
2004-11-17,0.0,12.8
2004-11-18,0.0,15.2
2004-11-19,4.3,11.2
2004-11-20,0.1,13.0
2004-11-21,0.0,14.2
2004-11-22,0.0,15.0
2004-11-23,0.0,13.8
2004-11-24,0.0,12.0
2004-11-25,0.0,14.2
2004-11-26,0.0,14.0
2004-11-27,0.0,13.8
2004-11-28,0.0,14.8
2004-11-29,0.0,14.4
2004-11-30,0.0,19.2
2004-12-01,0.0,12.8
2004-12-02,0.0,14.8
2004-12-03,0.0,11.2
2004-12-04,0.0,12.2
2004-12-05,0.0,13.8
2004-12-06,0.0,19.2
2004-12-07,0.0,12.6
2004-12-08,0.0,5.4
2004-12-09,0.0,9.2
2004-12-10,0.0,11.8
2004-12-11,0.0,12.8
2004-12-12,0.0,16.0
2004-12-13,0.0,14.6
2004-12-14,0.0,13.6
2004-12-15,0.0,15.8
2004-12-16,0.0,14.0
2004-12-17,0.0,16.8
2004-12-18,0.0,17.4
2004-12-19,0.0,17.8
2004-12-20,0.0,14.8
2004-12-21,0.0,10.4
2004-12-22,0.0,13.4
2004-12-23,0.0,14.8
2004-12-24,0.0,12.6
2004-12-25,0.0,16.6
2004-12-26,0.0,15.2
2004-12-27,0.0,18.0
2004-12-28,0.0,16.2
2004-12-29,0.0,14.2
2004-12-30,0.0,12.0
2004-12-31,0.0,14.4
2005-01-01,0.0,15.4
2005-01-02,0.0,12.0
2005-01-03,0.0,13.0
2005-01-04,0.0,11.0
2005-01-05,0.0,12.0
2005-01-06,0.0,14.6
2005-01-07,0.0,16.6
2005-01-08,0.0,16.0
2005-01-09,0.0,14.6
2005-01-10,0.0,16.2
2005-01-11,0.0,16.0
2005-01-12,0.0,15.8
2005-01-13,0.0,18.0
2005-01-14,0.0,17.4
2005-01-15,0.0,15.2
2005-01-16,0.0,17.0
2005-01-17,0.0,13.8
2005-01-18,0.0,11.8
2005-01-19,0.0,16.2
2005-01-20,0.0,14.2
2005-01-21,0.0,14.6
2005-01-22,0.0,16.2
2005-01-23,0.0,15.8
2005-01-24,0.0,15.6
2005-01-25,0.0,13.6
2005-01-26,0.0,14.2
2005-01-27,0.0,11.6
2005-01-28,0.0,13.2
2005-01-29,0.0,14.2
2005-01-30,0.0,14.6
2005-01-31,0.0,13.0
2005-02-01,0.0,19.2
2005-02-02,0.0,14.2
2005-02-03,0.0,11.0
2005-02-04,0.0,8.6
2005-02-05,0.0,10.4
2005-02-06,0.0,11.4
2005-02-07,0.0,14.0
2005-02-08,0.0,18.2
2005-02-09,0.0,13.4
2005-02-10,0.0,12.6
2005-02-11,0.0,14.0
2005-02-12,0.0,14.2
2005-02-13,0.0,12.8
2005-02-14,0.0,12.2
2005-02-15,0.0,13.2
2005-02-16,0.0,16.0
2005-02-17,0.0,12.2
2005-02-18,0.0,13.4
2005-02-19,0.0,12.8
2005-02-20,0.0,10.4
2005-02-21,0.0,11.6
2005-02-22,0.0,12.4
2005-02-23,0.0,13.0
2005-02-24,0.0,14.2
2005-02-25,0.0,14.2
2005-02-26,0.0,14.6
2005-02-27,0.0,14.0
2005-02-28,0.0,14.6
2005-03-01,0.0,15.8
2005-03-02,0.0,17.4
2005-03-03,0.0,13.0
2005-03-04,0.0,13.8
2005-03-05,0.0,13.6
2005-03-06,0.0,11.6
2005-03-07,0.0,12.2
2005-03-08,0.0,11.6
2005-03-09,0.0,12.0
2005-03-10,0.0,12.4
2005-03-11,0.0,10.2
2005-03-12,0.0,13.4
2005-03-13,0.0,10.8
2005-03-14,0.0,13.4
2005-03-15,0.0,14.0
2005-03-16,0.0,10.0
2005-03-17,0.0,11.2
2005-03-18,0.0,10.0
2005-03-19,0.0,10.4
2005-03-20,0.0,11.4
2005-03-21,0.0,11.8
2005-03-22,0.0,12.4
2005-03-23,0.0,11.0
2005-03-24,0.0,10.6
2005-03-25,0.0,11.0
2005-03-26,0.0,8.0
2005-03-27,0.0,9.8
2005-03-28,0.0,9.0
2005-03-29,0.0,12.2
2005-03-30,0.0,11.8
2005-03-31,0.0,12.2
2005-04-01,0.0,12.8
2005-04-02,0.0,14.6
2005-04-03,0.0,12.8
2005-04-04,0.0,12.6
2005-04-05,0.0,10.8
2005-04-06,0.0,10.4
2005-04-07,0.0,11.0
2005-04-08,0.0,10.2
2005-04-09,0.0,9.8
2005-04-10,0.0,9.6
2005-04-11,0.0,10.2
2005-04-12,0.0,10.4
2005-04-13,0.0,10.2
2005-04-14,0.1,8.6
2005-04-15,0.0,8.2
2005-04-16,0.0,6.8
2005-04-17,0.0,8.8
2005-04-18,0.0,8.4
2005-04-19,0.0,11.0
2005-04-20,0.0,8.4
2005-04-21,0.0,8.4
2005-04-22,0.0,8.0
2005-04-23,0.0,7.8
2005-04-24,0.0,7.4
2005-04-25,0.0,8.8
2005-04-26,0.0,8.0
2005-04-27,0.0,10.6
2005-04-28,0.0,7.8
2005-04-29,0.0,7.4
2005-04-30,0.0,6.6
2005-05-01,0.0,6.6
2005-05-02,0.0,7.2
2005-05-03,0.0,6.4
2005-05-04,0.0,6.6
2005-05-05,0.0,6.4
2005-05-06,0.0,7.6
2005-05-07,0.0,7.2
2005-05-08,0.0,5.4
2005-05-09,0.0,7.4
2005-05-10,0.0,5.6
2005-05-11,0.0,5.0
2005-05-12,0.0,4.8
2005-05-13,0.0,5.8
2005-05-14,0.0,3.8
2005-05-15,0.0,4.6
2005-05-16,0.0,5.2
2005-05-17,0.0,6.0
2005-05-18,0.0,4.4
2005-05-19,0.0,4.0
2005-05-20,0.0,4.6
2005-05-21,0.0,5.0
2005-05-22,0.0,4.2
2005-05-23,0.0,5.8
2005-05-24,0.0,6.8
2005-05-25,0.0,5.4
2005-05-26,0.0,5.0
2005-05-27,0.0,4.4
2005-05-28,0.0,3.8
2005-05-29,0.0,4.0
2005-05-30,0.0,4.2
2005-05-31,0.0,4.4
2005-06-01,0.0,3.4
2005-06-02,0.0,3.4
2005-06-03,0.0,3.2
2005-06-04,0.0,3.8
2005-06-05,0.0,3.6
2005-06-06,0.0,4.8
2005-06-07,0.0,5.8
2005-06-08,0.0,5.0
2005-06-09,0.4,5.2
2005-06-10,0.0,5.0
2005-06-11,20.0,1.8
2005-06-12,0.1,2.6
2005-06-13,0.0,3.6
2005-06-14,0.0,3.0
2005-06-15,0.0,3.0
2005-06-16,0.0,2.8
2005-06-17,0.0,2.8
2005-06-18,0.0,2.4
2005-06-19,13.2,1.6
2005-06-20,0.0,3.4
2005-06-21,0.0,3.4
2005-06-22,0.0,4.2
2005-06-23,0.0,2.4
2005-06-24,0.0,2.6
2005-06-25,0.0,2.4
2005-06-26,0.0,2.0
2005-06-27,0.0,2.8
2005-06-28,0.0,3.6
2005-06-29,0.1,2.0
2005-06-30,0.0,2.0
2005-07-01,0.0,3.2
2005-07-02,0.0,2.4
2005-07-03,0.0,2.8
2005-07-04,0.0,3.2
2005-07-05,0.0,3.8
2005-07-06,0.0,2.8
2005-07-07,0.0,3.8
2005-07-08,11.8,2.0
2005-07-09,1.0,3.2
2005-07-10,0.0,3.0
2005-07-11,0.0,2.4
2005-07-12,0.0,1.6
2005-07-13,0.4,1.6
2005-07-14,0.0,3.4
2005-07-15,0.0,1.8
2005-07-16,0.0,2.8
2005-07-17,0.0,3.0
2005-07-18,0.0,3.6
2005-07-19,0.0,4.4
2005-07-20,0.0,3.6
2005-07-21,0.0,5.4
2005-07-22,0.0,4.2
2005-07-23,0.0,4.2
2005-07-24,0.0,4.2
2005-07-25,0.0,3.4
2005-07-26,0.0,4.0
2005-07-27,0.0,2.8
2005-07-28,0.0,3.6
2005-07-29,0.0,3.8
2005-07-30,0.0,4.0
2005-07-31,0.0,4.6
2005-08-01,0.1,3.4
2005-08-02,0.1,3.6
2005-08-03,0.1,4.2
2005-08-04,0.2,4.8
2005-08-05,0.0,3.0
2005-08-06,0.0,3.2
2005-08-07,0.0,3.6
2005-08-08,0.0,4.2
2005-08-09,0.0,4.4
2005-08-10,0.0,4.2
2005-08-11,0.0,3.6
2005-08-12,0.0,2.8
2005-08-13,0.0,4.6
2005-08-14,0.0,6.0
2005-08-15,0.0,4.4
2005-08-16,0.0,5.0
2005-08-17,0.0,6.4
2005-08-18,0.0,9.4
2005-08-19,0.0,8.0
2005-08-20,0.0,3.4
2005-08-21,0.0,4.0
2005-08-22,0.0,4.4
2005-08-23,0.0,5.0
2005-08-24,0.0,4.8
2005-08-25,0.0,6.0
2005-08-26,0.0,6.8
2005-08-27,0.0,7.2
2005-08-28,0.0,7.2
2005-08-29,0.0,11.0
2005-08-30,0.0,10.8
2005-08-31,0.6,8.2
2005-09-01,0.0,6.4
2005-09-02,0.0,6.2
2005-09-03,0.0,6.8
2005-09-04,2.4,4.2
2005-09-05,0.0,5.0
2005-09-06,0.0,6.8
2005-09-07,0.0,7.8
2005-09-08,0.0,10.0
2005-09-09,0.1,8.4
2005-09-10,0.0,8.2
2005-09-11,0.0,5.6
2005-09-12,0.0,4.8
2005-09-13,0.0,4.8
2005-09-14,0.0,6.0
2005-09-15,0.0,7.0
2005-09-16,3.4,4.2
2005-09-17,1.4,4.2
2005-09-18,0.0,6.0
2005-09-19,0.0,6.2
2005-09-20,0.0,7.2
2005-09-21,0.0,9.2
2005-09-22,0.0,7.6
2005-09-23,0.0,7.0
2005-09-24,0.0,9.2
2005-09-25,0.0,8.4
2005-09-26,0.0,7.6
2005-09-27,0.0,8.0
2005-09-28,0.0,14.0
2005-09-29,0.0,8.2
2005-09-30,0.0,8.4
2005-10-01,0.0,10.2
2005-10-02,0.0,10.6
2005-10-03,0.0,8.8
2005-10-04,0.0,11.6
2005-10-05,0.0,13.6
2005-10-06,0.0,11.4
2005-10-07,0.0,13.2
2005-10-08,0.0,8.0
2005-10-09,0.0,6.8
2005-10-10,0.0,8.6
2005-10-11,0.0,8.2
2005-10-12,0.7,9.6
2005-10-13,0.0,9.2
2005-10-14,0.0,7.8
2005-10-15,0.5,7.6
2005-10-16,0.0,8.4
2005-10-17,0.0,7.8
2005-10-18,0.1,7.2
2005-10-19,6.3,6.8
2005-10-20,0.0,9.4
2005-10-21,0.0,11.0
2005-10-22,0.0,10.8
2005-10-23,0.0,12.2
2005-10-24,0.0,10.4
2005-10-25,0.0,14.0
2005-10-26,0.0,13.0
2005-10-27,0.0,12.2
2005-10-28,0.0,12.4
2005-10-29,0.0,9.4
2005-10-30,3.0,7.2
2005-10-31,0.0,9.8
2005-11-01,0.0,12.0
2005-11-02,0.0,16.8
2005-11-03,0.0,5.6
2005-11-04,0.0,9.4
2005-11-05,0.3,9.8
2005-11-06,2.8,9.6
2005-11-07,2.5,8.6
2005-11-08,0.0,12.2
2005-11-09,0.0,15.4
2005-11-10,0.0,11.6
2005-11-11,0.0,10.8
2005-11-12,0.0,11.4
2005-11-13,0.0,11.6
2005-11-14,0.0,12.8
2005-11-15,0.0,17.2
2005-11-16,0.0,13.4
2005-11-17,0.0,14.0
2005-11-18,0.0,14.2
2005-11-19,0.0,14.0
2005-11-20,0.0,11.6
2005-11-21,0.0,13.6
2005-11-22,0.0,14.0
2005-11-23,0.0,15.0
2005-11-24,0.0,14.0
2005-11-25,0.0,14.2
2005-11-26,0.0,16.6
2005-11-27,0.0,13.6
2005-11-28,0.0,14.4
2005-11-29,0.0,11.4
2005-11-30,0.0,11.6
2005-12-01,0.0,11.8
2005-12-02,0.0,12.0
2005-12-03,0.0,11.6
2005-12-04,0.0,13.4
2005-12-05,0.0,16.0
2005-12-06,0.0,14.6
2005-12-07,0.0,15.4
2005-12-08,0.0,13.4
2005-12-09,0.0,18.2
2005-12-10,0.0,12.4
2005-12-11,0.0,16.8
2005-12-12,0.0,14.0
2005-12-13,0.0,11.0
2005-12-14,0.0,13.6
2005-12-15,0.0,14.8
2005-12-16,0.0,14.4
2005-12-17,0.0,17.4
2005-12-18,0.0,13.0
2005-12-19,0.0,15.0
2005-12-20,0.0,15.8
2005-12-21,0.0,16.2
2005-12-22,0.0,15.6
2005-12-23,0.0,22.4
2005-12-24,0.0,18.2
2005-12-25,0.0,15.0
2005-12-26,0.0,13.0
2005-12-27,0.0,18.4
2005-12-28,0.0,14.4
2005-12-29,0.0,12.6
2005-12-30,0.5,16.8
2005-12-31,0.0,21.2
